{
    "400": {
        "0.01": 1.2979815737965086,
        "0.02": 1.1885075081251195,
        "0.03": 1.122059005749107,
        "0.04": 1.0733513491012665,
        "0.05": 1.034410936613675,
        "0.060000000000000005": 1.0016695136615776,
        "0.06999999999999999": 0.9732162736219203,
        "0.08": 0.9479067672212275,
        "0.09": 0.9250005463369284,
        "0.09999999999999999": 0.9039906160671344,
        "0.11": 0.8845144044072122,
        "0.12": 0.8663035306338583,
        "0.13": 0.8491536915192058,
        "0.14": 0.8329057055197421,
        "0.15000000000000002": 0.8174330918780156,
        "0.16": 0.8026336533202091,
        "0.17": 0.788423606286779,
        "0.18000000000000002": 0.7747333855074712,
        "0.19": 0.7615045802448851,
        "0.2": 0.7486876543376677,
        "0.21000000000000002": 0.7362402209229318,
        "0.22": 0.7241257172724943,
        "0.23": 0.7123123732260873,
        "0.24000000000000002": 0.7007723984011953,
        "0.25": 0.6894813347109844,
        "0.26": 0.6784175353795108,
        "0.27": 0.6675617418798845,
        "0.28": 0.6568967374825508,
        "0.29000000000000004": 0.6464070613263346,
        "0.3": 0.6360787707350113,
        "0.31": 0.625899242314274,
        "0.32": 0.6158570044629083,
        "0.33": 0.6059415955150622,
        "0.34": 0.5961434429361402,
        "0.35000000000000003": 0.5864537599213958,
        "0.36000000000000004": 0.5768644564644263,
        "0.37": 0.567368062523767,
        "0.38": 0.5579576613573731,
        "0.39": 0.5486268314447234,
        "0.4": 0.5393695956955638,
        "0.41000000000000003": 0.5301803768684893,
        "0.42000000000000004": 0.5210539583036317,
        "0.43": 0.5119854492207927,
        "0.44": 0.5029702539544324,
        "0.45": 0.4940040445954442,
        "0.46": 0.4850827365909151,
        "0.47000000000000003": 0.4762024669203503,
        "0.48000000000000004": 0.4673595745228483,
        "0.49": 0.4585505826964665,
        "0.5": 0.4497721832302677,
        "0.51": 0.4410212220625498,
        "0.52": 0.4322946862866747,
        "0.53": 0.42358969234957294,
        "0.54": 0.4149034753081278,
        "0.55": 0.40623337902582296,
        "0.56": 0.39757684720673897,
        "0.5700000000000001": 0.3889314151766072,
        "0.5800000000000001": 0.38029470233149976,
        "0.59": 0.3716644051841106,
        "0.6": 0.3630382909456997,
        "0.61": 0.3544141915888212,
        "0.62": 0.34578999834206325,
        "0.63": 0.3371636565733799,
        "0.64": 0.328533161023238,
        "0.65": 0.31989655135289136,
        "0.66": 0.3112519079766509,
        "0.67": 0.3025973481501721,
        "0.68": 0.2939310222895235,
        "0.6900000000000001": 0.28525111049824037,
        "0.7000000000000001": 0.2765558192816997,
        "0.7100000000000001": 0.2678433784300469,
        "0.72": 0.2591120380525681,
        "0.73": 0.2503600657478866,
        "0.74": 0.2415857438956493,
        "0.75": 0.23278736705654057,
        "0.76": 0.2239632394684599,
        "0.77": 0.21511167262761433,
        "0.78": 0.2062309829440593,
        "0.79": 0.1973194894619214,
        "0.8": 0.18837551163514718,
        "0.81": 0.17939736715015647,
        "0.8200000000000001": 0.17038336978724086,
        "0.8300000000000001": 0.1613318273129472,
        "0.8400000000000001": 0.15224103939602837,
        "0.85": 0.14310929553982613,
        "0.86": 0.1339348730241906,
        "0.87": 0.12471603485023033,
        "0.88": 0.11545102768132759,
        "0.89": 0.10613807977396111,
        "0.9": 0.09677539889194162,
        "0.91": 0.08736117019768043,
        "0.92": 0.07789355411411489,
        "0.93": 0.06837068415084248,
        "0.9400000000000001": 0.05879066468794561,
        "0.9500000000000001": 0.049151568710843585,
        "0.9600000000000001": 0.039451435489373514,
        "0.97": 0.029688268194058627,
        "0.98": 0.019860031442326086,
        "0.99": 0.009964648767113548,
        "1.0": 0.0
    },
    "1600": {
        "0.01": 1.2979815737965086,
        "0.02": 1.1885075081251197,
        "0.03": 1.122059005749107,
        "0.04": 1.0733513491012667,
        "0.05": 1.034410936613675,
        "0.060000000000000005": 1.0016695136615776,
        "0.06999999999999999": 0.9732162736219203,
        "0.08": 0.9479067672212275,
        "0.09": 0.9250005463369284,
        "0.09999999999999999": 0.9039906160671342,
        "0.11": 0.8845144044072122,
        "0.12": 0.8663035306338586,
        "0.13": 0.8491536915192058,
        "0.14": 0.8329057055197421,
        "0.15000000000000002": 0.8174330918780158,
        "0.16": 0.8026336533202091,
        "0.17": 0.788423606286779,
        "0.18000000000000002": 0.7747333855074714,
        "0.19": 0.7615045802448851,
        "0.2": 0.7486876543376678,
        "0.21000000000000002": 0.7362402209229321,
        "0.22": 0.7241257172724943,
        "0.23": 0.7123123732260873,
        "0.24000000000000002": 0.7007723984011953,
        "0.25": 0.6894813347109845,
        "0.26": 0.6784175353795108,
        "0.27": 0.6675617418798846,
        "0.28": 0.6568967374825508,
        "0.29000000000000004": 0.6464070613263347,
        "0.3": 0.6360787707350114,
        "0.31": 0.625899242314274,
        "0.32": 0.6158570044629084,
        "0.33": 0.6059415955150622,
        "0.34": 0.5961434429361402,
        "0.35000000000000003": 0.5864537599213959,
        "0.36000000000000004": 0.5768644564644263,
        "0.37": 0.5673680625237673,
        "0.38": 0.5579576613573731,
        "0.39": 0.5486268314447234,
        "0.4": 0.539369595695564,
        "0.41000000000000003": 0.5301803768684895,
        "0.42000000000000004": 0.5210539583036317,
        "0.43": 0.5119854492207927,
        "0.44": 0.5029702539544324,
        "0.45": 0.4940040445954444,
        "0.46": 0.4850827365909151,
        "0.47000000000000003": 0.4762024669203503,
        "0.48000000000000004": 0.4673595745228483,
        "0.49": 0.4585505826964665,
        "0.5": 0.4497721832302677,
        "0.51": 0.4410212220625499,
        "0.52": 0.4322946862866747,
        "0.53": 0.42358969234957294,
        "0.54": 0.4149034753081278,
        "0.55": 0.40623337902582296,
        "0.56": 0.39757684720673897,
        "0.5700000000000001": 0.3889314151766072,
        "0.5800000000000001": 0.3802947023314999,
        "0.59": 0.3716644051841106,
        "0.6": 0.3630382909456997,
        "0.61": 0.3544141915888212,
        "0.62": 0.3457899983420634,
        "0.63": 0.3371636565733799,
        "0.64": 0.328533161023238,
        "0.65": 0.3198965513528915,
        "0.66": 0.3112519079766511,
        "0.67": 0.30259734815017225,
        "0.68": 0.2939310222895235,
        "0.6900000000000001": 0.28525111049824037,
        "0.7000000000000001": 0.2765558192816997,
        "0.7100000000000001": 0.2678433784300469,
        "0.72": 0.25911203805256827,
        "0.73": 0.2503600657478868,
        "0.74": 0.2415857438956493,
        "0.75": 0.23278736705654057,
        "0.76": 0.2239632394684599,
        "0.77": 0.21511167262761433,
        "0.78": 0.2062309829440593,
        "0.79": 0.1973194894619214,
        "0.8": 0.18837551163514718,
        "0.81": 0.17939736715015647,
        "0.8200000000000001": 0.17038336978724086,
        "0.8300000000000001": 0.1613318273129472,
        "0.8400000000000001": 0.15224103939602837,
        "0.85": 0.14310929553982613,
        "0.86": 0.1339348730241908,
        "0.87": 0.12471603485023033,
        "0.88": 0.11545102768132759,
        "0.89": 0.10613807977396131,
        "0.9": 0.09677539889194162,
        "0.91": 0.08736117019768043,
        "0.92": 0.07789355411411489,
        "0.93": 0.06837068415084269,
        "0.9400000000000001": 0.05879066468794561,
        "0.9500000000000001": 0.049151568710843585,
        "0.9600000000000001": 0.039451435489373514,
        "0.97": 0.029688268194058627,
        "0.98": 0.019860031442326086,
        "0.99": 0.009964648767113548,
        "1.0": 0.0
    },