{
    "0.1": {
        "1.2": 0.00037640543520907127,
        "1.8": 0.0003329687461587225,
        "2.5": 0.00024329149821615626
    },
    "0.2": {
        "1.2": 0.00034691649963353947,
        "1.8": 0.00028244211874963517,
        "2.5": 0.00020307374788132174
    },
    "0.3": {
        "1.2": 0.0003305574970885579,
        "1.8": 0.0002576553021890551,
        "2.5": 0.00018344026743539956
    },
    "0.4": {
        "1.2": 0.00032010027941300047,
        "1.8": 0.00024254641561333997,
        "2.5": 0.00017152200121601152
    },
    "0.5": {
        "1.2": 0.0003130447829675345,
        "1.8": 0.0002325000956917241,
        "2.5": 0.00016360366789129981
    },
    "0.6": {
        "1.2": 0.0003082313260328621,
        "1.8": 0.00022559362152736392,
        "2.5": 0.00015815350132806236
    },
    "0.7": {
        "1.2": 0.00030502653885395984,
        "1.8": 0.00022086797465376495,
        "2.5": 0.0001544121820219018
    },
    "0.8": {
        "1.2": 0.0003030411067034744,
        "1.8": 0.00021779444706699223,
        "2.5": 0.00015196571202234142
    },
    "0.9": {
        "1.2": 0.0003020064994730365,
        "1.8": 0.00021606818356758456,
        "2.5": 0.0001505810589299787
    }
}