{
    "wsd": {
        "best_eta": 0.23357214690901212,
        "min_risk": 0.0033660761020693738
    },
    "constant": {
        "best_eta": 0.23357214690901212,
        "min_risk": 0.006203133707833046
    },
    "linear": {
        "best_eta": 0.3792690190732246,
        "min_risk": 0.005688951712944472
    }
}