{
    "wsd": {
        "best_eta": 0.23357214690901212,
        "min_risk": 0.0009693186132143527
    },
    "constant": {
        "best_eta": 0.14384498882876628,
        "min_risk": 0.0024645183479392865
    },
    "linear": {
        "best_eta": 0.3792690190732246,
        "min_risk": 0.0006529197330198415
    }
}