{
    "wsd": {
        "best_eta": 0.3792690190732246,
        "min_risk": 0.0007049627136049576
    },
    "constant": {
        "best_eta": 0.23357214690901212,
        "min_risk": 0.0019003559550230622
    },
    "linear": {
        "best_eta": 0.615848211066026,
        "min_risk": 0.0004234006462549501
    }
}