{
    "wsd": {
        "best_eta": 0.5825136712468927,
        "min_risk": 0.0107623229587641
    },
    "constant": {
        "best_eta": 0.20235896477251575,
        "min_risk": 0.01744032568194384
    },
    "linear": {
        "best_eta": 0.5825136712468927,
        "min_risk": 0.012743445523254661
    }
}