{
    "wsd": {
        "best_eta": 1.0,
        "min_risk": 0.003047205060548701
    },
    "constant": {
        "best_eta": 1.0,
        "min_risk": 0.009181741434499487
    },
    "linear": {
        "best_eta": 1.0,
        "min_risk": 0.010913685699605616
    }
}