{
    "wsd": {
        "best_eta": 0.03359818286283781,
        "min_risk": 0.0001839591986944244
    },
    "constant": {
        "best_eta": 0.03359818286283781,
        "min_risk": 0.0003068912638422895
    },
    "linear": {
        "best_eta": 0.08858667904100823,
        "min_risk": 0.00011889606118710854
    }
}