{
    "wsd": {
        "best_eta": 0.25001103826179305,
        "min_risk": 0.02209434438641294
    },
    "constant": {
        "best_eta": 0.20235896477251575,
        "min_risk": 0.02788110952362098
    },
    "linear": {
        "best_eta": 0.3088843596477482,
        "min_risk": 0.05074168528955961
    }
}