{
    "wsd": {
        "best_eta": 0.05455594781168514,
        "min_risk": 0.000707329824282427
    },
    "constant": {
        "best_eta": 0.05455594781168514,
        "min_risk": 0.0011078153125251107
    },
    "linear": {
        "best_eta": 0.14384498882876628,
        "min_risk": 0.000401327433505176
    }
}