{
    "constant": {
        "best_eta": 0.47148663634573945,
        "min_risk": 3.584756150493109e-09
    }
}