{
    "wsd": {
        "best_eta": 0.05689866029018299,
        "min_risk": 0.00020467745881271615
    },
    "constant": {
        "best_eta": 0.04605378255822417,
        "min_risk": 0.0003982824207708976
    },
    "linear": {
        "best_eta": 0.10730309405261565,
        "min_risk": 0.00012754157641114338
    }
}