{
    "wsd": {
        "best_eta": 0.23357214690901212,
        "min_risk": 0.0010138757287741621
    },
    "constant": {
        "best_eta": 0.14384498882876628,
        "min_risk": 0.0021683518577094076
    },
    "linear": {
        "best_eta": 0.3792690190732246,
        "min_risk": 0.0006205772720124534
    }
}