{
    "wsd": {
        "best_eta": 0.3088843596477482,
        "min_risk": 0.03485013121667863
    },
    "constant": {
        "best_eta": 0.25001103826179305,
        "min_risk": 0.0564969155176779
    },
    "linear": {
        "best_eta": 0.3816213407949357,
        "min_risk": 0.064270154156663
    }
}