{
    "wsd": {
        "best_eta": 0.3792690190732246,
        "min_risk": 0.024841502035312314
    },
    "constant": {
        "best_eta": 0.3792690190732246,
        "min_risk": 0.04123906010659894
    },
    "linear": {
        "best_eta": 0.615848211066026,
        "min_risk": 0.04004003269303301
    }
}