{
    "wsd": {
        "best_eta": 0.5825136712468927,
        "min_risk": 0.0009076908633544791
    },
    "constant": {
        "best_eta": 0.3088843596477482,
        "min_risk": 0.00396842846962251
    },
    "linear": {
        "best_eta": 0.5825136712468927,
        "min_risk": 0.0020020640902385827
    }
}