{
    "wsd": {
        "best_eta": 0.5825136712468927,
        "min_risk": 0.0006519039353577024
    },
    "constant": {
        "best_eta": 0.3088843596477482,
        "min_risk": 0.0033364184923406516
    },
    "linear": {
        "best_eta": 0.5825136712468927,
        "min_risk": 0.0014380579465700183
    }
}