{
    "wsd": {
        "best_eta": 0.3906939937054613,
        "min_risk": 0.0003846920130397863
    },
    "constant": {
        "best_eta": 0.22229964825261933,
        "min_risk": 0.0017401760672063843
    },
    "linear": {
        "best_eta": 0.5689866029018293,
        "min_risk": 0.0002838939734179458
    }
}