{
    "wsd": {
        "best_eta": 0.07029732115325475,
        "min_risk": 0.0013737106224071167
    },
    "constant": {
        "best_eta": 0.05689866029018299,
        "min_risk": 0.0018701420164115115
    },
    "linear": {
        "best_eta": 0.16378937069540647,
        "min_risk": 0.0009731437258483638
    }
}