{
    "wsd": {
        "best_eta": 0.3088843596477482,
        "min_risk": 0.00033265811327695287
    },
    "constant": {
        "best_eta": 0.20235896477251575,
        "min_risk": 0.0013379456412270913
    },
    "linear": {
        "best_eta": 0.5825136712468927,
        "min_risk": 0.00022855808812943416
    }
}