{
    "wsd": {
        "best_eta": 0.012742749857031334,
        "min_risk": 0.001224818437116388
    },
    "constant": {
        "best_eta": 0.007847599703514606,
        "min_risk": 0.0014906404728183358
    },
    "linear": {
        "best_eta": 0.0206913808111479,
        "min_risk": 0.0007358855222608323
    }
}