{
    "linear": {
        "best_eta": 0.07029732115325475,
        "min_risk": 3.5464730452563844e-05
    }
}