{
    "linear": {
        "best_eta": 0.0029470517025518097,
        "min_risk": 0.0038266600673101583
    }
}