{
    "constant": {
        "best_eta": 0.01294925842205263,
        "min_risk": 0.00013562178600748858
    }
}