{
    "wsd": {
        "best_eta": 0.037275937203149416,
        "min_risk": 0.0006420137620592525
    },
    "constant": {
        "best_eta": 0.030171148105292957,
        "min_risk": 0.0008631771482037914
    },
    "linear": {
        "best_eta": 0.07029732115325475,
        "min_risk": 0.0004487605268272108
    }
}