{
    "constant": {
        "best_eta": 0.006866488450042998,
        "min_risk": 0.001060488110886958
    }
}