{
    "wsd": {
        "best_eta": 0.25001103826179305,
        "min_risk": 0.005357184583821031
    },
    "constant": {
        "best_eta": 0.20235896477251575,
        "min_risk": 0.00682937346508225
    },
    "linear": {
        "best_eta": 0.5825136712468927,
        "min_risk": 0.004536637228542338
    }
}