{
    "wsd": {
        "best_eta": 0.012742749857031334,
        "min_risk": 0.0009691422850191481
    },
    "constant": {
        "best_eta": 0.012742749857031334,
        "min_risk": 0.0015612419141814522
    },
    "linear": {
        "best_eta": 0.03359818286283781,
        "min_risk": 0.0007082782229247128
    }
}