{
    "wsd": {
        "best_eta": 1.0,
        "min_risk": 0.0008681339807932215
    },
    "constant": {
        "best_eta": 0.615848211066026,
        "min_risk": 0.00421676593791792
    },
    "linear": {
        "best_eta": 1.0,
        "min_risk": 0.001862671927568251
    }
}