{
    "wsd": {
        "best_eta": 0.20235896477251575,
        "min_risk": 0.042256208792611674
    },
    "constant": {
        "best_eta": 0.16378937069540647,
        "min_risk": 0.05027668047154992
    },
    "linear": {
        "best_eta": 0.3816213407949357,
        "min_risk": 0.03356648612329899
    }
}