{
    "wsd": {
        "best_eta": 0.23357214690901212,
        "min_risk": 0.00030169273393177863
    },
    "constant": {
        "best_eta": 0.14384498882876628,
        "min_risk": 0.001026158893165552
    },
    "linear": {
        "best_eta": 0.3792690190732246,
        "min_risk": 0.00020101768419250826
    }
}