{
    "wsd": {
        "best_eta": 0.47148663634573945,
        "min_risk": 0.02148845924208705
    },
    "constant": {
        "best_eta": 0.3088843596477482,
        "min_risk": 0.0365928358180599
    },
    "linear": {
        "best_eta": 0.5825136712468927,
        "min_risk": 0.026784177108585355
    }
}