{
    "wsd": {
        "best_eta": 0.012742749857031334,
        "min_risk": 0.0007165878590292678
    },
    "constant": {
        "best_eta": 0.012742749857031334,
        "min_risk": 0.001157368354737849
    },
    "linear": {
        "best_eta": 0.0206913808111479,
        "min_risk": 0.000455335125840212
    }
}