{
    "wsd": {
        "best_eta": 0.23357214690901212,
        "min_risk": 0.0006127387149547588
    },
    "constant": {
        "best_eta": 0.14384498882876628,
        "min_risk": 0.0014904527991050898
    },
    "linear": {
        "best_eta": 0.3792690190732246,
        "min_risk": 0.00038859457894015463
    }
}