{
    "wsd": {
        "best_eta": 0.01294925842205263,
        "min_risk": 0.0001486565845859377
    },
    "constant": {
        "best_eta": 0.010481131341546863,
        "min_risk": 0.00019963052508547994
    },
    "linear": {
        "best_eta": 0.02442053094548652,
        "min_risk": 9.587839336085602e-05
    }
}