{
    "wsd": {
        "best_eta": 0.015998587196060572,
        "min_risk": 2.5208750681133804e-05
    },
    "constant": {
        "best_eta": 0.010985411419875584,
        "min_risk": 6.788145420176997e-05
    },
    "linear": {
        "best_eta": 0.02811768697974228,
        "min_risk": 1.553939650994918e-05
    }
}