{
    "wsd": {
        "best_eta": 0.05689866029018299,
        "min_risk": 0.0010693854411182022
    },
    "constant": {
        "best_eta": 0.04605378255822417,
        "min_risk": 0.001446379300427524
    },
    "linear": {
        "best_eta": 0.13257113655901095,
        "min_risk": 0.0007766264071171317
    }
}