{
    "wsd": {
        "best_eta": 0.008483428982440725,
        "min_risk": 0.0010332227894728583
    },
    "constant": {
        "best_eta": 0.008483428982440725,
        "min_risk": 0.0014165873016449492
    },
    "linear": {
        "best_eta": 0.019765980717016348,
        "min_risk": 0.0006728553836723837
    }
}