{
    "wsd": {
        "best_eta": 0.08685113737513529,
        "min_risk": 0.00019707930407164638
    },
    "constant": {
        "best_eta": 0.07029732115325475,
        "min_risk": 0.0004381593936381389
    },
    "linear": {
        "best_eta": 0.16378937069540647,
        "min_risk": 0.00012655695909313946
    }
}