{
    "wsd": {
        "best_eta": 0.05689866029018299,
        "min_risk": 0.00020707164951467118
    },
    "constant": {
        "best_eta": 0.04605378255822417,
        "min_risk": 0.00040594600065907714
    },
    "linear": {
        "best_eta": 0.10730309405261565,
        "min_risk": 0.00012922047057815228
    }
}