{
    "wsd": {
        "best_eta": 0.03359818286283781,
        "min_risk": 0.000607416862994895
    },
    "constant": {
        "best_eta": 0.0206913808111479,
        "min_risk": 0.0008143333763234106
    },
    "linear": {
        "best_eta": 0.05455594781168514,
        "min_risk": 0.0003468051518326523
    }
}