{
    "constant": {
        "best_eta": 0.13257113655901095,
        "min_risk": 0.0018704291788618596
    }
}