{
    "wsd": {
        "best_eta": 0.14384498882876628,
        "min_risk": 0.00024144944422598464
    },
    "constant": {
        "best_eta": 0.08858667904100823,
        "min_risk": 0.0006879523429549826
    },
    "linear": {
        "best_eta": 0.3792690190732246,
        "min_risk": 0.0001645499899499214
    }
}