{
    "wsd": {
        "best_eta": 0.3792690190732246,
        "min_risk": 0.0012909132204993081
    },
    "constant": {
        "best_eta": 0.23357214690901212,
        "min_risk": 0.0045090724732955514
    },
    "linear": {
        "best_eta": 0.3792690190732246,
        "min_risk": 0.004050901815462911
    }
}