{
    "wsd": {
        "best_eta": 0.012742749857031334,
        "min_risk": 0.001222736099745414
    },
    "constant": {
        "best_eta": 0.007847599703514606,
        "min_risk": 0.00144048904702656
    },
    "linear": {
        "best_eta": 0.0206913808111479,
        "min_risk": 0.0007136558447226953
    }
}