{
    "wsd": {
        "best_eta": 0.20235896477251575,
        "min_risk": 0.00024059458137064868
    },
    "constant": {
        "best_eta": 0.10730309405261565,
        "min_risk": 0.0006958757676448558
    },
    "linear": {
        "best_eta": 0.3816213407949357,
        "min_risk": 0.0001616728181558621
    }
}