{
    "wsd": {
        "best_eta": 0.47148663634573945,
        "min_risk": 0.0004253453448829556
    },
    "constant": {
        "best_eta": 0.25001103826179305,
        "min_risk": 0.0019525561739933053
    },
    "linear": {
        "best_eta": 0.5825136712468927,
        "min_risk": 0.0005229798240167304
    }
}