{
    "wsd": {
        "best_eta": 1.0,
        "min_risk": 0.000799179155510357
    },
    "constant": {
        "best_eta": 0.3792690190732246,
        "min_risk": 0.0035138373872711866
    },
    "linear": {
        "best_eta": 1.0,
        "min_risk": 0.0008529144302504385
    }
}