{
    "wsd": {
        "best_eta": 0.02811768697974228,
        "min_risk": 2.8883508181657292e-05
    },
    "constant": {
        "best_eta": 0.019306977288832496,
        "min_risk": 0.00010481387900446652
    },
    "linear": {
        "best_eta": 0.05963623316594643,
        "min_risk": 1.8130118260319703e-05
    }
}