{
    "wsd": {
        "best_eta": 0.3088843596477482,
        "min_risk": 0.00031940634404265883
    },
    "constant": {
        "best_eta": 0.16378937069540647,
        "min_risk": 0.0011596503424343148
    },
    "linear": {
        "best_eta": 0.5825136712468927,
        "min_risk": 0.00020222473979592497
    }
}