{
    "wsd": {
        "best_eta": 0.615848211066026,
        "min_risk": 0.0007138269507613466
    },
    "constant": {
        "best_eta": 0.3792690190732246,
        "min_risk": 0.0027465633847168864
    },
    "linear": {
        "best_eta": 1.0,
        "min_risk": 0.0004985109088476058
    }
}