{
    "wsd": {
        "best_eta": 0.05455594781168514,
        "min_risk": 0.00019330000781639058
    },
    "constant": {
        "best_eta": 0.05455594781168514,
        "min_risk": 0.0004302063107390124
    },
    "linear": {
        "best_eta": 0.08858667904100823,
        "min_risk": 0.0001350276736896771
    }
}