{
    "linear": {
        "best_eta": 0.01294925842205263,
        "min_risk": 0.0002029078131194277
    }
}