{
    "wsd": {
        "best_eta": 0.02442053094548652,
        "min_risk": 0.007999628257332204
    },
    "constant": {
        "best_eta": 0.019765980717016348,
        "min_risk": 0.007527960363670327
    },
    "linear": {
        "best_eta": 0.037275937203149416,
        "min_risk": 0.03170213583368607
    }
}