{
    "wsd": {
        "best_eta": 0.0206913808111479,
        "min_risk": 0.00044651155345987935
    },
    "constant": {
        "best_eta": 0.0206913808111479,
        "min_risk": 0.000741382915467384
    },
    "linear": {
        "best_eta": 0.03359818286283781,
        "min_risk": 0.0002979512256727076
    }
}