{
    "wsd": {
        "best_eta": 0.25001103826179305,
        "min_risk": 0.00029078064366786345
    },
    "constant": {
        "best_eta": 0.16378937069540647,
        "min_risk": 0.0010531588733663844
    },
    "linear": {
        "best_eta": 0.47148663634573945,
        "min_risk": 0.0001872829068607199
    }
}