{
    "wsd": {
        "best_eta": 0.47148663634573945,
        "min_risk": 0.042586299466620466
    },
    "constant": {
        "best_eta": 0.3088843596477482,
        "min_risk": 0.07194076857725298
    },
    "linear": {
        "best_eta": 0.47148663634573945,
        "min_risk": 0.06122998241177154
    }
}