{
    "wsd": {
        "best_eta": 0.23357214690901212,
        "min_risk": 0.0020761886278997917
    },
    "constant": {
        "best_eta": 0.23357214690901212,
        "min_risk": 0.005044665586133641
    },
    "linear": {
        "best_eta": 0.3792690190732246,
        "min_risk": 0.002870167947475313
    }
}