{
    "wsd": {
        "best_eta": 0.007847599703514606,
        "min_risk": 0.00014131184907806253
    },
    "constant": {
        "best_eta": 0.007847599703514606,
        "min_risk": 0.00020758281957826516
    },
    "linear": {
        "best_eta": 0.0206913808111479,
        "min_risk": 0.00010504757330276053
    }
}