{
    "wsd": {
        "best_eta": 1.0,
        "min_risk": 0.004286639321379489
    },
    "constant": {
        "best_eta": 1.0,
        "min_risk": 0.010002592091187337
    },
    "linear": {
        "best_eta": 1.0,
        "min_risk": 0.0116341934983768
    }
}