{
    "wsd": {
        "best_eta": 0.03359818286283781,
        "min_risk": 0.0010295193137730809
    },
    "constant": {
        "best_eta": 0.03359818286283781,
        "min_risk": 0.001815827194789299
    },
    "linear": {
        "best_eta": 0.08858667904100823,
        "min_risk": 0.0007506062558243618
    }
}