{
    "wsd": {
        "best_eta": 0.3816213407949357,
        "min_risk": 0.009014857197808911
    },
    "constant": {
        "best_eta": 0.25001103826179305,
        "min_risk": 0.010897409389268878
    },
    "linear": {
        "best_eta": 0.7196856730011522,
        "min_risk": 0.008279618955585466
    }
}