{
    "wsd": {
        "best_eta": 0.08858667904100823,
        "min_risk": 0.0006975409093635243
    },
    "constant": {
        "best_eta": 0.08858667904100823,
        "min_risk": 0.0015582517118764168
    },
    "linear": {
        "best_eta": 0.23357214690901212,
        "min_risk": 0.00046606662510958113
    }
}