{
    "wsd": {
        "best_eta": 0.05689866029018299,
        "min_risk": 0.00018651255303621524
    },
    "constant": {
        "best_eta": 0.04605378255822417,
        "min_risk": 0.0003565338476074931
    },
    "linear": {
        "best_eta": 0.10730309405261565,
        "min_risk": 0.00011861554477190383
    }
}