{
    "wsd": {
        "best_eta": 0.10730309405261565,
        "min_risk": 0.002190458979899863
    },
    "constant": {
        "best_eta": 0.08685113737513529,
        "min_risk": 0.0028405952203647295
    },
    "linear": {
        "best_eta": 0.25001103826179305,
        "min_risk": 0.0017397266849463345
    }
}