{
    "wsd": {
        "best_eta": 0.03359818286283781,
        "min_risk": 0.0006072982783382404
    },
    "constant": {
        "best_eta": 0.0206913808111479,
        "min_risk": 0.0008069942335208684
    },
    "linear": {
        "best_eta": 0.05455594781168514,
        "min_risk": 0.00034675993922051227
    }
}