{
    "wsd": {
        "best_eta": 0.3792690190732246,
        "min_risk": 0.008273177463015305
    },
    "constant": {
        "best_eta": 0.3792690190732246,
        "min_risk": 0.01532484247592257
    },
    "linear": {
        "best_eta": 0.615848211066026,
        "min_risk": 0.01013326156653807
    }
}