{
    "wsd": {
        "best_eta": 0.007847599703514606,
        "min_risk": 0.00014250494924655376
    },
    "constant": {
        "best_eta": 0.007847599703514606,
        "min_risk": 0.00020785486421141754
    },
    "linear": {
        "best_eta": 0.0206913808111479,
        "min_risk": 0.00010505180512753873
    }
}