{
    "constant": {
        "best_eta": 0.0036410319493106772,
        "min_risk": 4.2935043888970035e-05
    }
}