{
    "wsd": {
        "best_eta": 0.08858667904100823,
        "min_risk": 0.0005430950927456611
    },
    "constant": {
        "best_eta": 0.08858667904100823,
        "min_risk": 0.0011620829737634376
    },
    "linear": {
        "best_eta": 0.23357214690901212,
        "min_risk": 0.0003842793013551189
    }
}