{
    "wsd": {
        "best_eta": 0.22229964825261933,
        "min_risk": 1.1371908783943485
    },
    "constant": {
        "best_eta": 0.18420699693267145,
        "min_risk": 1.2219595432261876
    },
    "linear": {
        "best_eta": 0.32374575428176433,
        "min_risk": 1.2224270758387266
    }
}