{
    "wsd": {
        "best_eta": 0.14384498882876628,
        "min_risk": 0.0015276021121448128
    },
    "constant": {
        "best_eta": 0.08858667904100823,
        "min_risk": 0.0033217265186143963
    },
    "linear": {
        "best_eta": 0.23357214690901212,
        "min_risk": 0.001366195629448572
    }
}