{
    "wsd": {
        "best_eta": 0.007847599703514606,
        "min_risk": 0.0007017817684927438
    },
    "constant": {
        "best_eta": 0.007847599703514606,
        "min_risk": 0.0009971594485320722
    },
    "linear": {
        "best_eta": 0.0206913808111479,
        "min_risk": 0.0005051007338131693
    }
}