{
    "wsd": {
        "best_eta": 0.3792690190732246,
        "min_risk": 0.003535871689467971
    },
    "constant": {
        "best_eta": 0.23357214690901212,
        "min_risk": 0.009139574076553678
    },
    "linear": {
        "best_eta": 0.3792690190732246,
        "min_risk": 0.010668919460813973
    }
}