{
    "wsd": {
        "best_eta": 0.05689866029018299,
        "min_risk": 0.000201384899947093
    },
    "constant": {
        "best_eta": 0.04605378255822417,
        "min_risk": 0.0003938322607329112
    },
    "linear": {
        "best_eta": 0.13257113655901095,
        "min_risk": 0.00012867292608030435
    }
}