{
    "wsd": {
        "best_eta": 0.3088843596477482,
        "min_risk": 0.00036228558256153173
    },
    "constant": {
        "best_eta": 0.20235896477251575,
        "min_risk": 0.0015254754885522949
    },
    "linear": {
        "best_eta": 0.5825136712468927,
        "min_risk": 0.00023489290652483206
    }
}