{
    "wsd": {
        "best_eta": 0.05689866029018299,
        "min_risk": 0.0009088779259410166
    },
    "constant": {
        "best_eta": 0.04605378255822417,
        "min_risk": 0.001325605068603054
    },
    "linear": {
        "best_eta": 0.10730309405261565,
        "min_risk": 0.0006147252963690148
    }
}