{
    "wsd": {
        "best_eta": 0.14384498882876628,
        "min_risk": 0.0015452802870535365
    },
    "constant": {
        "best_eta": 0.08858667904100823,
        "min_risk": 0.0035706468503277997
    },
    "linear": {
        "best_eta": 0.23357214690901212,
        "min_risk": 0.001384775616068609
    }
}