{
    "wsd": {
        "best_eta": 0.14384498882876628,
        "min_risk": 0.0002618529602596521
    },
    "constant": {
        "best_eta": 0.14384498882876628,
        "min_risk": 0.0007483839620538035
    },
    "linear": {
        "best_eta": 0.3792690190732246,
        "min_risk": 0.00015963909699233956
    }
}