{
    "wsd": {
        "best_eta": 0.3816213407949357,
        "min_risk": 0.04437097478324903
    },
    "constant": {
        "best_eta": 0.3088843596477482,
        "min_risk": 0.07573011781211889
    },
    "linear": {
        "best_eta": 0.47148663634573945,
        "min_risk": 0.06789286884161312
    }
}