{
    "wsd": {
        "best_eta": 0.012742749857031334,
        "min_risk": 0.0005243756035712418
    },
    "constant": {
        "best_eta": 0.012742749857031334,
        "min_risk": 0.0008783512605047175
    },
    "linear": {
        "best_eta": 0.0206913808111479,
        "min_risk": 0.00033918961164917065
    }
}