{
    "wsd": {
        "best_eta": 0.5825136712468927,
        "min_risk": 0.013904389484200846
    },
    "constant": {
        "best_eta": 0.25001103826179305,
        "min_risk": 0.023080358023940574
    },
    "linear": {
        "best_eta": 0.5825136712468927,
        "min_risk": 0.01665944025722408
    }
}