{
    "wsd": {
        "best_eta": 0.3792690190732246,
        "min_risk": 0.006627903912792186
    },
    "constant": {
        "best_eta": 0.3792690190732246,
        "min_risk": 0.014246847210233242
    },
    "linear": {
        "best_eta": 0.3792690190732246,
        "min_risk": 0.01553483534934494
    }
}