{
    "wsd": {
        "best_eta": 0.07029732115325475,
        "min_risk": 0.0002068045971393714
    },
    "constant": {
        "best_eta": 0.05689866029018299,
        "min_risk": 0.0004293865439830727
    },
    "linear": {
        "best_eta": 0.13257113655901095,
        "min_risk": 0.0001325434556125857
    }
}