{
    "wsd": {
        "best_eta": 0.05689866029018299,
        "min_risk": 0.00018896441496011064
    },
    "constant": {
        "best_eta": 0.04605378255822417,
        "min_risk": 0.0003618568839844796
    },
    "linear": {
        "best_eta": 0.13257113655901095,
        "min_risk": 0.0001222363573454913
    }
}