{
    "wsd": {
        "best_eta": 0.08858667904100823,
        "min_risk": 0.0008831383116933097
    },
    "constant": {
        "best_eta": 0.08858667904100823,
        "min_risk": 0.0015890395968485833
    },
    "linear": {
        "best_eta": 0.23357214690901212,
        "min_risk": 0.0005756856011858884
    }
}