{
    "wsd": {
        "best_eta": 0.3088843596477482,
        "min_risk": 0.040908112325758014
    },
    "constant": {
        "best_eta": 0.25001103826179305,
        "min_risk": 0.06597353577279169
    },
    "linear": {
        "best_eta": 0.3816213407949357,
        "min_risk": 0.07724873493096368
    }
}