{
    "wsd": {
        "best_eta": 0.012742749857031334,
        "min_risk": 0.00015139937984455867
    },
    "constant": {
        "best_eta": 0.012742749857031334,
        "min_risk": 0.0002447588779884617
    },
    "linear": {
        "best_eta": 0.0206913808111479,
        "min_risk": 9.964739504668249e-05
    }
}