{
    "wsd": {
        "best_eta": 0.3792690190732246,
        "min_risk": 0.031088197479673292
    },
    "constant": {
        "best_eta": 0.3792690190732246,
        "min_risk": 0.04860722066950875
    },
    "linear": {
        "best_eta": 0.615848211066026,
        "min_risk": 0.03629969884151841
    }
}