{
    "wsd": {
        "best_eta": 0.08858667904100823,
        "min_risk": 0.0013721608299548712
    },
    "constant": {
        "best_eta": 0.08858667904100823,
        "min_risk": 0.002605882417254184
    },
    "linear": {
        "best_eta": 0.23357214690901212,
        "min_risk": 0.0010913055315247533
    }
}