{
    "wsd": {
        "best_eta": 0.05963623316594643,
        "min_risk": 0.00019962135339778158
    },
    "constant": {
        "best_eta": 0.04941713361323833,
        "min_risk": 0.00039280508660770205
    },
    "linear": {
        "best_eta": 0.12648552168552957,
        "min_risk": 0.00012736830066710142
    }
}