{
    "wsd": {
        "best_eta": 0.037275937203149416,
        "min_risk": 0.00077936806667422
    },
    "constant": {
        "best_eta": 0.030171148105292957,
        "min_risk": 0.0011785538734823374
    },
    "linear": {
        "best_eta": 0.07029732115325475,
        "min_risk": 0.0005015859939915706
    }
}