{
    "wsd": {
        "best_eta": 0.05455594781168514,
        "min_risk": 0.0012732250115488988
    },
    "constant": {
        "best_eta": 0.03359818286283781,
        "min_risk": 0.001852989102093056
    },
    "linear": {
        "best_eta": 0.08858667904100823,
        "min_risk": 0.0007898082340705246
    }
}