{
    "wsd": {
        "best_eta": 0.20235896477251575,
        "min_risk": 0.0038857826654664462
    },
    "constant": {
        "best_eta": 0.16378937069540647,
        "min_risk": 0.005184400200893031
    },
    "linear": {
        "best_eta": 0.47148663634573945,
        "min_risk": 0.003041069008926844
    }
}