{
    "wsd": {
        "best_eta": 0.14384498882876628,
        "min_risk": 0.0013192854767850985
    },
    "constant": {
        "best_eta": 0.14384498882876628,
        "min_risk": 0.0031375010660956507
    },
    "linear": {
        "best_eta": 0.23357214690901212,
        "min_risk": 0.0012890324836235577
    }
}