{
    "wsd": {
        "best_eta": 0.08858667904100823,
        "min_risk": 0.0008140303939898829
    },
    "constant": {
        "best_eta": 0.08858667904100823,
        "min_risk": 0.0016384297762480097
    },
    "linear": {
        "best_eta": 0.14384498882876628,
        "min_risk": 0.0005779208211225327
    }
}