{
    "wsd": {
        "best_eta": 0.08858667904100823,
        "min_risk": 0.0014594556200853842
    },
    "constant": {
        "best_eta": 0.05455594781168514,
        "min_risk": 0.0021233484456560144
    },
    "linear": {
        "best_eta": 0.14384498882876628,
        "min_risk": 0.0008580507947706761
    }
}