{
    "wsd": {
        "best_eta": 0.5825136712468927,
        "min_risk": 0.011490008642283913
    },
    "constant": {
        "best_eta": 0.3088843596477482,
        "min_risk": 0.020759904212774776
    },
    "linear": {
        "best_eta": 0.5825136712468927,
        "min_risk": 0.015019158327323917
    }
}