{
    "linear": {
        "best_eta": 0.004498432668969444,
        "min_risk": 0.0022039974461605903
    }
}