{
    "wsd": {
        "best_eta": 0.13257113655901095,
        "min_risk": 0.0002517818641265154
    },
    "constant": {
        "best_eta": 0.08685113737513529,
        "min_risk": 0.000633816747231259
    },
    "linear": {
        "best_eta": 0.25001103826179305,
        "min_risk": 0.00015391555913788494
    }
}