{
    "wsd": {
        "best_eta": 0.16378937069540647,
        "min_risk": 0.0002588474690328038
    },
    "constant": {
        "best_eta": 0.10730309405261565,
        "min_risk": 0.000754682353327076
    },
    "linear": {
        "best_eta": 0.3088843596477482,
        "min_risk": 0.00016369479735665226
    }
}