{
    "wsd": {
        "best_eta": 0.008483428982440725,
        "min_risk": 0.0001444047602925545
    },
    "constant": {
        "best_eta": 0.006866488450042998,
        "min_risk": 0.0001915984892491009
    },
    "linear": {
        "best_eta": 0.01599858719606059,
        "min_risk": 9.379314961305315e-05
    }
}