{
    "wsd": {
        "best_eta": 0.012742749857031334,
        "min_risk": 0.0004310720442921864
    },
    "constant": {
        "best_eta": 0.012742749857031334,
        "min_risk": 0.0005923204388328586
    },
    "linear": {
        "best_eta": 0.03359818286283781,
        "min_risk": 0.00029854522507908194
    }
}