{
    "wsd": {
        "best_eta": 0.013257113655901081,
        "min_risk": 2.420018535558224e-05
    },
    "constant": {
        "best_eta": 0.009102981779915217,
        "min_risk": 6.132686673785105e-05
    },
    "linear": {
        "best_eta": 0.023299518105153717,
        "min_risk": 1.4901495218621126e-05
    }
}