{
    "wsd": {
        "best_eta": 0.008483428982440725,
        "min_risk": 0.000147073825941578
    },
    "constant": {
        "best_eta": 0.006866488450042998,
        "min_risk": 0.00020227150805599304
    },
    "linear": {
        "best_eta": 0.01599858719606059,
        "min_risk": 9.541829095120054e-05
    }
}