{
    "wsd": {
        "best_eta": 0.10730309405261565,
        "min_risk": 0.00022948368119735742
    },
    "constant": {
        "best_eta": 0.07029732115325475,
        "min_risk": 0.0005690031311600765
    },
    "linear": {
        "best_eta": 0.20235896477251575,
        "min_risk": 0.00014515821061422237
    }
}