{
    "constant": {
        "best_eta": 0.0023853440064314215,
        "min_risk": 0.0015827200934601295
    }
}