{
    "wsd": {
        "best_eta": 0.05689866029018299,
        "min_risk": 0.001019541241652903
    },
    "constant": {
        "best_eta": 0.04605378255822417,
        "min_risk": 0.0014358766073440088
    },
    "linear": {
        "best_eta": 0.13257113655901095,
        "min_risk": 0.0007080512156966998
    }
}