{
    "wsd": {
        "best_eta": 0.012742749857031334,
        "min_risk": 0.0010412670147991142
    },
    "constant": {
        "best_eta": 0.012742749857031334,
        "min_risk": 0.0015526412978973125
    },
    "linear": {
        "best_eta": 0.03359818286283781,
        "min_risk": 0.0007191969283432633
    }
}