{
    "wsd": {
        "best_eta": 0.20235896477251575,
        "min_risk": 0.0002738256918756782
    },
    "constant": {
        "best_eta": 0.13257113655901095,
        "min_risk": 0.0008321044661748653
    },
    "linear": {
        "best_eta": 0.3816213407949357,
        "min_risk": 0.00016869757554096058
    }
}