{
    "wsd": {
        "best_eta": 0.22229964825261933,
        "min_risk": 0.0038206852353903894
    },
    "constant": {
        "best_eta": 0.15264179671752318,
        "min_risk": 0.005266559052654959
    },
    "linear": {
        "best_eta": 0.47148663634573895,
        "min_risk": 0.0028862365989513485
    }
}