{
    "wsd": {
        "best_eta": 0.13257113655901095,
        "min_risk": 0.0024330035790495197
    },
    "constant": {
        "best_eta": 0.08685113737513529,
        "min_risk": 0.0030780784205458153
    },
    "linear": {
        "best_eta": 0.25001103826179305,
        "min_risk": 0.0019145876304360267
    }
}