{
    "wsd": {
        "best_eta": 0.08685113737513529,
        "min_risk": 0.00020707786746484367
    },
    "constant": {
        "best_eta": 0.05689866029018299,
        "min_risk": 0.00044230061127214495
    },
    "linear": {
        "best_eta": 0.16378937069540647,
        "min_risk": 0.00013056383044140153
    }
}