{
    "wsd": {
        "best_eta": 0.0206913808111479,
        "min_risk": 0.0001700662782849637
    },
    "constant": {
        "best_eta": 0.012742749857031334,
        "min_risk": 0.00027825660326996236
    },
    "linear": {
        "best_eta": 0.03359818286283781,
        "min_risk": 0.0001027117737025229
    }
}