{
    "wsd": {
        "best_eta": 0.47148663634573895,
        "min_risk": 0.0010619788809646399
    },
    "constant": {
        "best_eta": 0.2682695795279725,
        "min_risk": 0.005190224687468299
    },
    "linear": {
        "best_eta": 0.5689866029018293,
        "min_risk": 0.002148929970541293
    }
}