{
    "wsd": {
        "best_eta": 0.25001103826179305,
        "min_risk": 0.021516909812696945
    },
    "constant": {
        "best_eta": 0.20235896477251575,
        "min_risk": 0.027714383033837005
    },
    "linear": {
        "best_eta": 0.3088843596477482,
        "min_risk": 0.04829258504551413
    }
}