{
    "wsd": {
        "best_eta": 0.3792690190732246,
        "min_risk": 0.0051908495739078735
    },
    "constant": {
        "best_eta": 0.3792690190732246,
        "min_risk": 0.010769570717511211
    },
    "linear": {
        "best_eta": 0.615848211066026,
        "min_risk": 0.011038534189671354
    }
}