{
    "wsd": {
        "best_eta": 0.03359818286283781,
        "min_risk": 0.0007650188327543011
    },
    "constant": {
        "best_eta": 0.03359818286283781,
        "min_risk": 0.0012527670523641483
    },
    "linear": {
        "best_eta": 0.08858667904100823,
        "min_risk": 0.0005520075133544335
    }
}