{
    "wsd": {
        "best_eta": 0.3906939937054613,
        "min_risk": 0.014731741657132886
    },
    "constant": {
        "best_eta": 0.32374575428176433,
        "min_risk": 0.017852591568079106
    },
    "linear": {
        "best_eta": 0.47148663634573895,
        "min_risk": 0.029220013547122198
    }
}