{
    "wsd": {
        "best_eta": 0.007847599703514606,
        "min_risk": 0.0004900482361717259
    },
    "constant": {
        "best_eta": 0.007847599703514606,
        "min_risk": 0.0006879303187244345
    },
    "linear": {
        "best_eta": 0.0206913808111479,
        "min_risk": 0.00034186701887315715
    }
}