{
    "wsd": {
        "best_eta": 0.019765980717016348,
        "min_risk": 0.0001610000749485715
    },
    "constant": {
        "best_eta": 0.01599858719606059,
        "min_risk": 0.0002387199164276612
    },
    "linear": {
        "best_eta": 0.037275937203149416,
        "min_risk": 0.00010335656937563048
    }
}