{
    "wsd": {
        "best_eta": 0.16378937069540647,
        "min_risk": 0.002565826657915919
    },
    "constant": {
        "best_eta": 0.13257113655901095,
        "min_risk": 0.0037377219169515818
    },
    "linear": {
        "best_eta": 0.3088843596477482,
        "min_risk": 0.001837088226963852
    }
}