{
    "wsd": {
        "best_eta": 0.16378937069540647,
        "min_risk": 0.003338451960881236
    },
    "constant": {
        "best_eta": 0.13257113655901095,
        "min_risk": 0.004159564448012452
    },
    "linear": {
        "best_eta": 0.3088843596477482,
        "min_risk": 0.002853124026883465
    }
}