{
    "wsd": {
        "best_eta": 0.033932217718953266,
        "min_risk": 2.948445918520102e-05
    },
    "constant": {
        "best_eta": 0.023299518105153717,
        "min_risk": 0.00011379450511107868
    },
    "linear": {
        "best_eta": 0.07196856730011514,
        "min_risk": 1.87866612887911e-05
    }
}