{
    "wsd": {
        "best_eta": 0.13257113655901095,
        "min_risk": 0.00023931254361489815
    },
    "constant": {
        "best_eta": 0.08685113737513529,
        "min_risk": 0.0006649553838232989
    },
    "linear": {
        "best_eta": 0.25001103826179305,
        "min_risk": 0.0001500525897597221
    }
}