{
    "wsd": {
        "best_eta": 0.3792690190732246,
        "min_risk": 0.008946996525815949
    },
    "constant": {
        "best_eta": 0.3792690190732246,
        "min_risk": 0.016806070853506515
    },
    "linear": {
        "best_eta": 0.615848211066026,
        "min_risk": 0.0121685904421125
    }
}