{
    "wsd": {
        "best_eta": 0.3792690190732246,
        "min_risk": 0.008521477218413566
    },
    "constant": {
        "best_eta": 0.23357214690901212,
        "min_risk": 0.014534790566917179
    },
    "linear": {
        "best_eta": 0.615848211066026,
        "min_risk": 0.009744369401506303
    }
}