{
    "wsd": {
        "best_eta": 0.008483428982440725,
        "min_risk": 0.0006853131539398017
    },
    "constant": {
        "best_eta": 0.006866488450042998,
        "min_risk": 0.0009055625684314365
    },
    "linear": {
        "best_eta": 0.01599858719606059,
        "min_risk": 0.00044834665100787035
    }
}