{
    "wsd": {
        "best_eta": 0.08858667904100823,
        "min_risk": 0.0002054684772822407
    },
    "constant": {
        "best_eta": 0.05455594781168514,
        "min_risk": 0.0004302643695974633
    },
    "linear": {
        "best_eta": 0.14384498882876628,
        "min_risk": 0.00012925256931289202
    }
}