{
    "wsd": {
        "best_eta": 0.47148663634573945,
        "min_risk": 0.03266593363532579
    },
    "constant": {
        "best_eta": 0.3088843596477482,
        "min_risk": 0.055650081945636316
    },
    "linear": {
        "best_eta": 0.5825136712468927,
        "min_risk": 0.04126603061425928
    }
}