{
    "wsd": {
        "best_eta": 0.3792690190732246,
        "min_risk": 0.01441197788043059
    },
    "constant": {
        "best_eta": 0.3792690190732246,
        "min_risk": 0.023036231455328297
    },
    "linear": {
        "best_eta": 0.615848211066026,
        "min_risk": 0.018865710416063795
    }
}