{
    "wsd": {
        "best_eta": 0.13257113655901095,
        "min_risk": 0.00025281392953931125
    },
    "constant": {
        "best_eta": 0.08685113737513529,
        "min_risk": 0.0006445423485626039
    },
    "linear": {
        "best_eta": 0.25001103826179305,
        "min_risk": 0.00015464548254094199
    }
}