{
    "wsd": {
        "best_eta": 0.0206913808111479,
        "min_risk": 0.00017107418440698283
    },
    "constant": {
        "best_eta": 0.0206913808111479,
        "min_risk": 0.00026024706489274305
    },
    "linear": {
        "best_eta": 0.05455594781168514,
        "min_risk": 0.0001123364938956408
    }
}