{
    "wsd": {
        "best_eta": 0.05455594781168514,
        "min_risk": 0.0001845921679348178
    },
    "constant": {
        "best_eta": 0.05455594781168514,
        "min_risk": 0.0004075376084069159
    },
    "linear": {
        "best_eta": 0.08858667904100823,
        "min_risk": 0.00012985859776289908
    }
}