{
    "wsd": {
        "best_eta": 0.47148663634573945,
        "min_risk": 0.00045271249317778607
    },
    "constant": {
        "best_eta": 0.25001103826179305,
        "min_risk": 0.002142735137719384
    },
    "linear": {
        "best_eta": 0.5825136712468927,
        "min_risk": 0.0006182847601821637
    }
}