{
    "wsd": {
        "best_eta": 0.16378937069540647,
        "min_risk": 0.0029784197391164186
    },
    "constant": {
        "best_eta": 0.10730309405261565,
        "min_risk": 0.003863106160600595
    },
    "linear": {
        "best_eta": 0.3088843596477482,
        "min_risk": 0.0023484503269568524
    }
}