{
    "wsd": {
        "best_eta": 0.23357214690901212,
        "min_risk": 0.0008930845807311959
    },
    "constant": {
        "best_eta": 0.14384498882876628,
        "min_risk": 0.002210817699771671
    },
    "linear": {
        "best_eta": 0.3792690190732246,
        "min_risk": 0.0005985579539382704
    }
}