{
    "wsd": {
        "best_eta": 0.25001103826179305,
        "min_risk": 0.025667923951436068
    },
    "constant": {
        "best_eta": 0.25001103826179305,
        "min_risk": 0.03562875221383161
    },
    "linear": {
        "best_eta": 0.3816213407949357,
        "min_risk": 0.05652923493514937
    }
}