{
    "constant": {
        "best_eta": 0.3816213407949357,
        "min_risk": 7.172575273702109e-07
    }
}