{
    "wsd": {
        "best_eta": 0.012742749857031334,
        "min_risk": 0.0005232203432130461
    },
    "constant": {
        "best_eta": 0.012742749857031334,
        "min_risk": 0.0008780993107030432
    },
    "linear": {
        "best_eta": 0.0206913808111479,
        "min_risk": 0.0003320010735504072
    }
}