{
    "wsd": {
        "best_eta": 0.05689866029018299,
        "min_risk": 0.00020879038336913127
    },
    "constant": {
        "best_eta": 0.04605378255822417,
        "min_risk": 0.00040513198555767945
    },
    "linear": {
        "best_eta": 0.13257113655901095,
        "min_risk": 0.00013022211284545877
    }
}