{
    "linear": {
        "best_eta": 0.07029732115325475,
        "min_risk": 3.5464730452563864e-05
    }
}