{
    "wsd": {
        "best_eta": 0.25001103826179305,
        "min_risk": 0.0860232313075706
    },
    "constant": {
        "best_eta": 0.25001103826179305,
        "min_risk": 0.08846521772942059
    },
    "linear": {
        "best_eta": 0.47148663634573945,
        "min_risk": 0.08688418469634686
    }
}