{
    "wsd": {
        "best_eta": 0.05689866029018299,
        "min_risk": 0.0009297854210886594
    },
    "constant": {
        "best_eta": 0.04605378255822417,
        "min_risk": 0.0012478817993456885
    },
    "linear": {
        "best_eta": 0.10730309405261565,
        "min_risk": 0.0006571293159731207
    }
}