{
    "wsd": {
        "best_eta": 0.3792690190732246,
        "min_risk": 0.01672528383751596
    },
    "constant": {
        "best_eta": 0.3792690190732246,
        "min_risk": 0.02971147188101668
    },
    "linear": {
        "best_eta": 0.3792690190732246,
        "min_risk": 0.036727549902106915
    }
}