{
    "wsd": {
        "best_eta": 0.47148663634573945,
        "min_risk": 0.0329724971695935
    },
    "constant": {
        "best_eta": 0.3088843596477482,
        "min_risk": 0.059411336260901615
    },
    "linear": {
        "best_eta": 0.5825136712468927,
        "min_risk": 0.04862676860841323
    }
}