{
    "wsd": {
        "best_eta": 0.23357214690901212,
        "min_risk": 0.0016378728676107342
    },
    "constant": {
        "best_eta": 0.14384498882876628,
        "min_risk": 0.003428306111941999
    },
    "linear": {
        "best_eta": 0.3792690190732246,
        "min_risk": 0.0016876110814579776
    }
}