{
    "constant": {
        "best_eta": 0.20235896477251575,
        "min_risk": 0.0019762379947781024
    }
}