{
    "wsd": {
        "best_eta": 0.08858667904100823,
        "min_risk": 0.0013913469598005853
    },
    "constant": {
        "best_eta": 0.05455594781168514,
        "min_risk": 0.0028952544153572424
    },
    "linear": {
        "best_eta": 0.14384498882876628,
        "min_risk": 0.0010688805770295347
    }
}