{
    "wsd": {
        "best_eta": 0.0206913808111479,
        "min_risk": 0.00044036868988931956
    },
    "constant": {
        "best_eta": 0.012742749857031334,
        "min_risk": 0.0007376457514790939
    },
    "linear": {
        "best_eta": 0.03359818286283781,
        "min_risk": 0.0002760965278846033
    }
}