{
    "wsd": {
        "best_eta": 0.5825136712468927,
        "min_risk": 0.012576521954089809
    },
    "constant": {
        "best_eta": 0.3088843596477482,
        "min_risk": 0.022640613197133057
    },
    "linear": {
        "best_eta": 0.5825136712468927,
        "min_risk": 0.016075294771665093
    }
}