{
    "wsd": {
        "best_eta": 0.47148663634573895,
        "min_risk": 0.03419335390540122
    },
    "constant": {
        "best_eta": 0.2682695795279725,
        "min_risk": 0.05557386557070346
    },
    "linear": {
        "best_eta": 0.5689866029018293,
        "min_risk": 0.04117307493992712
    }
}