{
    "wsd": {
        "best_eta": 0.25001103826179305,
        "min_risk": 0.00029024252875675037
    },
    "constant": {
        "best_eta": 0.13257113655901095,
        "min_risk": 0.0009802560882463513
    },
    "linear": {
        "best_eta": 0.47148663634573945,
        "min_risk": 0.00019365336544216753
    }
}