{
    "wsd": {
        "best_eta": 0.22229964825261933,
        "min_risk": 0.0003127938994979253
    },
    "constant": {
        "best_eta": 0.12648552168552957,
        "min_risk": 0.0015611430994728565
    },
    "linear": {
        "best_eta": 0.47148663634573895,
        "min_risk": 0.00019744601113220333
    }
}