{
    "wsd": {
        "best_eta": 0.3088843596477482,
        "min_risk": 0.00033242314756875955
    },
    "constant": {
        "best_eta": 0.16378937069540647,
        "min_risk": 0.0012937000027259953
    },
    "linear": {
        "best_eta": 0.5825136712468927,
        "min_risk": 0.0002133214043784774
    }
}