{
    "wsd": {
        "best_eta": 0.0206913808111479,
        "min_risk": 0.0005289058930887208
    },
    "constant": {
        "best_eta": 0.0206913808111479,
        "min_risk": 0.0008791442027439323
    },
    "linear": {
        "best_eta": 0.03359818286283781,
        "min_risk": 0.0003780521983698501
    }
}