{
    "wsd": {
        "best_eta": 0.05689866029018299,
        "min_risk": 0.0001906040686393748
    },
    "constant": {
        "best_eta": 0.04605378255822417,
        "min_risk": 0.00037099933962337495
    },
    "linear": {
        "best_eta": 0.10730309405261565,
        "min_risk": 0.00012083951401524195
    }
}