{
    "wsd": {
        "best_eta": 0.007847599703514606,
        "min_risk": 0.00014409045496269543
    },
    "constant": {
        "best_eta": 0.007847599703514606,
        "min_risk": 0.00020821638316204699
    },
    "linear": {
        "best_eta": 0.0206913808111479,
        "min_risk": 0.00010505742878140518
    }
}