{
    "wsd": {
        "best_eta": 0.14384498882876628,
        "min_risk": 0.00149456185803635
    },
    "constant": {
        "best_eta": 0.14384498882876628,
        "min_risk": 0.0037024321585484724
    },
    "linear": {
        "best_eta": 0.23357214690901212,
        "min_risk": 0.0015262821132231094
    }
}