{
    "wsd": {
        "best_eta": 0.04605378255822417,
        "min_risk": 0.0011275324750286587
    },
    "constant": {
        "best_eta": 0.037275937203149416,
        "min_risk": 0.0017188494979154623
    },
    "linear": {
        "best_eta": 0.08685113737513529,
        "min_risk": 0.0007409995648721283
    }
}