{
    "wsd": {
        "best_eta": 0.3088843596477482,
        "min_risk": 0.0003493227890240006
    },
    "constant": {
        "best_eta": 0.20235896477251575,
        "min_risk": 0.0015143526823616867
    },
    "linear": {
        "best_eta": 0.5825136712468927,
        "min_risk": 0.00022706766162176292
    }
}