{
    "wsd": {
        "best_eta": 0.03359818286283781,
        "min_risk": 0.0012362114204599118
    },
    "constant": {
        "best_eta": 0.0206913808111479,
        "min_risk": 0.0016988061714622953
    },
    "linear": {
        "best_eta": 0.05455594781168514,
        "min_risk": 0.0007572431795124941
    }
}