{
    "wsd": {
        "best_eta": 0.012742749857031334,
        "min_risk": 0.0007197858498824391
    },
    "constant": {
        "best_eta": 0.007847599703514606,
        "min_risk": 0.0009411753769358829
    },
    "linear": {
        "best_eta": 0.0206913808111479,
        "min_risk": 0.000438708015566046
    }
}