{
    "wsd": {
        "best_eta": 0.0062505519252739694,
        "min_risk": 1.970159730927667e-05
    },
    "constant": {
        "best_eta": 0.005179474679231213,
        "min_risk": 3.928396205256929e-05
    },
    "linear": {
        "best_eta": 0.013257113655901081,
        "min_risk": 1.242366448431286e-05
    }
}