{
    "wsd": {
        "best_eta": 0.0206913808111479,
        "min_risk": 0.0009813501385506455
    },
    "constant": {
        "best_eta": 0.0206913808111479,
        "min_risk": 0.0014138749568372425
    },
    "linear": {
        "best_eta": 0.05455594781168514,
        "min_risk": 0.0006720754875894625
    }
}