{
    "wsd": {
        "best_eta": 0.04605378255822417,
        "min_risk": 0.00017974835698741681
    },
    "constant": {
        "best_eta": 0.037275937203149416,
        "min_risk": 0.00031925699732025255
    },
    "linear": {
        "best_eta": 0.08685113737513529,
        "min_risk": 0.00011606597160563753
    }
}