{
    "wsd": {
        "best_eta": 1.0,
        "min_risk": 0.0007956300419778765
    },
    "constant": {
        "best_eta": 0.615848211066026,
        "min_risk": 0.0040939346975346425
    },
    "linear": {
        "best_eta": 1.0,
        "min_risk": 0.0015436405441647822
    }
}