{
    "constant": {
        "best_eta": 0.3088843596477482,
        "min_risk": 9.02546106230205e-05
    }
}