{
    "wsd": {
        "best_eta": 0.3792690190732246,
        "min_risk": 0.0003553269832906666
    },
    "constant": {
        "best_eta": 0.23357214690901212,
        "min_risk": 0.0015070510841445573
    },
    "linear": {
        "best_eta": 0.615848211066026,
        "min_risk": 0.0002160796308554141
    }
}