{
    "wsd": {
        "best_eta": 1.0,
        "min_risk": 0.0020920555925294723
    },
    "constant": {
        "best_eta": 0.615848211066026,
        "min_risk": 0.0064597925893269854
    },
    "linear": {
        "best_eta": 1.0,
        "min_risk": 0.004472252286469012
    }
}