{
    "wsd": {
        "best_eta": 0.32374575428176433,
        "min_risk": 0.38509889736218594
    },
    "constant": {
        "best_eta": 0.2682695795279725,
        "min_risk": 0.4532922752226114
    },
    "linear": {
        "best_eta": 0.47148663634573895,
        "min_risk": 0.4133657474885846
    }
}