{
    "wsd": {
        "best_eta": 1.0,
        "min_risk": 0.005108100103569045
    },
    "constant": {
        "best_eta": 1.0,
        "min_risk": 0.01027702287210947
    },
    "linear": {
        "best_eta": 1.0,
        "min_risk": 0.012474147023266529
    }
}