{
    "wsd": {
        "best_eta": 0.05455594781168514,
        "min_risk": 0.000654642832681504
    },
    "constant": {
        "best_eta": 0.05455594781168514,
        "min_risk": 0.0010866508813305073
    },
    "linear": {
        "best_eta": 0.14384498882876628,
        "min_risk": 0.00039940234481601025
    }
}