{
    "wsd": {
        "best_eta": 0.08858667904100823,
        "min_risk": 0.0012484598041457842
    },
    "constant": {
        "best_eta": 0.08858667904100823,
        "min_risk": 0.002631546907105049
    },
    "linear": {
        "best_eta": 0.23357214690901212,
        "min_risk": 0.0010049814956060543
    }
}