{
    "wsd": {
        "best_eta": 0.05455594781168514,
        "min_risk": 0.0012695777318735427
    },
    "constant": {
        "best_eta": 0.03359818286283781,
        "min_risk": 0.001816122466303652
    },
    "linear": {
        "best_eta": 0.08858667904100823,
        "min_risk": 0.0007516722685736458
    }
}