{
    "wsd": {
        "best_eta": 0.05963623316594643,
        "min_risk": 0.00019492178806568272
    },
    "constant": {
        "best_eta": 0.04941713361323833,
        "min_risk": 0.00038405840055766793
    },
    "linear": {
        "best_eta": 0.10481131341546852,
        "min_risk": 0.00012597529314928822
    }
}