{
    "wsd": {
        "best_eta": 0.3792690190732246,
        "min_risk": 0.00544687804538801
    },
    "constant": {
        "best_eta": 0.3792690190732246,
        "min_risk": 0.013567712594462458
    },
    "linear": {
        "best_eta": 0.3792690190732246,
        "min_risk": 0.013851996448874082
    }
}