{
    "wsd": {
        "best_eta": 0.08858667904100823,
        "min_risk": 0.0013041522938340574
    },
    "constant": {
        "best_eta": 0.08858667904100823,
        "min_risk": 0.0026561396303332336
    },
    "linear": {
        "best_eta": 0.23357214690901212,
        "min_risk": 0.00124075932793637
    }
}