{
    "linear": {
        "best_eta": 0.01599858719606059,
        "min_risk": 0.0003290314041514958
    }
}