{
    "wsd": {
        "best_eta": 0.03359818286283781,
        "min_risk": 0.00018527699527572688
    },
    "constant": {
        "best_eta": 0.0206913808111479,
        "min_risk": 0.000253079249152603
    },
    "linear": {
        "best_eta": 0.05455594781168514,
        "min_risk": 0.0001080728260264835
    }
}