{
    "wsd": {
        "best_eta": 0.3792690190732246,
        "min_risk": 0.00791403423700138
    },
    "constant": {
        "best_eta": 0.3792690190732246,
        "min_risk": 0.013668134433426005
    },
    "linear": {
        "best_eta": 0.615848211066026,
        "min_risk": 0.011460756428765683
    }
}