{
    "wsd": {
        "best_eta": 0.3792690190732246,
        "min_risk": 0.0029307612167037544
    },
    "constant": {
        "best_eta": 0.3792690190732246,
        "min_risk": 0.008308930173181815
    },
    "linear": {
        "best_eta": 0.3792690190732246,
        "min_risk": 0.011521222390039802
    }
}