{
    "wsd": {
        "best_eta": 0.007847599703514606,
        "min_risk": 0.00014023508339093714
    },
    "constant": {
        "best_eta": 0.007847599703514606,
        "min_risk": 0.0002073373009419586
    },
    "linear": {
        "best_eta": 0.0206913808111479,
        "min_risk": 0.00010504375410648897
    }
}