{
    "wsd": {
        "best_eta": 0.3792690190732246,
        "min_risk": 0.0010390144404977262
    },
    "constant": {
        "best_eta": 0.23357214690901212,
        "min_risk": 0.0030911187913888975
    },
    "linear": {
        "best_eta": 0.615848211066026,
        "min_risk": 0.000719205665137986
    }
}