{
    "wsd": {
        "best_eta": 0.23357214690901212,
        "min_risk": 0.0003232817057455628
    },
    "constant": {
        "best_eta": 0.14384498882876628,
        "min_risk": 0.0012938114495307652
    },
    "linear": {
        "best_eta": 0.615848211066026,
        "min_risk": 0.00020208548668025785
    }
}