{
    "wsd": {
        "best_eta": 0.07196856730011514,
        "min_risk": 0.0002027538069491904
    },
    "constant": {
        "best_eta": 0.04941713361323833,
        "min_risk": 0.0004282965656691804
    },
    "linear": {
        "best_eta": 0.15264179671752318,
        "min_risk": 0.00013105348123803727
    }
}