{
    "wsd": {
        "best_eta": 0.20235896477251575,
        "min_risk": 0.015514935855612911
    },
    "constant": {
        "best_eta": 0.16378937069540647,
        "min_risk": 0.016406844488641666
    },
    "linear": {
        "best_eta": 0.3816213407949357,
        "min_risk": 0.015619964281509077
    }
}