{
    "wsd": {
        "best_eta": 1.0,
        "min_risk": 0.001133188510523148
    },
    "constant": {
        "best_eta": 0.615848211066026,
        "min_risk": 0.0047295559630439925
    },
    "linear": {
        "best_eta": 1.0,
        "min_risk": 0.002668917384991155
    }
}