{
    "wsd": {
        "best_eta": 0.20235896477251575,
        "min_risk": 0.005343984888810714
    },
    "constant": {
        "best_eta": 0.16378937069540647,
        "min_risk": 0.006169238897963879
    },
    "linear": {
        "best_eta": 0.3816213407949357,
        "min_risk": 0.0050682049978438126
    }
}