{
    "wsd": {
        "best_eta": 0.04941713361323833,
        "min_risk": 0.0008205766328877607
    },
    "constant": {
        "best_eta": 0.040949150623804234,
        "min_risk": 0.0011334912183287534
    },
    "linear": {
        "best_eta": 0.10481131341546852,
        "min_risk": 0.0005776136923764412
    }
}