{
    "wsd": {
        "best_eta": 0.0206913808111479,
        "min_risk": 0.0007851585116566217
    },
    "constant": {
        "best_eta": 0.012742749857031334,
        "min_risk": 0.0010554711047874791
    },
    "linear": {
        "best_eta": 0.03359818286283781,
        "min_risk": 0.00047061551309668186
    }
}