{
    "wsd": {
        "best_eta": 0.3088843596477482,
        "min_risk": 0.07545133908827643
    },
    "constant": {
        "best_eta": 0.25001103826179305,
        "min_risk": 0.07759938578636638
    },
    "linear": {
        "best_eta": 0.47148663634573945,
        "min_risk": 0.07695872532311879
    }
}