{
    "wsd": {
        "best_eta": 0.16378937069540647,
        "min_risk": 0.002616323116480127
    },
    "constant": {
        "best_eta": 0.13257113655901095,
        "min_risk": 0.003820243972366454
    },
    "linear": {
        "best_eta": 0.3088843596477482,
        "min_risk": 0.0018769332171780454
    }
}