{
    "wsd": {
        "best_eta": 1.0,
        "min_risk": 0.0015617893479115612
    },
    "constant": {
        "best_eta": 0.615848211066026,
        "min_risk": 0.0058284922131224635
    },
    "linear": {
        "best_eta": 1.0,
        "min_risk": 0.0035688654842325504
    }
}