{
    "wsd": {
        "best_eta": 0.615848211066026,
        "min_risk": 0.0012310869497027773
    },
    "constant": {
        "best_eta": 0.3792690190732246,
        "min_risk": 0.004567156584436039
    },
    "linear": {
        "best_eta": 1.0,
        "min_risk": 0.0010451782478929565
    }
}