{
    "wsd": {
        "best_eta": 0.019765980717016348,
        "min_risk": 0.00014841000190370172
    },
    "constant": {
        "best_eta": 0.01599858719606059,
        "min_risk": 0.0002142019863073316
    },
    "linear": {
        "best_eta": 0.037275937203149416,
        "min_risk": 9.617839077864515e-05
    }
}