{
    "wsd": {
        "best_eta": 0.25001103826179305,
        "min_risk": 0.022373370734210425
    },
    "constant": {
        "best_eta": 0.20235896477251575,
        "min_risk": 0.02816525080832013
    },
    "linear": {
        "best_eta": 0.3088843596477482,
        "min_risk": 0.05202906292036458
    }
}