{
    "wsd": {
        "best_eta": 0.3792690190732246,
        "min_risk": 0.02636004434912337
    },
    "constant": {
        "best_eta": 0.3792690190732246,
        "min_risk": 0.041655532377382606
    },
    "linear": {
        "best_eta": 0.615848211066026,
        "min_risk": 0.03407234906817818
    }
}