{
    "wsd": {
        "best_eta": 0.0206913808111479,
        "min_risk": 0.00015859625426245408
    },
    "constant": {
        "best_eta": 0.0206913808111479,
        "min_risk": 0.00028060875899678936
    },
    "linear": {
        "best_eta": 0.03359818286283781,
        "min_risk": 0.00010083504351020227
    }
}