{
    "wsd": {
        "best_eta": 0.16378937069540647,
        "min_risk": 0.00026693147572519755
    },
    "constant": {
        "best_eta": 0.10730309405261565,
        "min_risk": 0.0007581642641840505
    },
    "linear": {
        "best_eta": 0.3088843596477482,
        "min_risk": 0.00016370730277840865
    }
}