{
    "wsd": {
        "best_eta": 0.07029732115325475,
        "min_risk": 0.0013932914783420884
    },
    "constant": {
        "best_eta": 0.05689866029018299,
        "min_risk": 0.0017665976119144162
    },
    "linear": {
        "best_eta": 0.16378937069540647,
        "min_risk": 0.001079317697890204
    }
}