{
    "wsd": {
        "best_eta": 0.3792690190732246,
        "min_risk": 0.02461020542171127
    },
    "constant": {
        "best_eta": 0.3792690190732246,
        "min_risk": 0.03951937830650401
    },
    "linear": {
        "best_eta": 0.615848211066026,
        "min_risk": 0.03343270572673047
    }
}