{
    "constant": {
        "best_eta": 0.3088843596477482,
        "min_risk": 2.55202498608993e-06
    }
}