{
    "wsd": {
        "best_eta": 0.03359818286283781,
        "min_risk": 0.00017494955287434137
    },
    "constant": {
        "best_eta": 0.0206913808111479,
        "min_risk": 0.00024778733958901453
    },
    "linear": {
        "best_eta": 0.05455594781168514,
        "min_risk": 0.00010499389468331726
    }
}