{
    "wsd": {
        "best_eta": 0.012742749857031334,
        "min_risk": 0.0010267432378023118
    },
    "constant": {
        "best_eta": 0.012742749857031334,
        "min_risk": 0.001548373889235789
    },
    "linear": {
        "best_eta": 0.03359818286283781,
        "min_risk": 0.0007160044212880455
    }
}