{
    "wsd": {
        "best_eta": 0.615848211066026,
        "min_risk": 0.0007014396550271928
    },
    "constant": {
        "best_eta": 0.3792690190732246,
        "min_risk": 0.0026081962763577654
    },
    "linear": {
        "best_eta": 1.0,
        "min_risk": 0.00047261188528136363
    }
}