{
    "wsd": {
        "best_eta": 0.0206913808111479,
        "min_risk": 0.0007727101183778676
    },
    "constant": {
        "best_eta": 0.0206913808111479,
        "min_risk": 0.0010542077912528126
    },
    "linear": {
        "best_eta": 0.05455594781168514,
        "min_risk": 0.0005065705108037782
    }
}