{
    "wsd": {
        "best_eta": 0.3593813663804626,
        "min_risk": 0.0003352230197133206
    },
    "constant": {
        "best_eta": 0.12915496650148828,
        "min_risk": 0.0008758715013261692
    },
    "linear": {
        "best_eta": 0.3593813663804626,
        "min_risk": 0.00019801141858136374
    }
}