{
    "wsd": {
        "best_eta": 0.03359818286283781,
        "min_risk": 0.00017395758675660072
    },
    "constant": {
        "best_eta": 0.0206913808111479,
        "min_risk": 0.0002859585230113027
    },
    "linear": {
        "best_eta": 0.05455594781168514,
        "min_risk": 0.00010495027177801852
    }
}