{
    "wsd": {
        "best_eta": 0.012742749857031334,
        "min_risk": 0.00016673936487189854
    },
    "constant": {
        "best_eta": 0.007847599703514606,
        "min_risk": 0.00019751762536523784
    },
    "linear": {
        "best_eta": 0.0206913808111479,
        "min_risk": 9.739558626777329e-05
    }
}