{
    "constant": {
        "best_eta": 0.0036410319493106772,
        "min_risk": 2.219945497533217e-05
    }
}