{
    "constant": {
        "best_eta": 0.0023853440064314215,
        "min_risk": 2.8114824057643468e-05
    }
}