{
    "wsd": {
        "best_eta": 0.5825136712468927,
        "min_risk": 0.00875988711096325
    },
    "constant": {
        "best_eta": 0.3088843596477482,
        "min_risk": 0.016041416995108665
    },
    "linear": {
        "best_eta": 0.5825136712468927,
        "min_risk": 0.0114152411512694
    }
}