{
    "linear": {
        "best_eta": 0.008483428982440725,
        "min_risk": 0.0008546314556788634
    }
}