{
    "wsd": {
        "best_eta": 0.05455594781168514,
        "min_risk": 0.0012016780236744353
    },
    "constant": {
        "best_eta": 0.05455594781168514,
        "min_risk": 0.002289557891715218
    },
    "linear": {
        "best_eta": 0.14384498882876628,
        "min_risk": 0.0008926253568484832
    }
}