{
    "constant": {
        "best_eta": 0.20235896477251575,
        "min_risk": 0.10545911091784209
    }
}