{
    "linear": {
        "best_eta": 0.25001103826179305,
        "min_risk": 0.00020296839464310724
    }
}