{
    "wsd": {
        "best_eta": 0.14384498882876628,
        "min_risk": 0.0014191623279220396
    },
    "constant": {
        "best_eta": 0.08858667904100823,
        "min_risk": 0.0032723106884301975
    },
    "linear": {
        "best_eta": 0.23357214690901212,
        "min_risk": 0.0013246209565167906
    }
}