{
    "wsd": {
        "best_eta": 0.3792690190732246,
        "min_risk": 0.013743389809414443
    },
    "constant": {
        "best_eta": 0.3792690190732246,
        "min_risk": 0.024771404625338354
    },
    "linear": {
        "best_eta": 0.3792690190732246,
        "min_risk": 0.034488606549138684
    }
}