{
    "constant": {
        "best_eta": 0.010481131341546863,
        "min_risk": 0.0062113282979630955
    }
}