{
    "wsd": {
        "best_eta": 0.3088843596477482,
        "min_risk": 0.07828947518481985
    },
    "constant": {
        "best_eta": 0.25001103826179305,
        "min_risk": 0.08440287863423897
    },
    "linear": {
        "best_eta": 0.5825136712468927,
        "min_risk": 0.07368730361705991
    }
}