{
    "wsd": {
        "best_eta": 0.03359818286283781,
        "min_risk": 0.0005032367069196591
    },
    "constant": {
        "best_eta": 0.0206913808111479,
        "min_risk": 0.0006520834448828468
    },
    "linear": {
        "best_eta": 0.05455594781168514,
        "min_risk": 0.00029858358839264624
    }
}