{
    "wsd": {
        "best_eta": 0.13257113655901095,
        "min_risk": 0.00026171476544084853
    },
    "constant": {
        "best_eta": 0.10730309405261565,
        "min_risk": 0.0007359466871748875
    },
    "linear": {
        "best_eta": 0.25001103826179305,
        "min_risk": 0.00016019438433366516
    }
}