{
    "wsd": {
        "best_eta": 0.030171148105292957,
        "min_risk": 0.0001831195645379037
    },
    "constant": {
        "best_eta": 0.02442053094548652,
        "min_risk": 0.0003041174622404759
    },
    "linear": {
        "best_eta": 0.07029732115325475,
        "min_risk": 0.00011620400363836836
    }
}