{
    "wsd": {
        "best_eta": 0.08685113737513529,
        "min_risk": 0.0014845923806036379
    },
    "constant": {
        "best_eta": 0.07029732115325475,
        "min_risk": 0.001953587347348246
    },
    "linear": {
        "best_eta": 0.16378937069540647,
        "min_risk": 0.001111704531149042
    }
}