{
    "wsd": {
        "best_eta": 0.13257113655901095,
        "min_risk": 0.0002426558698914706
    },
    "constant": {
        "best_eta": 0.08685113737513529,
        "min_risk": 0.0006257064361004728
    },
    "linear": {
        "best_eta": 0.25001103826179305,
        "min_risk": 0.00015244447787056788
    }
}