{
    "wsd": {
        "best_eta": 0.13257113655901095,
        "min_risk": 0.0016904576362485628
    },
    "constant": {
        "best_eta": 0.10730309405261565,
        "min_risk": 0.0030545255195654347
    },
    "linear": {
        "best_eta": 0.3088843596477482,
        "min_risk": 0.0010911978794135978
    }
}