{
    "wsd": {
        "best_eta": 0.3088843596477482,
        "min_risk": 0.00032577931210458415
    },
    "constant": {
        "best_eta": 0.16378937069540647,
        "min_risk": 0.0012428389160373692
    },
    "linear": {
        "best_eta": 0.5825136712468927,
        "min_risk": 0.00021647474049664035
    }
}