{
    "wsd": {
        "best_eta": 0.10730309405261565,
        "min_risk": 0.0002296236877139492
    },
    "constant": {
        "best_eta": 0.08685113737513529,
        "min_risk": 0.0005582789196176954
    },
    "linear": {
        "best_eta": 0.25001103826179305,
        "min_risk": 0.0001455656111501949
    }
}