{
    "wsd": {
        "best_eta": 0.5825136712468927,
        "min_risk": 0.001262160196704386
    },
    "constant": {
        "best_eta": 0.3088843596477482,
        "min_risk": 0.004394483841429369
    },
    "linear": {
        "best_eta": 0.5825136712468927,
        "min_risk": 0.0023880262817162043
    }
}