{
    "wsd": {
        "best_eta": 0.20235896477251575,
        "min_risk": 0.010407304429881317
    },
    "constant": {
        "best_eta": 0.16378937069540647,
        "min_risk": 0.011006811280832002
    },
    "linear": {
        "best_eta": 0.3088843596477482,
        "min_risk": 0.010424181583035246
    }
}