{
    "wsd": {
        "best_eta": 0.47148663634573945,
        "min_risk": 0.0005132794892505493
    },
    "constant": {
        "best_eta": 0.25001103826179305,
        "min_risk": 0.002579496864709
    },
    "linear": {
        "best_eta": 0.5825136712468927,
        "min_risk": 0.0008457344184704341
    }
}