{
    "wsd": {
        "best_eta": 0.3906939937054613,
        "min_risk": 0.021182042993085865
    },
    "constant": {
        "best_eta": 0.3906939937054613,
        "min_risk": 0.028220095040697238
    },
    "linear": {
        "best_eta": 0.47148663634573895,
        "min_risk": 0.04138401576879342
    }
}