{
    "wsd": {
        "best_eta": 0.08858667904100823,
        "min_risk": 0.0008843977431791616
    },
    "constant": {
        "best_eta": 0.05455594781168514,
        "min_risk": 0.0014019802435411032
    },
    "linear": {
        "best_eta": 0.14384498882876628,
        "min_risk": 0.0005327354323252958
    }
}