{
    "wsd": {
        "best_eta": 0.14384498882876628,
        "min_risk": 0.0005789628920366515
    },
    "constant": {
        "best_eta": 0.14384498882876628,
        "min_risk": 0.0014036647387566687
    },
    "linear": {
        "best_eta": 0.3792690190732246,
        "min_risk": 0.0003952433993201187
    }
}