{
    "wsd": {
        "best_eta": 0.08858667904100823,
        "min_risk": 0.00021423557310082137
    },
    "constant": {
        "best_eta": 0.08858667904100823,
        "min_risk": 0.0005410425177544891
    },
    "linear": {
        "best_eta": 0.23357214690901212,
        "min_risk": 0.00014608609298714275
    }
}