{
    "wsd": {
        "best_eta": 0.007847599703514606,
        "min_risk": 0.0011901742867660684
    },
    "constant": {
        "best_eta": 0.007847599703514606,
        "min_risk": 0.001359239542556172
    },
    "linear": {
        "best_eta": 0.0206913808111479,
        "min_risk": 0.0006776419078107305
    }
}