{
    "wsd": {
        "best_eta": 0.47148663634573945,
        "min_risk": 0.00037751147403633706
    },
    "constant": {
        "best_eta": 0.25001103826179305,
        "min_risk": 0.0017037682073628277
    },
    "linear": {
        "best_eta": 0.5825136712468927,
        "min_risk": 0.00039224627358371337
    }
}