{
    "wsd": {
        "best_eta": 0.23357214690901212,
        "min_risk": 0.0008746577186962243
    },
    "constant": {
        "best_eta": 0.14384498882876628,
        "min_risk": 0.0019259612468798706
    },
    "linear": {
        "best_eta": 0.3792690190732246,
        "min_risk": 0.000526750578366244
    }
}