{
    "wsd": {
        "best_eta": 0.012742749857031334,
        "min_risk": 0.0007220841039102908
    },
    "constant": {
        "best_eta": 0.012742749857031334,
        "min_risk": 0.0011766839856263164
    },
    "linear": {
        "best_eta": 0.0206913808111479,
        "min_risk": 0.00044922030729082415
    }
}