{
    "wsd": {
        "best_eta": 0.16378937069540647,
        "min_risk": 0.0002549535553083851
    },
    "constant": {
        "best_eta": 0.10730309405261565,
        "min_risk": 0.0007374317427952777
    },
    "linear": {
        "best_eta": 0.3088843596477482,
        "min_risk": 0.00015858877431564928
    }
}