{
    "wsd": {
        "best_eta": 0.012742749857031334,
        "min_risk": 0.0005322762408099518
    },
    "constant": {
        "best_eta": 0.012742749857031334,
        "min_risk": 0.0006895571360283052
    },
    "linear": {
        "best_eta": 0.03359818286283781,
        "min_risk": 0.0003381418364352312
    }
}