{
    "wsd": {
        "best_eta": 0.05455594781168514,
        "min_risk": 0.0012200563779929865
    },
    "constant": {
        "best_eta": 0.05455594781168514,
        "min_risk": 0.002297106876544064
    },
    "linear": {
        "best_eta": 0.14384498882876628,
        "min_risk": 0.0009000951665156912
    }
}