{
    "wsd": {
        "best_eta": 0.008483428982440725,
        "min_risk": 0.0001444624542902619
    },
    "constant": {
        "best_eta": 0.006866488450042998,
        "min_risk": 0.00019182919512282138
    },
    "linear": {
        "best_eta": 0.01599858719606059,
        "min_risk": 9.382827834833604e-05
    }
}