{
    "wsd": {
        "best_eta": 0.008483428982440725,
        "min_risk": 0.0006846713578333866
    },
    "constant": {
        "best_eta": 0.006866488450042998,
        "min_risk": 0.0009025150526961251
    },
    "linear": {
        "best_eta": 0.01599858719606059,
        "min_risk": 0.00044804658387342705
    }
}