{
    "wsd": {
        "best_eta": 0.05455594781168514,
        "min_risk": 0.0005380857825174102
    },
    "constant": {
        "best_eta": 0.05455594781168514,
        "min_risk": 0.0008789611093890709
    },
    "linear": {
        "best_eta": 0.14384498882876628,
        "min_risk": 0.0003387552053796723
    }
}