{
    "wsd": {
        "best_eta": 0.08685113737513529,
        "min_risk": 0.0014864800635776645
    },
    "constant": {
        "best_eta": 0.07029732115325475,
        "min_risk": 0.00210623102243914
    },
    "linear": {
        "best_eta": 0.20235896477251575,
        "min_risk": 0.0010563525667171268
    }
}