{
    "wsd": {
        "best_eta": 0.20235896477251575,
        "min_risk": 0.0002887746421393472
    },
    "constant": {
        "best_eta": 0.13257113655901095,
        "min_risk": 0.0008936128977791135
    },
    "linear": {
        "best_eta": 0.3816213407949357,
        "min_risk": 0.00017447715440597786
    }
}