{
    "wsd": {
        "best_eta": 0.14384498882876628,
        "min_risk": 0.0008406737672549513
    },
    "constant": {
        "best_eta": 0.14384498882876628,
        "min_risk": 0.002091088865937499
    },
    "linear": {
        "best_eta": 0.3792690190732246,
        "min_risk": 0.0005174765684520248
    }
}