{
    "wsd": {
        "best_eta": 0.47148663634573945,
        "min_risk": 0.00044856842594398174
    },
    "constant": {
        "best_eta": 0.25001103826179305,
        "min_risk": 0.0024601108608136094
    },
    "linear": {
        "best_eta": 0.5825136712468927,
        "min_risk": 0.0005043138952318015
    }
}