{
    "wsd": {
        "best_eta": 1.0,
        "min_risk": 0.001161837021453193
    },
    "constant": {
        "best_eta": 0.3792690190732246,
        "min_risk": 0.004641796473396026
    },
    "linear": {
        "best_eta": 1.0,
        "min_risk": 0.0013170297957921853
    }
}