{
    "wsd": {
        "best_eta": 1.0,
        "min_risk": 0.0016294063624504793
    },
    "constant": {
        "best_eta": 0.615848211066026,
        "min_risk": 0.005575001701596421
    },
    "linear": {
        "best_eta": 1.0,
        "min_risk": 0.0037354855033963187
    }
}