{
    "wsd": {
        "best_eta": 0.47148663634573945,
        "min_risk": 0.0005612019662505551
    },
    "constant": {
        "best_eta": 0.20235896477251575,
        "min_risk": 0.0018956160036210298
    },
    "linear": {
        "best_eta": 0.5825136712468927,
        "min_risk": 0.0007058988292592159
    }
}