{
    "constant": {
        "best_eta": 0.0012648552168552957,
        "min_risk": 6.919276396077172e-06
    }
}