{
    "wsd": {
        "best_eta": 0.23357214690901212,
        "min_risk": 0.0003181787849708747
    },
    "constant": {
        "best_eta": 0.14384498882876628,
        "min_risk": 0.0009357145711779245
    },
    "linear": {
        "best_eta": 0.3792690190732246,
        "min_risk": 0.00017482315961337666
    }
}