{
    "wsd": {
        "best_eta": 0.007847599703514606,
        "min_risk": 0.0006939349802486047
    },
    "constant": {
        "best_eta": 0.007847599703514606,
        "min_risk": 0.0009955268008722598
    },
    "linear": {
        "best_eta": 0.0206913808111479,
        "min_risk": 0.0005050907231616753
    }
}