{
    "wsd": {
        "best_eta": 0.009102981779915217,
        "min_risk": 2.203664959496937e-05
    },
    "constant": {
        "best_eta": 0.007543120063354615,
        "min_risk": 5.046595567892188e-05
    },
    "linear": {
        "best_eta": 0.019306977288832496,
        "min_risk": 1.401569581479148e-05
    }
}