{
    "wsd": {
        "best_eta": 0.12915496650148828,
        "min_risk": 0.0034988053427879823
    },
    "constant": {
        "best_eta": 0.12915496650148828,
        "min_risk": 0.004153395316303624
    },
    "linear": {
        "best_eta": 0.3593813663804626,
        "min_risk": 0.002490518187395422
    }
}