{
    "wsd": {
        "best_eta": 0.47148663634573945,
        "min_risk": 0.0005258457964648944
    },
    "constant": {
        "best_eta": 0.25001103826179305,
        "min_risk": 0.002282086892345313
    },
    "linear": {
        "best_eta": 0.5825136712468927,
        "min_risk": 0.0007401931976571301
    }
}