{
    "wsd": {
        "best_eta": 0.019765980717016348,
        "min_risk": 0.0007328401865280361
    },
    "constant": {
        "best_eta": 0.01599858719606059,
        "min_risk": 0.001012950911567958
    },
    "linear": {
        "best_eta": 0.037275937203149416,
        "min_risk": 0.0004741806397976921
    }
}