{
    "wsd": {
        "best_eta": 0.08858667904100823,
        "min_risk": 0.0008893001504085211
    },
    "constant": {
        "best_eta": 0.05455594781168514,
        "min_risk": 0.0016468436288246315
    },
    "linear": {
        "best_eta": 0.14384498882876628,
        "min_risk": 0.000548762460124275
    }
}