{
    "wsd": {
        "best_eta": 0.25001103826179305,
        "min_risk": 0.022992180243149647
    },
    "constant": {
        "best_eta": 0.20235896477251575,
        "min_risk": 0.024152776961268684
    },
    "linear": {
        "best_eta": 0.47148663634573945,
        "min_risk": 0.023340467033426973
    }
}