{
    "wsd": {
        "best_eta": 0.0206913808111479,
        "min_risk": 0.0010386975716885519
    },
    "constant": {
        "best_eta": 0.0206913808111479,
        "min_risk": 0.0017366235836890238
    },
    "linear": {
        "best_eta": 0.05455594781168514,
        "min_risk": 0.0007485643202037733
    }
}