{
    "wsd": {
        "best_eta": 0.10481131341546852,
        "min_risk": 0.00023325268312598848
    },
    "constant": {
        "best_eta": 0.07196856730011514,
        "min_risk": 0.0005786992418888304
    },
    "linear": {
        "best_eta": 0.22229964825261933,
        "min_risk": 0.00014650490287829325
    }
}