{
    "wsd": {
        "best_eta": 0.3906939937054613,
        "min_risk": 0.024330068184570848
    },
    "constant": {
        "best_eta": 0.3906939937054613,
        "min_risk": 0.032361405669943936
    },
    "linear": {
        "best_eta": 0.5689866029018293,
        "min_risk": 0.04226705245023638
    }
}