{
    "linear": {
        "best_eta": 0.3816213407949357,
        "min_risk": 0.0042043200086056345
    }
}