{
    "wsd": {
        "best_eta": 0.007847599703514606,
        "min_risk": 0.0003957681336510278
    },
    "constant": {
        "best_eta": 0.007847599703514606,
        "min_risk": 0.0005930314133883211
    },
    "linear": {
        "best_eta": 0.012742749857031334,
        "min_risk": 0.00027840626040699884
    }
}