{
    "wsd": {
        "best_eta": 0.04605378255822417,
        "min_risk": 0.0001793240355143194
    },
    "constant": {
        "best_eta": 0.037275937203149416,
        "min_risk": 0.000317649365359184
    },
    "linear": {
        "best_eta": 0.08685113737513529,
        "min_risk": 0.00011504274172086856
    }
}