{
    "linear": {
        "best_eta": 0.20235896477251575,
        "min_risk": 0.00015465000851461446
    }
}