{
    "constant": {
        "best_eta": 0.01599858719606059,
        "min_risk": 0.0001049504184148011
    }
}