{
    "wsd": {
        "best_eta": 0.14384498882876628,
        "min_risk": 0.0002488487784927085
    },
    "constant": {
        "best_eta": 0.08858667904100823,
        "min_risk": 0.0008056072434875842
    },
    "linear": {
        "best_eta": 0.3792690190732246,
        "min_risk": 0.00016488272165444747
    }
}