{
    "constant": {
        "best_eta": 0.0015627069765469963,
        "min_risk": 0.0002676312165542259
    }
}