{
    "wsd": {
        "best_eta": 0.47148663634573945,
        "min_risk": 0.036441866373454784
    },
    "constant": {
        "best_eta": 0.3088843596477482,
        "min_risk": 0.0611420449282101
    },
    "linear": {
        "best_eta": 0.5825136712468927,
        "min_risk": 0.04477792136829224
    }
}