{
    "wsd": {
        "best_eta": 0.3792690190732246,
        "min_risk": 0.0006069585172837576
    },
    "constant": {
        "best_eta": 0.23357214690901212,
        "min_risk": 0.001790726668461143
    },
    "linear": {
        "best_eta": 0.615848211066026,
        "min_risk": 0.000425501766950412
    }
}