{
    "wsd": {
        "best_eta": 0.05689866029018299,
        "min_risk": 0.0015011258963957758
    },
    "constant": {
        "best_eta": 0.04605378255822417,
        "min_risk": 0.002273764476126626
    },
    "linear": {
        "best_eta": 0.10730309405261565,
        "min_risk": 0.0009769032902372677
    }
}