{
    "wsd": {
        "best_eta": 0.04605378255822417,
        "min_risk": 0.00018193239639251757
    },
    "constant": {
        "best_eta": 0.037275937203149416,
        "min_risk": 0.00032289508051163904
    },
    "linear": {
        "best_eta": 0.08685113737513529,
        "min_risk": 0.00011800126037316499
    }
}