{
    "wsd": {
        "best_eta": 0.0206913808111479,
        "min_risk": 0.00017437753177431756
    },
    "constant": {
        "best_eta": 0.0206913808111479,
        "min_risk": 0.00027441043426247233
    },
    "linear": {
        "best_eta": 0.05455594781168514,
        "min_risk": 0.00011751053457204374
    }
}