{
    "linear": {
        "best_eta": 0.3816213407949357,
        "min_risk": 5.379223607358593e-05
    }
}