{
    "wsd": {
        "best_eta": 0.037275937203149416,
        "min_risk": 0.0011610314495500737
    },
    "constant": {
        "best_eta": 0.030171148105292957,
        "min_risk": 0.0017754343981072373
    },
    "linear": {
        "best_eta": 0.08685113737513529,
        "min_risk": 0.0007718511381494362
    }
}