{
    "wsd": {
        "best_eta": 0.05455594781168514,
        "min_risk": 0.00021208976718031694
    },
    "constant": {
        "best_eta": 0.05455594781168514,
        "min_risk": 0.0004372281091816118
    },
    "linear": {
        "best_eta": 0.14384498882876628,
        "min_risk": 0.00013795264645624888
    }
}