{
    "wsd": {
        "best_eta": 0.25001103826179305,
        "min_risk": 0.003840670630508529
    },
    "constant": {
        "best_eta": 0.16378937069540647,
        "min_risk": 0.005390922846959783
    },
    "linear": {
        "best_eta": 0.47148663634573945,
        "min_risk": 0.002825440293148831
    }
}