{
    "wsd": {
        "best_eta": 0.03359818286283781,
        "min_risk": 0.0006063111936807685
    },
    "constant": {
        "best_eta": 0.0206913808111479,
        "min_risk": 0.0007463791059670948
    },
    "linear": {
        "best_eta": 0.05455594781168514,
        "min_risk": 0.00034212076796387295
    }
}