{
    "constant": {
        "best_eta": 0.037275937203149416,
        "min_risk": 0.00029960775432258293
    }
}