{
    "wsd": {
        "best_eta": 1.0,
        "min_risk": 0.0012021786007092184
    },
    "constant": {
        "best_eta": 0.615848211066026,
        "min_risk": 0.005141061907259556
    },
    "linear": {
        "best_eta": 1.0,
        "min_risk": 0.0024767817629076975
    }
}