{
    "linear": {
        "best_eta": 0.004498432668969444,
        "min_risk": 0.002203997446160591
    }
}