{
    "wsd": {
        "best_eta": 0.3792690190732246,
        "min_risk": 0.0011858180109411628
    },
    "constant": {
        "best_eta": 0.23357214690901212,
        "min_risk": 0.0035607078571273324
    },
    "linear": {
        "best_eta": 0.3792690190732246,
        "min_risk": 0.0023732740702074773
    }
}