{
    "wsd": {
        "best_eta": 0.3792690190732246,
        "min_risk": 0.0012588444371462362
    },
    "constant": {
        "best_eta": 0.23357214690901212,
        "min_risk": 0.004276545519618353
    },
    "linear": {
        "best_eta": 0.3792690190732246,
        "min_risk": 0.003890386656775608
    }
}