{
    "wsd": {
        "best_eta": 0.0206913808111479,
        "min_risk": 0.0010874001247803368
    },
    "constant": {
        "best_eta": 0.012742749857031334,
        "min_risk": 0.0012650151151192895
    },
    "linear": {
        "best_eta": 0.03359818286283781,
        "min_risk": 0.0006392416763178883
    }
}