{
    "wsd": {
        "best_eta": 0.23357214690901212,
        "min_risk": 0.0009584140697608135
    },
    "constant": {
        "best_eta": 0.14384498882876628,
        "min_risk": 0.002195905164426853
    },
    "linear": {
        "best_eta": 0.3792690190732246,
        "min_risk": 0.0006233659725598104
    }
}