{
    "wsd": {
        "best_eta": 0.08858667904100823,
        "min_risk": 0.0013666133430397204
    },
    "constant": {
        "best_eta": 0.05455594781168514,
        "min_risk": 0.002498770331588953
    },
    "linear": {
        "best_eta": 0.14384498882876628,
        "min_risk": 0.0009286652674757562
    }
}