{
    "wsd": {
        "best_eta": 0.012742749857031334,
        "min_risk": 0.0004456292623974356
    },
    "constant": {
        "best_eta": 0.007847599703514606,
        "min_risk": 0.0006256377653209848
    },
    "linear": {
        "best_eta": 0.0206913808111479,
        "min_risk": 0.0002701694146592553
    }
}