{
    "wsd": {
        "best_eta": 0.5825136712468927,
        "min_risk": 0.0011274625097375901
    },
    "constant": {
        "best_eta": 0.3088843596477482,
        "min_risk": 0.005057158178283871
    },
    "linear": {
        "best_eta": 0.5825136712468927,
        "min_risk": 0.0030158720304791233
    }
}