{
    "wsd": {
        "best_eta": 0.47148663634573945,
        "min_risk": 0.03257074467447939
    },
    "constant": {
        "best_eta": 0.25001103826179305,
        "min_risk": 0.05328899266888396
    },
    "linear": {
        "best_eta": 0.5825136712468927,
        "min_risk": 0.03871331236369069
    }
}