{
    "constant": {
        "best_eta": 0.08685113737513529,
        "min_risk": 0.000707502977673145
    }
}