{
    "wsd": {
        "best_eta": 0.05455594781168514,
        "min_risk": 0.0008697740509456272
    },
    "constant": {
        "best_eta": 0.03359818286283781,
        "min_risk": 0.0011858548959151616
    },
    "linear": {
        "best_eta": 0.08858667904100823,
        "min_risk": 0.000515079847443959
    }
}