{
    "wsd": {
        "best_eta": 0.5825136712468927,
        "min_risk": 0.016588994648474024
    },
    "constant": {
        "best_eta": 0.3088843596477482,
        "min_risk": 0.027930470659010154
    },
    "linear": {
        "best_eta": 0.5825136712468927,
        "min_risk": 0.02007678516013609
    }
}