{
    "wsd": {
        "best_eta": 0.16378937069540647,
        "min_risk": 0.0040967868530825315
    },
    "constant": {
        "best_eta": 0.13257113655901095,
        "min_risk": 0.0046200097986556
    },
    "linear": {
        "best_eta": 0.3088843596477482,
        "min_risk": 0.003989905636285972
    }
}