{
    "constant": {
        "best_eta": 0.3088843596477482,
        "min_risk": 3.161390678226096e-05
    }
}