{
    "linear": {
        "best_eta": 0.07029732115325475,
        "min_risk": 3.546473045256385e-05
    }
}