{
    "wsd": {
        "best_eta": 0.08858667904100823,
        "min_risk": 0.00021031870316287838
    },
    "constant": {
        "best_eta": 0.05455594781168514,
        "min_risk": 0.0005224968056405208
    },
    "linear": {
        "best_eta": 0.14384498882876628,
        "min_risk": 0.00014382853524590406
    }
}