{
    "wsd": {
        "best_eta": 0.05455594781168514,
        "min_risk": 0.0008339633793898109
    },
    "constant": {
        "best_eta": 0.03359818286283781,
        "min_risk": 0.0011404701122615971
    },
    "linear": {
        "best_eta": 0.08858667904100823,
        "min_risk": 0.0004995857795912035
    }
}