{
    "wsd": {
        "best_eta": 0.007847599703514606,
        "min_risk": 0.001106057297969407
    },
    "constant": {
        "best_eta": 0.007847599703514606,
        "min_risk": 0.0013324994733629983
    },
    "linear": {
        "best_eta": 0.0206913808111479,
        "min_risk": 0.0006657893411862093
    }
}