{
    "wsd": {
        "best_eta": 0.5825136712468927,
        "min_risk": 0.008660942614533665
    },
    "constant": {
        "best_eta": 0.3088843596477482,
        "min_risk": 0.015809554836437357
    },
    "linear": {
        "best_eta": 0.5825136712468927,
        "min_risk": 0.011004637022466561
    }
}