{
    "wsd": {
        "best_eta": 0.0206913808111479,
        "min_risk": 0.0005411217885547786
    },
    "constant": {
        "best_eta": 0.0206913808111479,
        "min_risk": 0.0008825303557586116
    },
    "linear": {
        "best_eta": 0.05455594781168514,
        "min_risk": 0.00038394596453507064
    }
}