{
    "wsd": {
        "best_eta": 0.019765980717016348,
        "min_risk": 0.001051489676164278
    },
    "constant": {
        "best_eta": 0.01599858719606059,
        "min_risk": 0.0014815190897832914
    },
    "linear": {
        "best_eta": 0.04605378255822417,
        "min_risk": 0.0007030789888594697
    }
}