{
    "wsd": {
        "best_eta": 0.3906939937054613,
        "min_risk": 0.00038439427710585213
    },
    "constant": {
        "best_eta": 0.22229964825261933,
        "min_risk": 0.0017361115095639126
    },
    "linear": {
        "best_eta": 0.5689866029018293,
        "min_risk": 0.00028531493477494994
    }
}