{
    "wsd": {
        "best_eta": 0.08685113737513529,
        "min_risk": 0.00023005437702147338
    },
    "constant": {
        "best_eta": 0.07029732115325475,
        "min_risk": 0.0005305074984124045
    },
    "linear": {
        "best_eta": 0.16378937069540647,
        "min_risk": 0.00014207198663880127
    }
}