{
    "wsd": {
        "best_eta": 0.3088843596477482,
        "min_risk": 0.0003173450647419312
    },
    "constant": {
        "best_eta": 0.16378937069540647,
        "min_risk": 0.0012680153756859294
    },
    "linear": {
        "best_eta": 0.5825136712468927,
        "min_risk": 0.00020739673115471624
    }
}