{
    "wsd": {
        "best_eta": 0.040949150623804234,
        "min_risk": 0.0007053994084099073
    },
    "constant": {
        "best_eta": 0.033932217718953266,
        "min_risk": 0.0009972275238141729
    },
    "linear": {
        "best_eta": 0.08685113737513521,
        "min_risk": 0.0004784095284744083
    }
}