{
    "wsd": {
        "best_eta": 0.47148663634573945,
        "min_risk": 0.0005153209452883768
    },
    "constant": {
        "best_eta": 0.25001103826179305,
        "min_risk": 0.002440027869021325
    },
    "linear": {
        "best_eta": 0.5825136712468927,
        "min_risk": 0.0008528802453818668
    }
}