{
    "wsd": {
        "best_eta": 0.5825136712468927,
        "min_risk": 0.005959192091727736
    },
    "constant": {
        "best_eta": 0.3088843596477482,
        "min_risk": 0.01089200362682581
    },
    "linear": {
        "best_eta": 0.5825136712468927,
        "min_risk": 0.0074582860547881885
    }
}