{
    "wsd": {
        "best_eta": 0.3816213407949357,
        "min_risk": 0.0003909096303397161
    },
    "constant": {
        "best_eta": 0.25001103826179305,
        "min_risk": 0.001924637442763463
    },
    "linear": {
        "best_eta": 0.5825136712468927,
        "min_risk": 0.000327451035601713
    }
}