{
    "wsd": {
        "best_eta": 0.23357214690901212,
        "min_risk": 0.0010104176060362572
    },
    "constant": {
        "best_eta": 0.23357214690901212,
        "min_risk": 0.002779426114081461
    },
    "linear": {
        "best_eta": 0.615848211066026,
        "min_risk": 0.000705162432169943
    }
}