{
    "wsd": {
        "best_eta": 0.25001103826179305,
        "min_risk": 0.0003066965615145866
    },
    "constant": {
        "best_eta": 0.16378937069540647,
        "min_risk": 0.0010933499100518643
    },
    "linear": {
        "best_eta": 0.5825136712468927,
        "min_risk": 0.00019639887262838158
    }
}