{
    "wsd": {
        "best_eta": 0.010481131341546863,
        "min_risk": 0.0010527125377776231
    },
    "constant": {
        "best_eta": 0.008483428982440725,
        "min_risk": 0.0014291059947031267
    },
    "linear": {
        "best_eta": 0.019765980717016348,
        "min_risk": 0.0006882494939876181
    }
}