{
    "wsd": {
        "best_eta": 0.05455594781168514,
        "min_risk": 0.00020339212932873933
    },
    "constant": {
        "best_eta": 0.05455594781168514,
        "min_risk": 0.00047459607025426435
    },
    "linear": {
        "best_eta": 0.08858667904100823,
        "min_risk": 0.0001295334266435178
    }
}