{
    "wsd": {
        "best_eta": 0.05689866029018299,
        "min_risk": 0.00857133321003735
    },
    "constant": {
        "best_eta": 0.04605378255822417,
        "min_risk": 0.009269795838143625
    },
    "linear": {
        "best_eta": 0.08685113737513529,
        "min_risk": 0.02974583082407649
    }
}