{
    "wsd": {
        "best_eta": 0.25001103826179305,
        "min_risk": 0.014391440051672554
    },
    "constant": {
        "best_eta": 0.20235896477251575,
        "min_risk": 0.015621529396184709
    },
    "linear": {
        "best_eta": 0.47148663634573945,
        "min_risk": 0.01449960058543601
    }
}