{
    "wsd": {
        "best_eta": 0.07029732115325475,
        "min_risk": 0.00019773427938550624
    },
    "constant": {
        "best_eta": 0.05689866029018299,
        "min_risk": 0.0004092185091300956
    },
    "linear": {
        "best_eta": 0.13257113655901095,
        "min_risk": 0.00012540387067341794
    }
}