{
    "wsd": {
        "best_eta": 0.5825136712468927,
        "min_risk": 0.0008297703015142869
    },
    "constant": {
        "best_eta": 0.25001103826179305,
        "min_risk": 0.003220148056347399
    },
    "linear": {
        "best_eta": 0.5825136712468927,
        "min_risk": 0.0014359553175055855
    }
}