{
    "wsd": {
        "best_eta": 0.07029732115325475,
        "min_risk": 0.0011462861012122938
    },
    "constant": {
        "best_eta": 0.05689866029018299,
        "min_risk": 0.0015847044145868496
    },
    "linear": {
        "best_eta": 0.13257113655901095,
        "min_risk": 0.0008081561001486945
    }
}