{
    "constant": {
        "best_eta": 0.037275937203149416,
        "min_risk": 0.0006943875948482634
    }
}