{
    "wsd": {
        "best_eta": 0.47148663634573945,
        "min_risk": 0.000448937842485295
    },
    "constant": {
        "best_eta": 0.25001103826179305,
        "min_risk": 0.0022316869926137703
    },
    "linear": {
        "best_eta": 0.5825136712468927,
        "min_risk": 0.0005421376985667297
    }
}