{
    "wsd": {
        "best_eta": 0.20235896477251575,
        "min_risk": 0.02411364101645244
    },
    "constant": {
        "best_eta": 0.16378937069540647,
        "min_risk": 0.025007005618876012
    },
    "linear": {
        "best_eta": 0.3816213407949357,
        "min_risk": 0.02426585357230202
    }
}