{
    "wsd": {
        "best_eta": 0.04605378255822417,
        "min_risk": 0.0001657450507552992
    },
    "constant": {
        "best_eta": 0.037275937203149416,
        "min_risk": 0.0002920206687793947
    },
    "linear": {
        "best_eta": 0.08685113737513529,
        "min_risk": 0.00010728418352815243
    }
}