{
    "constant": {
        "best_eta": 0.004498432668969444,
        "min_risk": 0.0007005353294600163
    }
}