{
    "linear": {
        "best_eta": 0.006866488450042998,
        "min_risk": 0.000106386757731976
    }
}