{
    "wsd": {
        "best_eta": 0.05689866029018299,
        "min_risk": 0.0002018941061108662
    },
    "constant": {
        "best_eta": 0.04605378255822417,
        "min_risk": 0.00039450583123270936
    },
    "linear": {
        "best_eta": 0.13257113655901095,
        "min_risk": 0.0001290246061915327
    }
}