{
    "constant": {
        "best_eta": 0.030171148105292957,
        "min_risk": 0.00026021724411142235
    }
}