{
    "wsd": {
        "best_eta": 0.0206913808111479,
        "min_risk": 0.0001603694169091857
    },
    "constant": {
        "best_eta": 0.012742749857031334,
        "min_risk": 0.0002479271963149307
    },
    "linear": {
        "best_eta": 0.03359818286283781,
        "min_risk": 9.713889521151127e-05
    }
}