{
    "wsd": {
        "best_eta": 0.25001103826179305,
        "min_risk": 0.013753574292147172
    },
    "constant": {
        "best_eta": 0.20235896477251575,
        "min_risk": 0.014666256261340936
    },
    "linear": {
        "best_eta": 0.47148663634573945,
        "min_risk": 0.013874357628196629
    }
}