{
    "constant": {
        "best_eta": 0.25001103826179305,
        "min_risk": 0.0045228355381424406
    }
}