{
    "wsd": {
        "best_eta": 0.3792690190732246,
        "min_risk": 0.0019823101781239793
    },
    "constant": {
        "best_eta": 0.3792690190732246,
        "min_risk": 0.007049466719416432
    },
    "linear": {
        "best_eta": 0.3792690190732246,
        "min_risk": 0.008518794908430587
    }
}