{
    "wsd": {
        "best_eta": 0.47148663634573895,
        "min_risk": 0.036110293778634873
    },
    "constant": {
        "best_eta": 0.2682695795279725,
        "min_risk": 0.06105025912824779
    },
    "linear": {
        "best_eta": 0.5689866029018293,
        "min_risk": 0.04604819510485768
    }
}