{
    "wsd": {
        "best_eta": 0.08858667904100823,
        "min_risk": 0.0005232635861385381
    },
    "constant": {
        "best_eta": 0.08858667904100823,
        "min_risk": 0.001154784391253851
    },
    "linear": {
        "best_eta": 0.14384498882876628,
        "min_risk": 0.0003547347255627886
    }
}