{
    "wsd": {
        "best_eta": 0.008483428982440725,
        "min_risk": 0.000686487621730951
    },
    "constant": {
        "best_eta": 0.006866488450042998,
        "min_risk": 0.0009111394316102068
    },
    "linear": {
        "best_eta": 0.01599858719606059,
        "min_risk": 0.000448895764941507
    }
}