{
    "wsd": {
        "best_eta": 0.05689866029018299,
        "min_risk": 0.0009361759935138409
    },
    "constant": {
        "best_eta": 0.04605378255822417,
        "min_risk": 0.0012668269568043282
    },
    "linear": {
        "best_eta": 0.10730309405261565,
        "min_risk": 0.0006593197186896279
    }
}