{
    "wsd": {
        "best_eta": 0.07029732115325475,
        "min_risk": 0.00020363543582364426
    },
    "constant": {
        "best_eta": 0.05689866029018299,
        "min_risk": 0.00042045580877896494
    },
    "linear": {
        "best_eta": 0.13257113655901095,
        "min_risk": 0.00013002211178853569
    }
}