{
    "wsd": {
        "best_eta": 0.23357214690901212,
        "min_risk": 0.00023380790538610283
    },
    "constant": {
        "best_eta": 0.14384498882876628,
        "min_risk": 0.0006979115660474247
    },
    "linear": {
        "best_eta": 0.3792690190732246,
        "min_risk": 0.0001506042957975035
    }
}