{
    "wsd": {
        "best_eta": 0.5825136712468927,
        "min_risk": 0.006644236148402989
    },
    "constant": {
        "best_eta": 0.25001103826179305,
        "min_risk": 0.012091797346756595
    },
    "linear": {
        "best_eta": 0.5825136712468927,
        "min_risk": 0.008346865487565469
    }
}