{
    "wsd": {
        "best_eta": 0.5825136712468927,
        "min_risk": 0.008666889296645074
    },
    "constant": {
        "best_eta": 0.3088843596477482,
        "min_risk": 0.017625400075999227
    },
    "linear": {
        "best_eta": 0.5825136712468927,
        "min_risk": 0.012588518643436897
    }
}