{
    "wsd": {
        "best_eta": 0.0206913808111479,
        "min_risk": 0.0001683587946764179
    },
    "constant": {
        "best_eta": 0.0206913808111479,
        "min_risk": 0.0002994746081702856
    },
    "linear": {
        "best_eta": 0.03359818286283781,
        "min_risk": 0.00010777040634244833
    }
}