{
    "wsd": {
        "best_eta": 0.14384498882876628,
        "min_risk": 0.000980650489338602
    },
    "constant": {
        "best_eta": 0.08858667904100823,
        "min_risk": 0.0016291302885744622
    },
    "linear": {
        "best_eta": 0.23357214690901212,
        "min_risk": 0.0005778220064902817
    }
}