{
    "wsd": {
        "best_eta": 0.3816213407949357,
        "min_risk": 0.00036607596550722885
    },
    "constant": {
        "best_eta": 0.20235896477251575,
        "min_risk": 0.0017200706656357349
    },
    "linear": {
        "best_eta": 0.5825136712468927,
        "min_risk": 0.0002450375893734867
    }
}