{
    "constant": {
        "best_eta": 0.08685113737513529,
        "min_risk": 0.001123065817771534
    }
}