{
    "wsd": {
        "best_eta": 0.47148663634573895,
        "min_risk": 0.03716374167638278
    },
    "constant": {
        "best_eta": 0.32374575428176433,
        "min_risk": 0.06633232946173655
    },
    "linear": {
        "best_eta": 0.5689866029018293,
        "min_risk": 0.05114414739190855
    }
}