{
    "wsd": {
        "best_eta": 0.5825136712468927,
        "min_risk": 0.0014532456316058448
    },
    "constant": {
        "best_eta": 0.25001103826179305,
        "min_risk": 0.004503860050557192
    },
    "linear": {
        "best_eta": 0.5825136712468927,
        "min_risk": 0.002478248079524783
    }
}