{
    "wsd": {
        "best_eta": 0.03359818286283781,
        "min_risk": 0.00016422290200256018
    },
    "constant": {
        "best_eta": 0.0206913808111479,
        "min_risk": 0.00022741234084539165
    },
    "linear": {
        "best_eta": 0.05455594781168514,
        "min_risk": 9.918031010610052e-05
    }
}