{
    "wsd": {
        "best_eta": 0.012742749857031334,
        "min_risk": 0.0007158591961050353
    },
    "constant": {
        "best_eta": 0.012742749857031334,
        "min_risk": 0.0011572537731933555
    },
    "linear": {
        "best_eta": 0.0206913808111479,
        "min_risk": 0.00045170800989867194
    }
}