{
    "wsd": {
        "best_eta": 0.037275937203149416,
        "min_risk": 0.00018724401110364764
    },
    "constant": {
        "best_eta": 0.030171148105292957,
        "min_risk": 0.00031748635821852306
    },
    "linear": {
        "best_eta": 0.07029732115325475,
        "min_risk": 0.00011677825674593156
    }
}