{
    "20": {
        "wsd": {
            "best_eta": 0.25001103826179305,
            "min_risk": 0.24690547784914313
        },
        "constant": {
            "best_eta": 0.25001103826179305,
            "min_risk": 0.24690547784914313
        },
        "linear": {
            "best_eta": 0.25001103826179305,
            "min_risk": 0.24660785318338158
        }
    },
    "40": {
        "wsd": {
            "best_eta": 0.25001103826179305,
            "min_risk": 0.18243752686589623
        },
        "constant": {
            "best_eta": 0.25001103826179305,
            "min_risk": 0.18243752686589623
        },
        "linear": {
            "best_eta": 0.25001103826179305,
            "min_risk": 0.18124049885730403
        }
    },
    "60": {
        "wsd": {
            "best_eta": 0.20235896477251575,
            "min_risk": 0.15888365622441003
        },
        "constant": {
            "best_eta": 0.20235896477251575,
            "min_risk": 0.15888365622441003
        },
        "linear": {
            "best_eta": 0.20235896477251575,
            "min_risk": 0.15816226000240463
        }
    },
    "80": {
        "wsd": {
            "best_eta": 0.20235896477251575,
            "min_risk": 0.1449835936965347
        },
        "constant": {
            "best_eta": 0.20235896477251575,
            "min_risk": 0.1449835936965347
        },
        "linear": {
            "best_eta": 0.25001103826179305,
            "min_risk": 0.14332896885837954
        }
    },
    "99": {
        "wsd": {
            "best_eta": 0.25001103826179305,
            "min_risk": 0.134605699067387
        },
        "constant": {
            "best_eta": 0.25001103826179305,
            "min_risk": 0.134605699067387
        },
        "linear": {
            "best_eta": 0.25001103826179305,
            "min_risk": 0.13240111462749948
        }
    }
}