{
    "wsd": {
        "best_eta": 0.07196856730011514,
        "min_risk": 0.00021845574081963865
    },
    "constant": {
        "best_eta": 0.05963623316594643,
        "min_risk": 0.00047162321255082043
    },
    "linear": {
        "best_eta": 0.12648552168552957,
        "min_risk": 0.00013623044160865978
    }
}