{
    "constant": {
        "best_eta": 0.005557736586486881,
        "min_risk": 7.551955812958509e-05
    }
}