{
    "wsd": {
        "best_eta": 0.10730309405261565,
        "min_risk": 0.00023127642286952606
    },
    "constant": {
        "best_eta": 0.08685113737513529,
        "min_risk": 0.0005753186166236188
    },
    "linear": {
        "best_eta": 0.20235896477251575,
        "min_risk": 0.00014613434761148142
    }
}