{
    "wsd": {
        "best_eta": 0.5825136712468927,
        "min_risk": 0.004637541867241812
    },
    "constant": {
        "best_eta": 0.25001103826179305,
        "min_risk": 0.008567285104688484
    },
    "linear": {
        "best_eta": 0.5825136712468927,
        "min_risk": 0.005800121852275078
    }
}