{
    "wsd": {
        "best_eta": 0.20235896477251575,
        "min_risk": 0.004505498198600933
    },
    "constant": {
        "best_eta": 0.16378937069540647,
        "min_risk": 0.005693810708177522
    },
    "linear": {
        "best_eta": 0.47148663634573945,
        "min_risk": 0.003763914215936444
    }
}