{
    "wsd": {
        "best_eta": 0.5825136712468927,
        "min_risk": 0.014218908726519014
    },
    "constant": {
        "best_eta": 0.25001103826179305,
        "min_risk": 0.02416999617145514
    },
    "linear": {
        "best_eta": 0.5825136712468927,
        "min_risk": 0.01758634961401892
    }
}