{
    "wsd": {
        "best_eta": 0.007847599703514606,
        "min_risk": 0.001015136088400313
    },
    "constant": {
        "best_eta": 0.007847599703514606,
        "min_risk": 0.001303596400752045
    },
    "linear": {
        "best_eta": 0.0206913808111479,
        "min_risk": 0.0006529780207928371
    }
}