{
    "wsd": {
        "best_eta": 0.25001103826179305,
        "min_risk": 0.02138740744108727
    },
    "constant": {
        "best_eta": 0.20235896477251575,
        "min_risk": 0.02675028615603399
    },
    "linear": {
        "best_eta": 0.3088843596477482,
        "min_risk": 0.049129034107687895
    }
}