{
    "wsd": {
        "best_eta": 0.2682695795279725,
        "min_risk": 0.6222167487449628
    },
    "constant": {
        "best_eta": 0.22229964825261933,
        "min_risk": 0.695366514358643
    },
    "linear": {
        "best_eta": 0.3906939937054613,
        "min_risk": 0.6441730467619271
    }
}