{
    "wsd": {
        "best_eta": 0.012742749857031334,
        "min_risk": 0.0010330451120409711
    },
    "constant": {
        "best_eta": 0.012742749857031334,
        "min_risk": 0.0015797101116012708
    },
    "linear": {
        "best_eta": 0.03359818286283781,
        "min_risk": 0.0007244132940374885
    }
}