{
    "wsd": {
        "best_eta": 0.3792690190732246,
        "min_risk": 0.007982636527829576
    },
    "constant": {
        "best_eta": 0.3792690190732246,
        "min_risk": 0.016356981623107447
    },
    "linear": {
        "best_eta": 0.3792690190732246,
        "min_risk": 0.018046618467626563
    }
}