{
    "wsd": {
        "best_eta": 0.25001103826179305,
        "min_risk": 0.00032995047338716353
    },
    "constant": {
        "best_eta": 0.16378937069540647,
        "min_risk": 0.001282595730909328
    },
    "linear": {
        "best_eta": 0.5825136712468927,
        "min_risk": 0.00020038824237766177
    }
}