{
    "wsd": {
        "best_eta": 0.01294925842205263,
        "min_risk": 0.00014124757426971237
    },
    "constant": {
        "best_eta": 0.010481131341546863,
        "min_risk": 0.0001895042419232085
    },
    "linear": {
        "best_eta": 0.02442053094548652,
        "min_risk": 9.20213106610476e-05
    }
}