{
    "wsd": {
        "best_eta": 0.16378937069540647,
        "min_risk": 0.003603103796668958
    },
    "constant": {
        "best_eta": 0.13257113655901095,
        "min_risk": 0.004390556266742746
    },
    "linear": {
        "best_eta": 0.3088843596477482,
        "min_risk": 0.0031870621956406288
    }
}