{
    "wsd": {
        "best_eta": 0.03359818286283781,
        "min_risk": 0.0007535382028722605
    },
    "constant": {
        "best_eta": 0.03359818286283781,
        "min_risk": 0.0013160419802183206
    },
    "linear": {
        "best_eta": 0.05455594781168514,
        "min_risk": 0.00048241845894505045
    }
}