{
    "wsd": {
        "best_eta": 0.23357214690901212,
        "min_risk": 0.0011076193770980657
    },
    "constant": {
        "best_eta": 0.23357214690901212,
        "min_risk": 0.0033164364165771277
    },
    "linear": {
        "best_eta": 0.3792690190732246,
        "min_risk": 0.0011791166553036562
    }
}