{
    "wsd": {
        "best_eta": 0.3792690190732246,
        "min_risk": 0.0010175946672215993
    },
    "constant": {
        "best_eta": 0.23357214690901212,
        "min_risk": 0.002925774230780929
    },
    "linear": {
        "best_eta": 0.3792690190732246,
        "min_risk": 0.0016734315442637469
    }
}