{
    "wsd": {
        "best_eta": 0.47148663634573945,
        "min_risk": 0.022936015441518014
    },
    "constant": {
        "best_eta": 0.3088843596477482,
        "min_risk": 0.03852790603014891
    },
    "linear": {
        "best_eta": 0.5825136712468927,
        "min_risk": 0.02793948318945518
    }
}