{
    "wsd": {
        "best_eta": 0.20235896477251575,
        "min_risk": 0.023050168059991834
    },
    "constant": {
        "best_eta": 0.20235896477251575,
        "min_risk": 0.02853341328983479
    },
    "linear": {
        "best_eta": 0.3088843596477482,
        "min_risk": 0.054495094613311035
    }
}