{
    "wsd": {
        "best_eta": 0.13257113655901095,
        "min_risk": 0.0002296266969580681
    },
    "constant": {
        "best_eta": 0.08685113737513529,
        "min_risk": 0.0005764159801178855
    },
    "linear": {
        "best_eta": 0.3088843596477482,
        "min_risk": 0.0001515573635343794
    }
}