{
    "wsd": {
        "best_eta": 0.03359818286283781,
        "min_risk": 0.0012845287875798926
    },
    "constant": {
        "best_eta": 0.0206913808111479,
        "min_risk": 0.0015568666862746461
    },
    "linear": {
        "best_eta": 0.05455594781168514,
        "min_risk": 0.0007158432275485899
    }
}