{
    "wsd": {
        "best_eta": 1.0,
        "min_risk": 0.001254497344926688
    },
    "constant": {
        "best_eta": 0.615848211066026,
        "min_risk": 0.005431176975604856
    },
    "linear": {
        "best_eta": 1.0,
        "min_risk": 0.0026905336439519987
    }
}