{
    "wsd": {
        "best_eta": 0.16378937069540647,
        "min_risk": 0.00027488122577161374
    },
    "constant": {
        "best_eta": 0.13257113655901095,
        "min_risk": 0.0008531079604630768
    },
    "linear": {
        "best_eta": 0.3816213407949357,
        "min_risk": 0.00017099844599231692
    }
}