{
    "wsd": {
        "best_eta": 0.08685113737513529,
        "min_risk": 0.00022969686768662442
    },
    "constant": {
        "best_eta": 0.07029732115325475,
        "min_risk": 0.0005174487118947701
    },
    "linear": {
        "best_eta": 0.20235896477251575,
        "min_risk": 0.00014293452212804932
    }
}