{
    "wsd": {
        "best_eta": 0.5689866029018293,
        "min_risk": 0.0017775905141466394
    },
    "constant": {
        "best_eta": 0.2682695795279725,
        "min_risk": 0.006740568059715939
    },
    "linear": {
        "best_eta": 0.5689866029018293,
        "min_risk": 0.0034909979512883806
    }
}