{
    "wsd": {
        "best_eta": 0.47148663634573895,
        "min_risk": 0.029680790797110924
    },
    "constant": {
        "best_eta": 0.3906939937054613,
        "min_risk": 0.042605348434176266
    },
    "linear": {
        "best_eta": 0.5689866029018293,
        "min_risk": 0.04272296765137342
    }
}