{
    "wsd": {
        "best_eta": 0.08858667904100823,
        "min_risk": 0.000886958166984836
    },
    "constant": {
        "best_eta": 0.05455594781168514,
        "min_risk": 0.0015234628640028104
    },
    "linear": {
        "best_eta": 0.14384498882876628,
        "min_risk": 0.00054103110791635
    }
}