{
    "wsd": {
        "best_eta": 0.23357214690901212,
        "min_risk": 0.001221075934350637
    },
    "constant": {
        "best_eta": 0.23357214690901212,
        "min_risk": 0.003409647547523361
    },
    "linear": {
        "best_eta": 0.3792690190732246,
        "min_risk": 0.0013644615548582882
    }
}