{
    "wsd": {
        "best_eta": 0.02442053094548652,
        "min_risk": 0.00017762913815685827
    },
    "constant": {
        "best_eta": 0.019765980717016348,
        "min_risk": 0.0002750321199058307
    },
    "linear": {
        "best_eta": 0.04605378255822417,
        "min_risk": 0.00011092137148187707
    }
}