{
    "wsd": {
        "best_eta": 0.15264179671752318,
        "min_risk": 0.0002485713140420072
    },
    "constant": {
        "best_eta": 0.10481131341546852,
        "min_risk": 0.0006675961627066384
    },
    "linear": {
        "best_eta": 0.2682695795279725,
        "min_risk": 0.00015591885198103355
    }
}