{
    "wsd": {
        "best_eta": 0.3792690190732246,
        "min_risk": 0.0010139467454349082
    },
    "constant": {
        "best_eta": 0.23357214690901212,
        "min_risk": 0.002892575856591864
    },
    "linear": {
        "best_eta": 1.0,
        "min_risk": 0.00067180734094353
    }
}