{
    "constant": {
        "best_eta": 0.02442053094548652,
        "min_risk": 0.00016093831913708922
    }
}