{
    "wsd": {
        "best_eta": 0.019765980717016348,
        "min_risk": 0.0010247550553011988
    },
    "constant": {
        "best_eta": 0.01599858719606059,
        "min_risk": 0.0014251830511809557
    },
    "linear": {
        "best_eta": 0.04605378255822417,
        "min_risk": 0.0006897524814493516
    }
}