{
    "wsd": {
        "best_eta": 0.008483428982440725,
        "min_risk": 0.001047219982532155
    },
    "constant": {
        "best_eta": 0.008483428982440725,
        "min_risk": 0.0014207949720119965
    },
    "linear": {
        "best_eta": 0.019765980717016348,
        "min_risk": 0.000678029513391793
    }
}