{
    "wsd": {
        "best_eta": 0.05455594781168514,
        "min_risk": 0.00020894961911192
    },
    "constant": {
        "best_eta": 0.03359818286283781,
        "min_risk": 0.00034968623761745977
    },
    "linear": {
        "best_eta": 0.08858667904100823,
        "min_risk": 0.00012152569947121866
    }
}