{
    "wsd": {
        "best_eta": 0.019765980717016348,
        "min_risk": 0.00016367390785248107
    },
    "constant": {
        "best_eta": 0.01599858719606059,
        "min_risk": 0.00024800303450175476
    },
    "linear": {
        "best_eta": 0.037275937203149416,
        "min_risk": 0.00010507734911520357
    }
}