{
    "wsd": {
        "best_eta": 0.22229964825261933,
        "min_risk": 0.7993676779484746
    },
    "constant": {
        "best_eta": 0.18420699693267145,
        "min_risk": 0.8655865173961483
    },
    "linear": {
        "best_eta": 0.32374575428176433,
        "min_risk": 0.8287710306990661
    }
}