{
    "wsd": {
        "best_eta": 0.05455594781168514,
        "min_risk": 0.0001942015794721071
    },
    "constant": {
        "best_eta": 0.05455594781168514,
        "min_risk": 0.0003951320671683518
    },
    "linear": {
        "best_eta": 0.14384498882876628,
        "min_risk": 0.00012989865419669316
    }
}