{
    "wsd": {
        "best_eta": 0.019765980717016348,
        "min_risk": 0.0014076240883209596
    },
    "constant": {
        "best_eta": 0.01599858719606059,
        "min_risk": 0.0020061496864984454
    },
    "linear": {
        "best_eta": 0.037275937203149416,
        "min_risk": 0.0009235880186535712
    }
}