{
    "wsd": {
        "best_eta": 0.3088843596477482,
        "min_risk": 0.0003244894875564201
    },
    "constant": {
        "best_eta": 0.20235896477251575,
        "min_risk": 0.0013332656769105158
    },
    "linear": {
        "best_eta": 0.5825136712468927,
        "min_risk": 0.0002033698378760362
    }
}