{
    "wsd": {
        "best_eta": 0.03359818286283781,
        "min_risk": 0.0012301428165520636
    },
    "constant": {
        "best_eta": 0.0206913808111479,
        "min_risk": 0.0015347088559320987
    },
    "linear": {
        "best_eta": 0.05455594781168514,
        "min_risk": 0.0007119755507306839
    }
}