{
    "constant": {
        "best_eta": 0.10730309405261565,
        "min_risk": 0.0016128267659364847
    }
}