{
    "wsd": {
        "best_eta": 0.3088843596477482,
        "min_risk": 0.0003545134136090554
    },
    "constant": {
        "best_eta": 0.20235896477251575,
        "min_risk": 0.0015278310695828177
    },
    "linear": {
        "best_eta": 0.5825136712468927,
        "min_risk": 0.00023066626653192826
    }
}