{
    "wsd": {
        "best_eta": 0.012742749857031334,
        "min_risk": 0.00015149112139446966
    },
    "constant": {
        "best_eta": 0.007847599703514606,
        "min_risk": 0.00023686587304237104
    },
    "linear": {
        "best_eta": 0.0206913808111479,
        "min_risk": 9.387967027186102e-05
    }
}