{
    "wsd": {
        "best_eta": 0.47148663634573945,
        "min_risk": 0.03744810282643367
    },
    "constant": {
        "best_eta": 0.3088843596477482,
        "min_risk": 0.06410208876361034
    },
    "linear": {
        "best_eta": 0.5825136712468927,
        "min_risk": 0.047091427025369795
    }
}