{
    "wsd": {
        "best_eta": 0.05455594781168514,
        "min_risk": 0.0006214607755451842
    },
    "constant": {
        "best_eta": 0.03359818286283781,
        "min_risk": 0.0011853483542045235
    },
    "linear": {
        "best_eta": 0.08858667904100823,
        "min_risk": 0.0003930317820207766
    }
}