{
    "wsd": {
        "best_eta": 0.23357214690901212,
        "min_risk": 0.0009845230725228232
    },
    "constant": {
        "best_eta": 0.14384498882876628,
        "min_risk": 0.0026323987141520103
    },
    "linear": {
        "best_eta": 0.3792690190732246,
        "min_risk": 0.0006850799011182259
    }
}