{
    "wsd": {
        "best_eta": 0.3792690190732246,
        "min_risk": 0.005085791055020714
    },
    "constant": {
        "best_eta": 0.3792690190732246,
        "min_risk": 0.010046571508585945
    },
    "linear": {
        "best_eta": 0.615848211066026,
        "min_risk": 0.006966393086548598
    }
}