{
    "wsd": {
        "best_eta": 0.5825136712468927,
        "min_risk": 0.0064225348553777865
    },
    "constant": {
        "best_eta": 0.3088843596477482,
        "min_risk": 0.013376954379541648
    },
    "linear": {
        "best_eta": 0.5825136712468927,
        "min_risk": 0.0094533536924749
    }
}