{
    "wsd": {
        "best_eta": 0.13257113655901095,
        "min_risk": 0.00023590177513348163
    },
    "constant": {
        "best_eta": 0.08685113737513529,
        "min_risk": 0.0006269267644542769
    },
    "linear": {
        "best_eta": 0.3088843596477482,
        "min_risk": 0.00015537986580548276
    }
}