{
    "wsd": {
        "best_eta": 0.012742749857031334,
        "min_risk": 0.0005332123631089823
    },
    "constant": {
        "best_eta": 0.012742749857031334,
        "min_risk": 0.0006904205185163961
    },
    "linear": {
        "best_eta": 0.03359818286283781,
        "min_risk": 0.00033792625115670915
    }
}