{
    "wsd": {
        "best_eta": 0.23357214690901212,
        "min_risk": 0.0019662516981007764
    },
    "constant": {
        "best_eta": 0.14384498882876628,
        "min_risk": 0.00476801364052233
    },
    "linear": {
        "best_eta": 0.3792690190732246,
        "min_risk": 0.003262877628116649
    }
}