{
    "constant": {
        "best_eta": 0.47148663634573945,
        "min_risk": 3.5847561504952797e-09
    }
}