{
    "wsd": {
        "best_eta": 0.47148663634573895,
        "min_risk": 0.13595862610856282
    },
    "constant": {
        "best_eta": 0.2682695795279725,
        "min_risk": 0.17099581216372617
    },
    "linear": {
        "best_eta": 0.5689866029018293,
        "min_risk": 0.14910978122552954
    }
}