{
    "wsd": {
        "best_eta": 0.04605378255822417,
        "min_risk": 0.0008034004276474993
    },
    "constant": {
        "best_eta": 0.037275937203149416,
        "min_risk": 0.0012573216494944496
    },
    "linear": {
        "best_eta": 0.08685113737513529,
        "min_risk": 0.0005153879178676152
    }
}