{
    "wsd": {
        "best_eta": 0.07029732115325475,
        "min_risk": 0.00021857459638571831
    },
    "constant": {
        "best_eta": 0.05689866029018299,
        "min_risk": 0.0004617138190128818
    },
    "linear": {
        "best_eta": 0.13257113655901095,
        "min_risk": 0.0001358001492268128
    }
}