{
    "wsd": {
        "best_eta": 0.3792690190732246,
        "min_risk": 0.0011690275130028195
    },
    "constant": {
        "best_eta": 0.23357214690901212,
        "min_risk": 0.003426236054311661
    },
    "linear": {
        "best_eta": 0.3792690190732246,
        "min_risk": 0.0020295697579793574
    }
}