{
    "wsd": {
        "best_eta": 0.05689866029018299,
        "min_risk": 0.00018787017430850098
    },
    "constant": {
        "best_eta": 0.04605378255822417,
        "min_risk": 0.0003604211255267742
    },
    "linear": {
        "best_eta": 0.10730309405261565,
        "min_risk": 0.00011942860612455882
    }
}