{
    "wsd": {
        "best_eta": 0.3088843596477482,
        "min_risk": 0.00034021447959739585
    },
    "constant": {
        "best_eta": 0.16378937069540647,
        "min_risk": 0.0013681015404693082
    },
    "linear": {
        "best_eta": 0.5825136712468927,
        "min_risk": 0.0002189900497178532
    }
}