{
    "wsd": {
        "best_eta": 0.03359818286283781,
        "min_risk": 0.00017849473395237686
    },
    "constant": {
        "best_eta": 0.0206913808111479,
        "min_risk": 0.0002652423632773311
    },
    "linear": {
        "best_eta": 0.05455594781168514,
        "min_risk": 0.00010590229317205842
    }
}