{
    "wsd": {
        "best_eta": 0.25001103826179305,
        "min_risk": 0.00030024656624433034
    },
    "constant": {
        "best_eta": 0.13257113655901095,
        "min_risk": 0.0010269154350757686
    },
    "linear": {
        "best_eta": 0.47148663634573945,
        "min_risk": 0.00019600787914192242
    }
}