{
    "wsd": {
        "best_eta": 0.007847599703514606,
        "min_risk": 0.0011875783514474795
    },
    "constant": {
        "best_eta": 0.007847599703514606,
        "min_risk": 0.0013584143169860093
    },
    "linear": {
        "best_eta": 0.0206913808111479,
        "min_risk": 0.0006772761256214645
    }
}