{
    "wsd": {
        "best_eta": 0.23357214690901212,
        "min_risk": 0.00213538783236681
    },
    "constant": {
        "best_eta": 0.14384498882876628,
        "min_risk": 0.004086314108521012
    },
    "linear": {
        "best_eta": 0.23357214690901212,
        "min_risk": 0.00440507639364277
    }
}