{
    "wsd": {
        "best_eta": 0.14384498882876628,
        "min_risk": 0.0009815064261689
    },
    "constant": {
        "best_eta": 0.08858667904100823,
        "min_risk": 0.0016650295063869516
    },
    "linear": {
        "best_eta": 0.23357214690901212,
        "min_risk": 0.0005805819876336868
    }
}