{
    "wsd": {
        "best_eta": 0.0206913808111479,
        "min_risk": 0.001029614915950929
    },
    "constant": {
        "best_eta": 0.0206913808111479,
        "min_risk": 0.001733820275138162
    },
    "linear": {
        "best_eta": 0.05455594781168514,
        "min_risk": 0.000747042563150679
    }
}