{
    "wsd": {
        "best_eta": 0.012742749857031334,
        "min_risk": 0.0012264525337349502
    },
    "constant": {
        "best_eta": 0.007847599703514606,
        "min_risk": 0.0015299963795243035
    },
    "linear": {
        "best_eta": 0.0206913808111479,
        "min_risk": 0.0007533300734671531
    }
}