{
    "wsd": {
        "best_eta": 0.20235896477251575,
        "min_risk": 0.00466103155990646
    },
    "constant": {
        "best_eta": 0.16378937069540647,
        "min_risk": 0.005825140752646027
    },
    "linear": {
        "best_eta": 0.47148663634573945,
        "min_risk": 0.004016786921837278
    }
}