{
    "wsd": {
        "best_eta": 0.008483428982440725,
        "min_risk": 0.00014378205676307716
    },
    "constant": {
        "best_eta": 0.006866488450042998,
        "min_risk": 0.00018910843191998972
    },
    "linear": {
        "best_eta": 0.01599858719606059,
        "min_risk": 9.34139977373643e-05
    }
}