{
    "wsd": {
        "best_eta": 0.3816213407949357,
        "min_risk": 0.00036503762516781787
    },
    "constant": {
        "best_eta": 0.20235896477251575,
        "min_risk": 0.001692333513868449
    },
    "linear": {
        "best_eta": 0.5825136712468927,
        "min_risk": 0.0003013379056836933
    }
}