{
    "wsd": {
        "best_eta": 0.47148663634573895,
        "min_risk": 0.036208405831073265
    },
    "constant": {
        "best_eta": 0.3906939937054613,
        "min_risk": 0.05246461384492891
    },
    "linear": {
        "best_eta": 0.5689866029018293,
        "min_risk": 0.04941070005083656
    }
}