{
    "wsd": {
        "best_eta": 0.03359818286283781,
        "min_risk": 0.0007537714263874579
    },
    "constant": {
        "best_eta": 0.03359818286283781,
        "min_risk": 0.001248914734486973
    },
    "linear": {
        "best_eta": 0.08858667904100823,
        "min_risk": 0.0005519104069791263
    }
}