{
    "wsd": {
        "best_eta": 0.05455594781168514,
        "min_risk": 0.0012053553997581168
    },
    "constant": {
        "best_eta": 0.03359818286283781,
        "min_risk": 0.0019073028771151887
    },
    "linear": {
        "best_eta": 0.08858667904100823,
        "min_risk": 0.000817157356791943
    }
}