{
    "wsd": {
        "best_eta": 0.10481131341546852,
        "min_risk": 0.0002757882362608434
    },
    "constant": {
        "best_eta": 0.07196856730011514,
        "min_risk": 0.001039137246264208
    },
    "linear": {
        "best_eta": 0.22229964825261933,
        "min_risk": 0.00016733707386915855
    }
}