{
    "constant": {
        "best_eta": 0.01599858719606059,
        "min_risk": 0.002781515696586327
    }
}