{
    "wsd": {
        "best_eta": 0.03359818286283781,
        "min_risk": 0.000179067070752457
    },
    "constant": {
        "best_eta": 0.03359818286283781,
        "min_risk": 0.000350408749400607
    },
    "linear": {
        "best_eta": 0.05455594781168514,
        "min_risk": 0.00011784761406677068
    }
}