{
    "wsd": {
        "best_eta": 0.007847599703514606,
        "min_risk": 0.00040526829911528004
    },
    "constant": {
        "best_eta": 0.007847599703514606,
        "min_risk": 0.000595008072172841
    },
    "linear": {
        "best_eta": 0.0206913808111479,
        "min_risk": 0.00030304028224150043
    }
}