{
    "wsd": {
        "best_eta": 0.08685113737513521,
        "min_risk": 0.0019957208205322375
    },
    "constant": {
        "best_eta": 0.07196856730011514,
        "min_risk": 0.002400663649964393
    },
    "linear": {
        "best_eta": 0.18420699693267145,
        "min_risk": 0.001734739182206927
    }
}