{
    "wsd": {
        "best_eta": 0.3792690190732246,
        "min_risk": 0.02188885094739329
    },
    "constant": {
        "best_eta": 0.3792690190732246,
        "min_risk": 0.034548134994709184
    },
    "linear": {
        "best_eta": 0.615848211066026,
        "min_risk": 0.02475329810587935
    }
}