{
    "wsd": {
        "best_eta": 0.3816213407949357,
        "min_risk": 0.037357261232830764
    },
    "constant": {
        "best_eta": 0.3088843596477482,
        "min_risk": 0.06267464820148276
    },
    "linear": {
        "best_eta": 0.47148663634573945,
        "min_risk": 0.06440371191890495
    }
}