{
    "wsd": {
        "best_eta": 0.008483428982440725,
        "min_risk": 0.0006835187150509819
    },
    "constant": {
        "best_eta": 0.006866488450042998,
        "min_risk": 0.0008970418237664673
    },
    "linear": {
        "best_eta": 0.01599858719606059,
        "min_risk": 0.0004475076740650068
    }
}