{
    "wsd": {
        "best_eta": 0.5825136712468927,
        "min_risk": 0.005181411893849068
    },
    "constant": {
        "best_eta": 0.25001103826179305,
        "min_risk": 0.009310810430794965
    },
    "linear": {
        "best_eta": 0.5825136712468927,
        "min_risk": 0.006323502924405693
    }
}