{
    "wsd": {
        "best_eta": 0.05455594781168514,
        "min_risk": 0.000814171655746411
    },
    "constant": {
        "best_eta": 0.05455594781168514,
        "min_risk": 0.0015412058587418547
    },
    "linear": {
        "best_eta": 0.08858667904100823,
        "min_risk": 0.000541355014211414
    }
}