{
    "wsd": {
        "best_eta": 0.08685113737513529,
        "min_risk": 0.000872675457475528
    },
    "constant": {
        "best_eta": 0.07029732115325475,
        "min_risk": 0.0015682222790736392
    },
    "linear": {
        "best_eta": 0.20235896477251575,
        "min_risk": 0.0005604042402180378
    }
}