{
    "wsd": {
        "best_eta": 0.20235896477251575,
        "min_risk": 0.00028252589374264055
    },
    "constant": {
        "best_eta": 0.13257113655901095,
        "min_risk": 0.0009401316597591636
    },
    "linear": {
        "best_eta": 0.3816213407949357,
        "min_risk": 0.000174591803332811
    }
}