{
    "constant": {
        "best_eta": 0.010481131341546863,
        "min_risk": 0.006211328297963092
    }
}