{
    "constant": {
        "best_eta": 0.25001103826179305,
        "min_risk": 0.053245882578390274
    }
}