{
    "wsd": {
        "best_eta": 0.07029732115325475,
        "min_risk": 0.0012061030501109742
    },
    "constant": {
        "best_eta": 0.05689866029018299,
        "min_risk": 0.0016762924565124117
    },
    "linear": {
        "best_eta": 0.13257113655901095,
        "min_risk": 0.0008581016475650401
    }
}