{
    "wsd": {
        "best_eta": 0.05689866029018299,
        "min_risk": 0.00020185848859075294
    },
    "constant": {
        "best_eta": 0.04605378255822417,
        "min_risk": 0.0003905796172471027
    },
    "linear": {
        "best_eta": 0.10730309405261565,
        "min_risk": 0.00012583859298222753
    }
}