{
    "wsd": {
        "best_eta": 0.23357214690901212,
        "min_risk": 0.0009633194145459576
    },
    "constant": {
        "best_eta": 0.14384498882876628,
        "min_risk": 0.002328627465023335
    },
    "linear": {
        "best_eta": 0.3792690190732246,
        "min_risk": 0.0006373719393438163
    }
}