{
    "wsd": {
        "best_eta": 0.3792690190732246,
        "min_risk": 0.0002958662040906376
    },
    "constant": {
        "best_eta": 0.23357214690901212,
        "min_risk": 0.0011747426075988706
    },
    "linear": {
        "best_eta": 0.615848211066026,
        "min_risk": 0.00019867427076478158
    }
}