{
    "wsd": {
        "best_eta": 0.04941713361323833,
        "min_risk": 0.000805390295876971
    },
    "constant": {
        "best_eta": 0.040949150623804234,
        "min_risk": 0.0011083350080139996
    },
    "linear": {
        "best_eta": 0.08685113737513521,
        "min_risk": 0.000562004179190459
    }
}