{
    "wsd": {
        "best_eta": 0.47148663634573945,
        "min_risk": 0.0005063425156270188
    },
    "constant": {
        "best_eta": 0.3088843596477482,
        "min_risk": 0.0026957278196264194
    },
    "linear": {
        "best_eta": 0.5825136712468927,
        "min_risk": 0.0008740111895855812
    }
}