{
    "wsd": {
        "best_eta": 0.04605378255822417,
        "min_risk": 0.00018121740526965376
    },
    "constant": {
        "best_eta": 0.037275937203149416,
        "min_risk": 0.0003224730658148365
    },
    "linear": {
        "best_eta": 0.08685113737513529,
        "min_risk": 0.00011655419320361987
    }
}