{
    "wsd": {
        "best_eta": 0.010481131341546863,
        "min_risk": 0.0010558103258657115
    },
    "constant": {
        "best_eta": 0.008483428982440725,
        "min_risk": 0.0014354166713480287
    },
    "linear": {
        "best_eta": 0.019765980717016348,
        "min_risk": 0.0006960096692698083
    }
}