{
    "wsd": {
        "best_eta": 0.23357214690901212,
        "min_risk": 0.001023336199909256
    },
    "constant": {
        "best_eta": 0.23357214690901212,
        "min_risk": 0.003251348961476409
    },
    "linear": {
        "best_eta": 0.3792690190732246,
        "min_risk": 0.0010259356702219486
    }
}