{
    "wsd": {
        "best_eta": 0.02442053094548652,
        "min_risk": 0.0007288034208621679
    },
    "constant": {
        "best_eta": 0.019765980717016348,
        "min_risk": 0.0010295851730096953
    },
    "linear": {
        "best_eta": 0.04605378255822417,
        "min_risk": 0.00047331071051966394
    }
}