{
    "wsd": {
        "best_eta": 0.20235896477251575,
        "min_risk": 0.04159347515129756
    },
    "constant": {
        "best_eta": 0.16378937069540647,
        "min_risk": 0.04941666116211297
    },
    "linear": {
        "best_eta": 0.3816213407949357,
        "min_risk": 0.03298962256103778
    }
}