{
    "wsd": {
        "best_eta": 0.16378937069540647,
        "min_risk": 0.0002685939134145298
    },
    "constant": {
        "best_eta": 0.10730309405261565,
        "min_risk": 0.0007690176610280767
    },
    "linear": {
        "best_eta": 0.3088843596477482,
        "min_risk": 0.0001632655491879889
    }
}