{
    "linear": {
        "best_eta": 0.3816213407949357,
        "min_risk": 5.3792236073585725e-05
    }
}