{
    "wsd": {
        "best_eta": 0.47148663634573945,
        "min_risk": 0.000591472192892496
    },
    "constant": {
        "best_eta": 0.25001103826179305,
        "min_risk": 0.002222509636080317
    },
    "linear": {
        "best_eta": 0.5825136712468927,
        "min_risk": 0.0007945247781692632
    }
}