{
    "wsd": {
        "best_eta": 0.012742749857031334,
        "min_risk": 0.0005931635409006863
    },
    "constant": {
        "best_eta": 0.012742749857031334,
        "min_risk": 0.0007092113555684773
    },
    "linear": {
        "best_eta": 0.03359818286283781,
        "min_risk": 0.00033938868555310456
    }
}