{
    "wsd": {
        "best_eta": 0.47148663634573945,
        "min_risk": 0.03895668379138324
    },
    "constant": {
        "best_eta": 0.3088843596477482,
        "min_risk": 0.06493072870678826
    },
    "linear": {
        "best_eta": 0.47148663634573945,
        "min_risk": 0.0541056188519987
    }
}