{
    "wsd": {
        "best_eta": 0.5825136712468927,
        "min_risk": 0.01890884594755718
    },
    "constant": {
        "best_eta": 0.3088843596477482,
        "min_risk": 0.03468639752744375
    },
    "linear": {
        "best_eta": 0.5825136712468927,
        "min_risk": 0.025551912557016797
    }
}