{
    "wsd": {
        "best_eta": 0.010481131341546863,
        "min_risk": 0.0010537335040553559
    },
    "constant": {
        "best_eta": 0.008483428982440725,
        "min_risk": 0.001431185861969998
    },
    "linear": {
        "best_eta": 0.019765980717016348,
        "min_risk": 0.0006908070857424816
    }
}