{
    "wsd": {
        "best_eta": 0.5825136712468927,
        "min_risk": 0.0012124062946054644
    },
    "constant": {
        "best_eta": 0.3088843596477482,
        "min_risk": 0.00434895323893159
    },
    "linear": {
        "best_eta": 0.5825136712468927,
        "min_risk": 0.002311011559768558
    }
}