{
    "wsd": {
        "best_eta": 0.05455594781168514,
        "min_risk": 0.0006132471875896678
    },
    "constant": {
        "best_eta": 0.03359818286283781,
        "min_risk": 0.0009092042091249599
    },
    "linear": {
        "best_eta": 0.08858667904100823,
        "min_risk": 0.0003634121257470334
    }
}