{
    "wsd": {
        "best_eta": 0.5825136712468927,
        "min_risk": 0.001594975593616606
    },
    "constant": {
        "best_eta": 0.3816213407949357,
        "min_risk": 0.007060988715561219
    },
    "linear": {
        "best_eta": 0.5825136712468927,
        "min_risk": 0.005013852222154818
    }
}