{
    "wsd": {
        "best_eta": 0.0206913808111479,
        "min_risk": 0.0011114470939178381
    },
    "constant": {
        "best_eta": 0.012742749857031334,
        "min_risk": 0.0018397151849897041
    },
    "linear": {
        "best_eta": 0.03359818286283781,
        "min_risk": 0.0008098510699219479
    }
}