{
    "wsd": {
        "best_eta": 0.05455594781168514,
        "min_risk": 0.0006430483727791856
    },
    "constant": {
        "best_eta": 0.05455594781168514,
        "min_risk": 0.0010808571802732839
    },
    "linear": {
        "best_eta": 0.14384498882876628,
        "min_risk": 0.0003995008354933611
    }
}