{
    "wsd": {
        "best_eta": 0.5825136712468927,
        "min_risk": 0.00487785234519699
    },
    "constant": {
        "best_eta": 0.25001103826179305,
        "min_risk": 0.009500299094920363
    },
    "linear": {
        "best_eta": 0.5825136712468927,
        "min_risk": 0.006292825083638797
    }
}