{
    "wsd": {
        "best_eta": 0.05455594781168514,
        "min_risk": 0.0008700132962810676
    },
    "constant": {
        "best_eta": 0.03359818286283781,
        "min_risk": 0.001199043858464305
    },
    "linear": {
        "best_eta": 0.08858667904100823,
        "min_risk": 0.0005159360298260136
    }
}