{
    "wsd": {
        "best_eta": 0.05455594781168514,
        "min_risk": 0.0011646710688006344
    },
    "constant": {
        "best_eta": 0.05455594781168514,
        "min_risk": 0.00227533132124966
    },
    "linear": {
        "best_eta": 0.14384498882876628,
        "min_risk": 0.0008810864029674654
    }
}