{
    "wsd": {
        "best_eta": 0.0206913808111479,
        "min_risk": 0.0007623142865450882
    },
    "constant": {
        "best_eta": 0.0206913808111479,
        "min_risk": 0.001049621828516096
    },
    "linear": {
        "best_eta": 0.05455594781168514,
        "min_risk": 0.0005063919330186567
    }
}