{
    "wsd": {
        "best_eta": 0.05455594781168514,
        "min_risk": 0.0012692580500286118
    },
    "constant": {
        "best_eta": 0.03359818286283781,
        "min_risk": 0.0017640426674774968
    },
    "linear": {
        "best_eta": 0.08858667904100823,
        "min_risk": 0.0007650411768291912
    }
}