{
    "wsd": {
        "best_eta": 0.03359818286283781,
        "min_risk": 0.0005663278450751356
    },
    "constant": {
        "best_eta": 0.03359818286283781,
        "min_risk": 0.0009377448896305792
    },
    "linear": {
        "best_eta": 0.08858667904100823,
        "min_risk": 0.00038653760060091227
    }
}