{
    "wsd": {
        "best_eta": 0.32374575428176433,
        "min_risk": 0.0003720833864925929
    },
    "constant": {
        "best_eta": 0.18420699693267145,
        "min_risk": 0.0022045770873047633
    },
    "linear": {
        "best_eta": 0.47148663634573895,
        "min_risk": 0.00031959655595698315
    }
}