{
    "wsd": {
        "best_eta": 0.14384498882876628,
        "min_risk": 0.000783732659405977
    },
    "constant": {
        "best_eta": 0.08858667904100823,
        "min_risk": 0.0014062001885371566
    },
    "linear": {
        "best_eta": 0.23357214690901212,
        "min_risk": 0.00043500290471918285
    }
}