{
    "wsd": {
        "best_eta": 0.008483428982440725,
        "min_risk": 0.0013797408518637763
    },
    "constant": {
        "best_eta": 0.006866488450042998,
        "min_risk": 0.0018544047952065666
    },
    "linear": {
        "best_eta": 0.01599858719606059,
        "min_risk": 0.0009009547412294582
    }
}