{
    "wsd": {
        "best_eta": 0.01294925842205263,
        "min_risk": 0.00014922360922172984
    },
    "constant": {
        "best_eta": 0.010481131341546863,
        "min_risk": 0.00020177173229789697
    },
    "linear": {
        "best_eta": 0.02442053094548652,
        "min_risk": 9.633621689450677e-05
    }
}