{
    "wsd": {
        "best_eta": 0.03359818286283781,
        "min_risk": 0.0001563079159419252
    },
    "constant": {
        "best_eta": 0.03359818286283781,
        "min_risk": 0.0002914132867754267
    },
    "linear": {
        "best_eta": 0.05455594781168514,
        "min_risk": 0.00010669458068127336
    }
}