{
    "wsd": {
        "best_eta": 0.08858667904100823,
        "min_risk": 0.0012005184344767465
    },
    "constant": {
        "best_eta": 0.05455594781168514,
        "min_risk": 0.002442610029599078
    },
    "linear": {
        "best_eta": 0.14384498882876628,
        "min_risk": 0.0008870305484424598
    }
}