{
    "wsd": {
        "best_eta": 0.3792690190732246,
        "min_risk": 0.0024702287605736714
    },
    "constant": {
        "best_eta": 0.3792690190732246,
        "min_risk": 0.007257741560513252
    },
    "linear": {
        "best_eta": 0.615848211066026,
        "min_risk": 0.006190000866627302
    }
}