{
    "wsd": {
        "best_eta": 0.3088843596477482,
        "min_risk": 0.008736209028999213
    },
    "constant": {
        "best_eta": 0.20235896477251575,
        "min_risk": 0.010225022800573799
    },
    "linear": {
        "best_eta": 0.7196856730011522,
        "min_risk": 0.008130519455803361
    }
}