{
    "constant": {
        "best_eta": 0.3088843596477482,
        "min_risk": 9.025461062302177e-05
    }
}