{
    "wsd": {
        "best_eta": 0.008483428982440725,
        "min_risk": 0.0006864675004913071
    },
    "constant": {
        "best_eta": 0.006866488450042998,
        "min_risk": 0.0009110438875677668
    },
    "linear": {
        "best_eta": 0.01599858719606059,
        "min_risk": 0.0004488863574012288
    }
}