{
    "wsd": {
        "best_eta": 0.012742749857031334,
        "min_risk": 0.0012211358208341833
    },
    "constant": {
        "best_eta": 0.007847599703514606,
        "min_risk": 0.0014019476126838622
    },
    "linear": {
        "best_eta": 0.0206913808111479,
        "min_risk": 0.0006965723093342381
    }
}