{
    "wsd": {
        "best_eta": 0.5825136712468927,
        "min_risk": 0.0019553084525782893
    },
    "constant": {
        "best_eta": 0.3816213407949357,
        "min_risk": 0.006913417297660942
    },
    "linear": {
        "best_eta": 0.5825136712468927,
        "min_risk": 0.004498462158725295
    }
}