{
    "wsd": {
        "best_eta": 0.20235896477251575,
        "min_risk": 0.00410432501979693
    },
    "constant": {
        "best_eta": 0.16378937069540647,
        "min_risk": 0.004981370206442987
    },
    "linear": {
        "best_eta": 0.3816213407949357,
        "min_risk": 0.0037817194957091003
    }
}