{
    "wsd": {
        "best_eta": 0.25001103826179305,
        "min_risk": 0.00031114147655900934
    },
    "constant": {
        "best_eta": 0.16378937069540647,
        "min_risk": 0.0010959962119868368
    },
    "linear": {
        "best_eta": 0.47148663634573945,
        "min_risk": 0.00018620632897792266
    }
}