{
    "wsd": {
        "best_eta": 0.25001103826179305,
        "min_risk": 0.0244194879119638
    },
    "constant": {
        "best_eta": 0.20235896477251575,
        "min_risk": 0.030985511593108802
    },
    "linear": {
        "best_eta": 0.3088843596477482,
        "min_risk": 0.05582014664314663
    }
}