{
    "wsd": {
        "best_eta": 0.05455594781168514,
        "min_risk": 0.0008694192313819036
    },
    "constant": {
        "best_eta": 0.03359818286283781,
        "min_risk": 0.001161875860384179
    },
    "linear": {
        "best_eta": 0.08858667904100823,
        "min_risk": 0.0005137732418979199
    }
}