{
    "wsd": {
        "best_eta": 1.0,
        "min_risk": 0.0009276125833153067
    },
    "constant": {
        "best_eta": 0.615848211066026,
        "min_risk": 0.0046349264859318695
    },
    "linear": {
        "best_eta": 1.0,
        "min_risk": 0.002516587409947104
    }
}