{
    "wsd": {
        "best_eta": 0.012742749857031334,
        "min_risk": 0.0005955577953665019
    },
    "constant": {
        "best_eta": 0.012742749857031334,
        "min_risk": 0.0007096597804916328
    },
    "linear": {
        "best_eta": 0.03359818286283781,
        "min_risk": 0.00033925667381369437
    }
}