{
    "wsd": {
        "best_eta": 0.47148663634573945,
        "min_risk": 0.03854739001484594
    },
    "constant": {
        "best_eta": 0.3088843596477482,
        "min_risk": 0.0680120723028546
    },
    "linear": {
        "best_eta": 0.5825136712468927,
        "min_risk": 0.0502525180648857
    }
}