{
    "wsd": {
        "best_eta": 0.15264179671752318,
        "min_risk": 0.00027042995145405756
    },
    "constant": {
        "best_eta": 0.10481131341546852,
        "min_risk": 0.0007782675030329929
    },
    "linear": {
        "best_eta": 0.32374575428176433,
        "min_risk": 0.00016761444367981523
    }
}