{
    "wsd": {
        "best_eta": 0.012742749857031334,
        "min_risk": 0.0012220001807905438
    },
    "constant": {
        "best_eta": 0.007847599703514606,
        "min_risk": 0.0014227650291184176
    },
    "linear": {
        "best_eta": 0.0206913808111479,
        "min_risk": 0.0007057996532673611
    }
}