{
    "wsd": {
        "best_eta": 0.3792690190732246,
        "min_risk": 0.000353243846023371
    },
    "constant": {
        "best_eta": 0.23357214690901212,
        "min_risk": 0.0014908721635516172
    },
    "linear": {
        "best_eta": 0.615848211066026,
        "min_risk": 0.0002132943774512213
    }
}