{
    "constant": {
        "best_eta": 0.0023853440064314215,
        "min_risk": 2.6839774352814263e-05
    }
}