{
    "wsd": {
        "best_eta": 0.08858667904100823,
        "min_risk": 0.001471617853701453
    },
    "constant": {
        "best_eta": 0.08858667904100823,
        "min_risk": 0.0027362707268737663
    },
    "linear": {
        "best_eta": 0.23357214690901212,
        "min_risk": 0.0012321299252885368
    }
}