{
    "wsd": {
        "best_eta": 0.10730309405261565,
        "min_risk": 0.001647390334791836
    },
    "constant": {
        "best_eta": 0.08685113737513529,
        "min_risk": 0.0023248000641791517
    },
    "linear": {
        "best_eta": 0.20235896477251575,
        "min_risk": 0.0011656160926219218
    }
}