{
    "wsd": {
        "best_eta": 0.18420699693267145,
        "min_risk": 0.00023593000278524358
    },
    "constant": {
        "best_eta": 0.10481131341546852,
        "min_risk": 0.0006757099611968775
    },
    "linear": {
        "best_eta": 0.3906939937054613,
        "min_risk": 0.00015941471515823523
    }
}