{
    "wsd": {
        "best_eta": 0.0206913808111479,
        "min_risk": 0.001084362133586638
    },
    "constant": {
        "best_eta": 0.0206913808111479,
        "min_risk": 0.0019187840638489346
    },
    "linear": {
        "best_eta": 0.05455594781168514,
        "min_risk": 0.0007898102607376299
    }
}