{
    "wsd": {
        "best_eta": 0.47148663634573895,
        "min_risk": 0.0005756637741423477
    },
    "constant": {
        "best_eta": 0.2682695795279725,
        "min_risk": 0.00369015751072751
    },
    "linear": {
        "best_eta": 0.5689866029018293,
        "min_risk": 0.001087591463157951
    }
}