{
    "wsd": {
        "best_eta": 0.08858667904100823,
        "min_risk": 0.0014664430999826634
    },
    "constant": {
        "best_eta": 0.05455594781168514,
        "min_risk": 0.0022745488332590095
    },
    "linear": {
        "best_eta": 0.14384498882876628,
        "min_risk": 0.0009033585022750054
    }
}