{
    "wsd": {
        "best_eta": 0.08685113737513529,
        "min_risk": 0.0012567495439037447
    },
    "constant": {
        "best_eta": 0.07029732115325475,
        "min_risk": 0.0021819047522947783
    },
    "linear": {
        "best_eta": 0.20235896477251575,
        "min_risk": 0.0008908135375617041
    }
}