{
    "wsd": {
        "best_eta": 0.01294925842205263,
        "min_risk": 0.00015410536910619467
    },
    "constant": {
        "best_eta": 0.010481131341546863,
        "min_risk": 0.00021949360221243367
    },
    "linear": {
        "best_eta": 0.02442053094548652,
        "min_risk": 9.900547479641532e-05
    }
}