{
    "wsd": {
        "best_eta": 0.02811768697974228,
        "min_risk": 2.858386216387026e-05
    },
    "constant": {
        "best_eta": 0.019306977288832496,
        "min_risk": 9.686818697304334e-05
    },
    "linear": {
        "best_eta": 0.04941713361323833,
        "min_risk": 1.7558346783514086e-05
    }
}