{
    "wsd": {
        "best_eta": 0.3792690190732246,
        "min_risk": 0.0029285019094559325
    },
    "constant": {
        "best_eta": 0.23357214690901212,
        "min_risk": 0.007397652577059722
    },
    "linear": {
        "best_eta": 0.3792690190732246,
        "min_risk": 0.007077154638881828
    }
}