{
    "wsd": {
        "best_eta": 0.012742749857031334,
        "min_risk": 0.0001528649679442201
    },
    "constant": {
        "best_eta": 0.012742749857031334,
        "min_risk": 0.0002489483125899147
    },
    "linear": {
        "best_eta": 0.0206913808111479,
        "min_risk": 9.963730822361351e-05
    }
}