{
    "wsd": {
        "best_eta": 0.14384498882876628,
        "min_risk": 0.0008251123577319056
    },
    "constant": {
        "best_eta": 0.14384498882876628,
        "min_risk": 0.002080201103272265
    },
    "linear": {
        "best_eta": 0.3792690190732246,
        "min_risk": 0.000520522235197849
    }
}