{
    "wsd": {
        "best_eta": 0.5825136712468927,
        "min_risk": 0.0007047058853796494
    },
    "constant": {
        "best_eta": 0.25001103826179305,
        "min_risk": 0.0029514954931994827
    },
    "linear": {
        "best_eta": 0.5825136712468927,
        "min_risk": 0.0012011953470188112
    }
}