{
    "wsd": {
        "best_eta": 0.05455594781168514,
        "min_risk": 0.0006147008505480021
    },
    "constant": {
        "best_eta": 0.03359818286283781,
        "min_risk": 0.0009395654416256621
    },
    "linear": {
        "best_eta": 0.08858667904100823,
        "min_risk": 0.0003655526229603231
    }
}