{
    "wsd": {
        "best_eta": 0.07196856730011514,
        "min_risk": 0.00024374890341793002
    },
    "constant": {
        "best_eta": 0.04941713361323833,
        "min_risk": 0.0007471476990979185
    },
    "linear": {
        "best_eta": 0.15264179671752318,
        "min_risk": 0.0001537340084933009
    }
}