{
    "wsd": {
        "best_eta": 0.019765980717016348,
        "min_risk": 0.0010490819708907982
    },
    "constant": {
        "best_eta": 0.01599858719606059,
        "min_risk": 0.0014453666109196291
    },
    "linear": {
        "best_eta": 0.037275937203149416,
        "min_risk": 0.0007002968027310446
    }
}