{
    "wsd": {
        "best_eta": 0.47148663634573945,
        "min_risk": 0.0005109648980529055
    },
    "constant": {
        "best_eta": 0.25001103826179305,
        "min_risk": 0.0022925208208988287
    },
    "linear": {
        "best_eta": 0.5825136712468927,
        "min_risk": 0.0007257905589992807
    }
}