{
    "wsd": {
        "best_eta": 0.3088843596477482,
        "min_risk": 0.00031708728580245155
    },
    "constant": {
        "best_eta": 0.16378937069540647,
        "min_risk": 0.001159952298131428
    },
    "linear": {
        "best_eta": 0.5825136712468927,
        "min_risk": 0.0002030092231817949
    }
}