{
    "wsd": {
        "best_eta": 0.08858667904100823,
        "min_risk": 0.0009323643804183191
    },
    "constant": {
        "best_eta": 0.05455594781168514,
        "min_risk": 0.001439291262643407
    },
    "linear": {
        "best_eta": 0.14384498882876628,
        "min_risk": 0.0005516588225598188
    }
}