{
    "wsd": {
        "best_eta": 0.04605378255822417,
        "min_risk": 0.0007198829455217963
    },
    "constant": {
        "best_eta": 0.037275937203149416,
        "min_risk": 0.0010203374653802964
    },
    "linear": {
        "best_eta": 0.08685113737513529,
        "min_risk": 0.00048497591818525614
    }
}