{
    "wsd": {
        "best_eta": 0.14384498882876628,
        "min_risk": 0.0009317053433490813
    },
    "constant": {
        "best_eta": 0.14384498882876628,
        "min_risk": 0.0018984089242290675
    },
    "linear": {
        "best_eta": 0.3792690190732246,
        "min_risk": 0.0005949854293739402
    }
}