{
    "wsd": {
        "best_eta": 0.10730309405261565,
        "min_risk": 0.0014085633521025876
    },
    "constant": {
        "best_eta": 0.08685113737513529,
        "min_risk": 0.002643291762646986
    },
    "linear": {
        "best_eta": 0.20235896477251575,
        "min_risk": 0.0010173213183528177
    }
}