{
    "wsd": {
        "best_eta": 0.0206913808111479,
        "min_risk": 0.0008008220844819962
    },
    "constant": {
        "best_eta": 0.012742749857031334,
        "min_risk": 0.0010253806357756125
    },
    "linear": {
        "best_eta": 0.03359818286283781,
        "min_risk": 0.00047635176001088476
    }
}