{
    "wsd": {
        "best_eta": 0.030171148105292957,
        "min_risk": 0.00018205087907315607
    },
    "constant": {
        "best_eta": 0.02442053094548652,
        "min_risk": 0.0003066413109365704
    },
    "linear": {
        "best_eta": 0.07029732115325475,
        "min_risk": 0.0001159410420284389
    }
}