{
    "wsd": {
        "best_eta": 0.3906939937054613,
        "min_risk": 0.0156587401610394
    },
    "constant": {
        "best_eta": 0.32374575428176433,
        "min_risk": 0.021929441654190293
    },
    "linear": {
        "best_eta": 0.5689866029018293,
        "min_risk": 0.028698242012351813
    }
}