{
    "wsd": {
        "best_eta": 0.02442053094548652,
        "min_risk": 0.009078793431005107
    },
    "constant": {
        "best_eta": 0.019765980717016348,
        "min_risk": 0.008482159352537835
    },
    "linear": {
        "best_eta": 0.037275937203149416,
        "min_risk": 0.03700370806180066
    }
}