{
    "wsd": {
        "best_eta": 0.0206913808111479,
        "min_risk": 0.000749500534163808
    },
    "constant": {
        "best_eta": 0.012742749857031334,
        "min_risk": 0.0011540344758432174
    },
    "linear": {
        "best_eta": 0.03359818286283781,
        "min_risk": 0.00045997894220628705
    }
}