{
    "wsd": {
        "best_eta": 0.05689866029018299,
        "min_risk": 0.007600885422225202
    },
    "constant": {
        "best_eta": 0.04605378255822417,
        "min_risk": 0.008131236044995464
    },
    "linear": {
        "best_eta": 0.08685113737513529,
        "min_risk": 0.02641285170726533
    }
}