{
    "wsd": {
        "best_eta": 0.008483428982440725,
        "min_risk": 0.0001484750381659681
    },
    "constant": {
        "best_eta": 0.006866488450042998,
        "min_risk": 0.00020787465402163604
    },
    "linear": {
        "best_eta": 0.01599858719606059,
        "min_risk": 9.627146138940495e-05
    }
}