{
    "wsd": {
        "best_eta": 0.12915496650148828,
        "min_risk": 0.0046013025044123815
    },
    "constant": {
        "best_eta": 0.12915496650148828,
        "min_risk": 0.004862418842899155
    },
    "linear": {
        "best_eta": 0.3593813663804626,
        "min_risk": 0.0026210978675895603
    }
}