{
    "wsd": {
        "best_eta": 0.20235896477251575,
        "min_risk": 0.00025656615257591627
    },
    "constant": {
        "best_eta": 0.13257113655901095,
        "min_risk": 0.0007894619469836189
    },
    "linear": {
        "best_eta": 0.3816213407949357,
        "min_risk": 0.0001663934720079165
    }
}