{
    "wsd": {
        "best_eta": 0.47148663634573945,
        "min_risk": 0.04577875658148441
    },
    "constant": {
        "best_eta": 0.3088843596477482,
        "min_risk": 0.07841516541357589
    },
    "linear": {
        "best_eta": 0.47148663634573945,
        "min_risk": 0.06455570708134842
    }
}