{
    "wsd": {
        "best_eta": 0.14384498882876628,
        "min_risk": 0.0007904817675162703
    },
    "constant": {
        "best_eta": 0.08858667904100823,
        "min_risk": 0.0015759806055242812
    },
    "linear": {
        "best_eta": 0.23357214690901212,
        "min_risk": 0.0004623550979413413
    }
}