{
    "wsd": {
        "best_eta": 0.08858667904100823,
        "min_risk": 0.0008163576672134972
    },
    "constant": {
        "best_eta": 0.08858667904100823,
        "min_risk": 0.0016393892048532086
    },
    "linear": {
        "best_eta": 0.14384498882876628,
        "min_risk": 0.000582826638080999
    }
}