{
    "wsd": {
        "best_eta": 0.05455594781168514,
        "min_risk": 0.00018924703177031557
    },
    "constant": {
        "best_eta": 0.05455594781168514,
        "min_risk": 0.0003671611067214649
    },
    "linear": {
        "best_eta": 0.14384498882876628,
        "min_risk": 0.00012259667117397695
    }
}