{
    "wsd": {
        "best_eta": 0.03359818286283781,
        "min_risk": 0.0010889171764265338
    },
    "constant": {
        "best_eta": 0.03359818286283781,
        "min_risk": 0.0018367818067055758
    },
    "linear": {
        "best_eta": 0.08858667904100823,
        "min_risk": 0.000769814079342661
    }
}