{
    "wsd": {
        "best_eta": 0.3906939937054613,
        "min_risk": 0.15141181512429466
    },
    "constant": {
        "best_eta": 0.2682695795279725,
        "min_risk": 0.18945639958282623
    },
    "linear": {
        "best_eta": 0.5689866029018293,
        "min_risk": 0.16156778147626094
    }
}