{
    "linear": {
        "best_eta": 0.02442053094548652,
        "min_risk": 6.607303751133094e-06
    }
}