{
    "wsd": {
        "best_eta": 0.3792690190732246,
        "min_risk": 0.0006725978205571981
    },
    "constant": {
        "best_eta": 0.23357214690901212,
        "min_risk": 0.002098346193863188
    },
    "linear": {
        "best_eta": 0.615848211066026,
        "min_risk": 0.00047068700988349546
    }
}