{
    "wsd": {
        "best_eta": 0.08685113737513529,
        "min_risk": 0.00021710854151605545
    },
    "constant": {
        "best_eta": 0.07029732115325475,
        "min_risk": 0.0004927696277234589
    },
    "linear": {
        "best_eta": 0.16378937069540647,
        "min_risk": 0.0001371166047502089
    }
}