{
    "wsd": {
        "best_eta": 1.0,
        "min_risk": 0.0030088152572929436
    },
    "constant": {
        "best_eta": 0.615848211066026,
        "min_risk": 0.007435693732654304
    },
    "linear": {
        "best_eta": 1.0,
        "min_risk": 0.005541518151781122
    }
}