{
    "wsd": {
        "best_eta": 0.13257113655901095,
        "min_risk": 0.0002560492682141762
    },
    "constant": {
        "best_eta": 0.08685113737513529,
        "min_risk": 0.0007059628457903127
    },
    "linear": {
        "best_eta": 0.25001103826179305,
        "min_risk": 0.00015754994054334041
    }
}