{
    "wsd": {
        "best_eta": 0.07196856730011514,
        "min_risk": 0.000218202793771692
    },
    "constant": {
        "best_eta": 0.05963623316594643,
        "min_risk": 0.0004607984152332276
    },
    "linear": {
        "best_eta": 0.15264179671752318,
        "min_risk": 0.00013529941381671242
    }
}