{
    "wsd": {
        "best_eta": 0.008483428982440725,
        "min_risk": 0.00013645128473398975
    },
    "constant": {
        "best_eta": 0.006866488450042998,
        "min_risk": 0.00017820958750681425
    },
    "linear": {
        "best_eta": 0.01599858719606059,
        "min_risk": 8.938349976923806e-05
    }
}