{
    "constant": {
        "best_eta": 0.005557736586486881,
        "min_risk": 6.185411851421837e-05
    }
}