{
    "linear": {
        "best_eta": 0.3816213407949357,
        "min_risk": 0.007175620627209868
    }
}