{
    "wsd": {
        "best_eta": 0.023299518105153717,
        "min_risk": 2.75440656111335e-05
    },
    "constant": {
        "best_eta": 0.015998587196060572,
        "min_risk": 8.6118207060807e-05
    },
    "linear": {
        "best_eta": 0.040949150623804234,
        "min_risk": 1.7043585597111725e-05
    }
}