{
    "wsd": {
        "best_eta": 0.12915496650148828,
        "min_risk": 0.002446942261231667
    },
    "constant": {
        "best_eta": 0.12915496650148828,
        "min_risk": 0.003434975144331518
    },
    "linear": {
        "best_eta": 0.3593813663804626,
        "min_risk": 0.0023233211725026213
    }
}