{
    "wsd": {
        "best_eta": 0.3088843596477482,
        "min_risk": 0.0003258454137893069
    },
    "constant": {
        "best_eta": 0.16378937069540647,
        "min_risk": 0.0012073204409295288
    },
    "linear": {
        "best_eta": 0.5825136712468927,
        "min_risk": 0.0002018297286240096
    }
}