{
    "wsd": {
        "best_eta": 0.20235896477251575,
        "min_risk": 0.001695187045104575
    },
    "constant": {
        "best_eta": 0.16378937069540647,
        "min_risk": 0.003825403346636406
    },
    "linear": {
        "best_eta": 0.3088843596477482,
        "min_risk": 0.0022105946084763003
    }
}