{
    "wsd": {
        "best_eta": 0.012742749857031334,
        "min_risk": 0.0001506827830953157
    },
    "constant": {
        "best_eta": 0.012742749857031334,
        "min_risk": 0.00021752342939451618
    },
    "linear": {
        "best_eta": 0.03359818286283781,
        "min_risk": 0.0001062936307568274
    }
}