{
    "wsd": {
        "best_eta": 0.3816213407949357,
        "min_risk": 0.00035561076947407627
    },
    "constant": {
        "best_eta": 0.20235896477251575,
        "min_risk": 0.0017175035971829429
    },
    "linear": {
        "best_eta": 0.5825136712468927,
        "min_risk": 0.00028442670496045227
    }
}