{
    "wsd": {
        "best_eta": 0.615848211066026,
        "min_risk": 0.00109074648979634
    },
    "constant": {
        "best_eta": 0.3792690190732246,
        "min_risk": 0.0036013573897973666
    },
    "linear": {
        "best_eta": 1.0,
        "min_risk": 0.0007929963125450681
    }
}