{
    "wsd": {
        "best_eta": 0.0206913808111479,
        "min_risk": 0.00016690255380077878
    },
    "constant": {
        "best_eta": 0.012742749857031334,
        "min_risk": 0.00029419221882051214
    },
    "linear": {
        "best_eta": 0.03359818286283781,
        "min_risk": 0.0001027516415295117
    }
}