{
    "wsd": {
        "best_eta": 0.47148663634573945,
        "min_risk": 0.0004266229759906181
    },
    "constant": {
        "best_eta": 0.25001103826179305,
        "min_risk": 0.0020037147442653596
    },
    "linear": {
        "best_eta": 0.5825136712468927,
        "min_risk": 0.00047951134506298975
    }
}