{
    "wsd": {
        "best_eta": 0.13257113655901095,
        "min_risk": 0.0025993096262891292
    },
    "constant": {
        "best_eta": 0.10730309405261565,
        "min_risk": 0.0032861231064081424
    },
    "linear": {
        "best_eta": 0.25001103826179305,
        "min_risk": 0.0021353824577454304
    }
}