{
    "wsd": {
        "best_eta": 0.03359818286283781,
        "min_risk": 0.0005786871732180373
    },
    "constant": {
        "best_eta": 0.03359818286283781,
        "min_risk": 0.0009417515111815304
    },
    "linear": {
        "best_eta": 0.08858667904100823,
        "min_risk": 0.0003867558785876496
    }
}