{
    "wsd": {
        "best_eta": 1.0,
        "min_risk": 0.002903246357029985
    },
    "constant": {
        "best_eta": 0.615848211066026,
        "min_risk": 0.007514734122872695
    },
    "linear": {
        "best_eta": 1.0,
        "min_risk": 0.006016691469662483
    }
}