{
    "wsd": {
        "best_eta": 0.47148663634573945,
        "min_risk": 0.008764607331631584
    },
    "constant": {
        "best_eta": 0.3088843596477482,
        "min_risk": 0.011813234527744257
    },
    "linear": {
        "best_eta": 1.0985411419875595,
        "min_risk": 0.007008976184956017
    }
}