{
    "constant": {
        "best_eta": 0.019765980717016348,
        "min_risk": 0.00024263920444064514
    }
}