{
    "wsd": {
        "best_eta": 0.07029732115325475,
        "min_risk": 0.00021371917883814752
    },
    "constant": {
        "best_eta": 0.05689866029018299,
        "min_risk": 0.00044905782194614363
    },
    "linear": {
        "best_eta": 0.13257113655901095,
        "min_risk": 0.0001326795930465891
    }
}