{
    "wsd": {
        "best_eta": 0.05689866029018299,
        "min_risk": 0.00019957645064515149
    },
    "constant": {
        "best_eta": 0.04605378255822417,
        "min_risk": 0.0003848309857782474
    },
    "linear": {
        "best_eta": 0.10730309405261565,
        "min_risk": 0.00012433272140650986
    }
}