{
    "wsd": {
        "best_eta": 0.3088843596477482,
        "min_risk": 0.0003363269296589097
    },
    "constant": {
        "best_eta": 0.16378937069540647,
        "min_risk": 0.0013434444290833852
    },
    "linear": {
        "best_eta": 0.5825136712468927,
        "min_risk": 0.00021823950714342996
    }
}