{
    "wsd": {
        "best_eta": 0.3816213407949357,
        "min_risk": 0.10671771877064329
    },
    "constant": {
        "best_eta": 0.3088843596477482,
        "min_risk": 0.11397221337253394
    },
    "linear": {
        "best_eta": 0.7196856730011522,
        "min_risk": 0.10291039818591441
    }
}