{
    "wsd": {
        "best_eta": 0.3906939937054613,
        "min_risk": 0.29149863847739255
    },
    "constant": {
        "best_eta": 0.2682695795279725,
        "min_risk": 0.3573220533136269
    },
    "linear": {
        "best_eta": 0.5689866029018293,
        "min_risk": 0.3125281179557625
    }
}