{
    "wsd": {
        "best_eta": 0.13257113655901095,
        "min_risk": 0.0025242226640168914
    },
    "constant": {
        "best_eta": 0.10730309405261565,
        "min_risk": 0.003409123297436526
    },
    "linear": {
        "best_eta": 0.3088843596477482,
        "min_risk": 0.0018801228847841536
    }
}