{
    "wsd": {
        "best_eta": 0.14384498882876628,
        "min_risk": 0.00026789411132660177
    },
    "constant": {
        "best_eta": 0.08858667904100823,
        "min_risk": 0.0006199952261072415
    },
    "linear": {
        "best_eta": 0.23357214690901212,
        "min_risk": 0.0001522327705708317
    }
}