{
    "wsd": {
        "best_eta": 0.012742749857031334,
        "min_risk": 0.0005231305502022184
    },
    "constant": {
        "best_eta": 0.012742749857031334,
        "min_risk": 0.0008780755174351685
    },
    "linear": {
        "best_eta": 0.0206913808111479,
        "min_risk": 0.0003338279377209412
    }
}