{
    "wsd": {
        "best_eta": 0.01599858719606059,
        "min_risk": 0.0006895718636242259
    },
    "constant": {
        "best_eta": 0.01294925842205263,
        "min_risk": 0.0009389871144093013
    },
    "linear": {
        "best_eta": 0.030171148105292957,
        "min_risk": 0.00045206260905548696
    }
}