{
    "wsd": {
        "best_eta": 0.05455594781168514,
        "min_risk": 0.0007991710171585088
    },
    "constant": {
        "best_eta": 0.03359818286283781,
        "min_risk": 0.0013196328067570716
    },
    "linear": {
        "best_eta": 0.08858667904100823,
        "min_risk": 0.000495972562097065
    }
}