{
    "linear": {
        "best_eta": 0.01599858719606059,
        "min_risk": 0.000329031404151496
    }
}