{
    "wsd": {
        "best_eta": 0.007847599703514606,
        "min_risk": 0.00013259572575359646
    },
    "constant": {
        "best_eta": 0.007847599703514606,
        "min_risk": 0.00019781716905144285
    },
    "linear": {
        "best_eta": 0.012742749857031334,
        "min_risk": 9.54617803045024e-05
    }
}