{
    "constant": {
        "best_eta": 0.006866488450042998,
        "min_risk": 3.674780850583624e-05
    }
}