{
    "wsd": {
        "best_eta": 0.08858667904100823,
        "min_risk": 0.000825521090275649
    },
    "constant": {
        "best_eta": 0.08858667904100823,
        "min_risk": 0.0016822360750052708
    },
    "linear": {
        "best_eta": 0.14384498882876628,
        "min_risk": 0.0005707932928234607
    }
}