{
    "wsd": {
        "best_eta": 0.3088843596477482,
        "min_risk": 0.00032644113805831756
    },
    "constant": {
        "best_eta": 0.16378937069540647,
        "min_risk": 0.001197501964898797
    },
    "linear": {
        "best_eta": 0.5825136712468927,
        "min_risk": 0.00020161606168008932
    }
}