{
    "wsd": {
        "best_eta": 0.5825136712468927,
        "min_risk": 0.008820446090265189
    },
    "constant": {
        "best_eta": 0.25001103826179305,
        "min_risk": 0.014959162879326408
    },
    "linear": {
        "best_eta": 0.5825136712468927,
        "min_risk": 0.01075572067841507
    }
}