{
    "wsd": {
        "best_eta": 0.20235896477251575,
        "min_risk": 0.0016007067906348943
    },
    "constant": {
        "best_eta": 0.13257113655901095,
        "min_risk": 0.003373094104709279
    },
    "linear": {
        "best_eta": 0.3088843596477482,
        "min_risk": 0.0016875494283206723
    }
}