{
    "constant": {
        "best_eta": 0.004498432668969444,
        "min_risk": 6.061659635559377e-05
    }
}