{
    "wsd": {
        "best_eta": 0.05455594781168514,
        "min_risk": 0.00018602486498500584
    },
    "constant": {
        "best_eta": 0.03359818286283781,
        "min_risk": 0.00033821915732865
    },
    "linear": {
        "best_eta": 0.08858667904100823,
        "min_risk": 0.00011427957717145983
    }
}