{
    "wsd": {
        "best_eta": 0.3816213407949357,
        "min_risk": 0.06196785961528663
    },
    "constant": {
        "best_eta": 0.3088843596477482,
        "min_risk": 0.10588726904768749
    },
    "linear": {
        "best_eta": 0.47148663634573945,
        "min_risk": 0.09350550493647997
    }
}