{
    "wsd": {
        "best_eta": 0.5825136712468927,
        "min_risk": 0.015811447417511216
    },
    "constant": {
        "best_eta": 0.3088843596477482,
        "min_risk": 0.03017880687046542
    },
    "linear": {
        "best_eta": 0.5825136712468927,
        "min_risk": 0.022339039147777538
    }
}