{
    "wsd": {
        "best_eta": 0.05455594781168514,
        "min_risk": 0.0005017293437246054
    },
    "constant": {
        "best_eta": 0.03359818286283781,
        "min_risk": 0.000711801817155535
    },
    "linear": {
        "best_eta": 0.08858667904100823,
        "min_risk": 0.0003017339222454285
    }
}