{
    "wsd": {
        "best_eta": 0.20235896477251575,
        "min_risk": 0.0015927035789467332
    },
    "constant": {
        "best_eta": 0.13257113655901095,
        "min_risk": 0.003376795729959804
    },
    "linear": {
        "best_eta": 0.3088843596477482,
        "min_risk": 0.0016744183319373327
    }
}