{
    "wsd": {
        "best_eta": 0.03359818286283781,
        "min_risk": 0.00016718757969465367
    },
    "constant": {
        "best_eta": 0.03359818286283781,
        "min_risk": 0.0002840678332828428
    },
    "linear": {
        "best_eta": 0.08858667904100823,
        "min_risk": 0.00011284607972149058
    }
}