{
    "wsd": {
        "best_eta": 0.037275937203149416,
        "min_risk": 0.0006470956321159658
    },
    "constant": {
        "best_eta": 0.030171148105292957,
        "min_risk": 0.0008714901012805105
    },
    "linear": {
        "best_eta": 0.07029732115325475,
        "min_risk": 0.0004523844175202653
    }
}