{
    "wsd": {
        "best_eta": 0.04941713361323833,
        "min_risk": 0.0001932158187531944
    },
    "constant": {
        "best_eta": 0.040949150623804234,
        "min_risk": 0.00036042308589073784
    },
    "linear": {
        "best_eta": 0.10481131341546852,
        "min_risk": 0.00012295363175478106
    }
}