{
    "wsd": {
        "best_eta": 0.25001103826179305,
        "min_risk": 0.0003153850574537268
    },
    "constant": {
        "best_eta": 0.16378937069540647,
        "min_risk": 0.0011331766094139586
    },
    "linear": {
        "best_eta": 0.47148663634573945,
        "min_risk": 0.00018926139980824362
    }
}