{
    "wsd": {
        "best_eta": 0.3792690190732246,
        "min_risk": 0.001300904500677349
    },
    "constant": {
        "best_eta": 0.23357214690901212,
        "min_risk": 0.004487188380091161
    },
    "linear": {
        "best_eta": 0.3792690190732246,
        "min_risk": 0.003953358594083698
    }
}