{
    "wsd": {
        "best_eta": 0.23357214690901212,
        "min_risk": 0.0002710120903105476
    },
    "constant": {
        "best_eta": 0.14384498882876628,
        "min_risk": 0.00075310576500986
    },
    "linear": {
        "best_eta": 0.3792690190732246,
        "min_risk": 0.0001588288723556436
    }
}