{
    "constant": {
        "best_eta": 0.10730309405261565,
        "min_risk": 0.0015403784530084073
    }
}