{
    "wsd": {
        "best_eta": 0.47148663634573945,
        "min_risk": 0.015332263572438805
    },
    "constant": {
        "best_eta": 0.3088843596477482,
        "min_risk": 0.02655087952603376
    },
    "linear": {
        "best_eta": 0.5825136712468927,
        "min_risk": 0.019235475049540266
    }
}