{
    "wsd": {
        "best_eta": 0.47148663634573895,
        "min_risk": 0.015728622136306384
    },
    "constant": {
        "best_eta": 0.3906939937054613,
        "min_risk": 0.023899874928443407
    },
    "linear": {
        "best_eta": 0.5689866029018293,
        "min_risk": 0.027068919588614265
    }
}