{
    "wsd": {
        "best_eta": 0.20235896477251575,
        "min_risk": 0.053980935241976516
    },
    "constant": {
        "best_eta": 0.16378937069540647,
        "min_risk": 0.06122017027719438
    },
    "linear": {
        "best_eta": 0.47148663634573945,
        "min_risk": 0.04530552966200223
    }
}