{
    "wsd": {
        "best_eta": 0.01294925842205263,
        "min_risk": 0.00015174211959449683
    },
    "constant": {
        "best_eta": 0.010481131341546863,
        "min_risk": 0.00021132579074641355
    },
    "linear": {
        "best_eta": 0.02442053094548652,
        "min_risk": 9.773595990513555e-05
    }
}