{
    "wsd": {
        "best_eta": 0.47148663634573945,
        "min_risk": 0.03261508978068441
    },
    "constant": {
        "best_eta": 0.25001103826179305,
        "min_risk": 0.05292175085936477
    },
    "linear": {
        "best_eta": 0.5825136712468927,
        "min_risk": 0.03886305905186756
    }
}