{
    "wsd": {
        "best_eta": 0.08685113737513529,
        "min_risk": 0.0015047838053479754
    },
    "constant": {
        "best_eta": 0.07029732115325475,
        "min_risk": 0.0021025098613448325
    },
    "linear": {
        "best_eta": 0.20235896477251575,
        "min_risk": 0.0010813756802537362
    }
}