{
    "wsd": {
        "best_eta": 0.07029732115325475,
        "min_risk": 0.0002000161442983015
    },
    "constant": {
        "best_eta": 0.04605378255822417,
        "min_risk": 0.0004013402773767734
    },
    "linear": {
        "best_eta": 0.13257113655901095,
        "min_risk": 0.00012708806986300636
    }
}