{
    "wsd": {
        "best_eta": 0.3792690190732246,
        "min_risk": 0.003632101655698312
    },
    "constant": {
        "best_eta": 0.23357214690901212,
        "min_risk": 0.010269842671052564
    },
    "linear": {
        "best_eta": 0.3792690190732246,
        "min_risk": 0.009828046162314091
    }
}