{
    "wsd": {
        "best_eta": 0.5825136712468927,
        "min_risk": 0.004714783728263064
    },
    "constant": {
        "best_eta": 0.25001103826179305,
        "min_risk": 0.008512135364142743
    },
    "linear": {
        "best_eta": 0.5825136712468927,
        "min_risk": 0.005794267402687088
    }
}