{
    "wsd": {
        "best_eta": 0.007847599703514606,
        "min_risk": 0.0006774486264589914
    },
    "constant": {
        "best_eta": 0.007847599703514606,
        "min_risk": 0.0009920965557712075
    },
    "linear": {
        "best_eta": 0.0206913808111479,
        "min_risk": 0.0005050696904617911
    }
}