{
    "wsd": {
        "best_eta": 1.0,
        "min_risk": 0.005929554475553397
    },
    "constant": {
        "best_eta": 1.0,
        "min_risk": 0.011252469566614472
    },
    "linear": {
        "best_eta": 1.0,
        "min_risk": 0.012909302865492222
    }
}