{
    "wsd": {
        "best_eta": 0.3792690190732246,
        "min_risk": 0.0037107888336814078
    },
    "constant": {
        "best_eta": 0.23357214690901212,
        "min_risk": 0.008299057837063811
    },
    "linear": {
        "best_eta": 0.615848211066026,
        "min_risk": 0.006579081302592724
    }
}