{
    "constant": {
        "best_eta": 0.07029732115325475,
        "min_risk": 0.011763539697510228
    }
}