{
    "wsd": {
        "best_eta": 0.0206913808111479,
        "min_risk": 0.0005215015616123031
    },
    "constant": {
        "best_eta": 0.0206913808111479,
        "min_risk": 0.000877065136560514
    },
    "linear": {
        "best_eta": 0.03359818286283781,
        "min_risk": 0.00035396854488020473
    }
}