{
    "wsd": {
        "best_eta": 0.008483428982440725,
        "min_risk": 0.0006842850086456777
    },
    "constant": {
        "best_eta": 0.006866488450042998,
        "min_risk": 0.0009006805055290435
    },
    "linear": {
        "best_eta": 0.01599858719606059,
        "min_risk": 0.0004478659491009634
    }
}