{
    "wsd": {
        "best_eta": 0.3816213407949357,
        "min_risk": 0.00040253863348841946
    },
    "constant": {
        "best_eta": 0.25001103826179305,
        "min_risk": 0.0019740507845998727
    },
    "linear": {
        "best_eta": 0.5825136712468927,
        "min_risk": 0.00038775495063151884
    }
}