{
    "wsd": {
        "best_eta": 0.08858667904100823,
        "min_risk": 0.0008498683626773689
    },
    "constant": {
        "best_eta": 0.08858667904100823,
        "min_risk": 0.001650414139753965
    },
    "linear": {
        "best_eta": 0.23357214690901212,
        "min_risk": 0.0005949994227812172
    }
}