{
    "wsd": {
        "best_eta": 0.14384498882876628,
        "min_risk": 0.00022453538508812539
    },
    "constant": {
        "best_eta": 0.08858667904100823,
        "min_risk": 0.0005805730098382691
    },
    "linear": {
        "best_eta": 0.3792690190732246,
        "min_risk": 0.00015717059793997294
    }
}