{
    "wsd": {
        "best_eta": 0.08858667904100823,
        "min_risk": 0.001352592859390147
    },
    "constant": {
        "best_eta": 0.05455594781168514,
        "min_risk": 0.002219035810598956
    },
    "linear": {
        "best_eta": 0.14384498882876628,
        "min_risk": 0.0008792084599728336
    }
}