{
    "constant": {
        "best_eta": 0.02442053094548652,
        "min_risk": 0.0002628603317378465
    }
}