{
    "wsd": {
        "best_eta": 0.05689866029018299,
        "min_risk": 0.00931052820257099
    },
    "constant": {
        "best_eta": 0.04605378255822417,
        "min_risk": 0.009761014788264466
    },
    "linear": {
        "best_eta": 0.08685113737513529,
        "min_risk": 0.03453599940989278
    }
}