{
    "wsd": {
        "best_eta": 0.13257113655901095,
        "min_risk": 0.012223467315289087
    },
    "constant": {
        "best_eta": 0.10730309405261565,
        "min_risk": 0.013555863948284692
    },
    "linear": {
        "best_eta": 0.16378937069540647,
        "min_risk": 0.036220781223302675
    }
}