{
    "wsd": {
        "best_eta": 0.2682695795279725,
        "min_risk": 0.018514462723708398
    },
    "constant": {
        "best_eta": 0.22229964825261933,
        "min_risk": 0.02785754752558399
    },
    "linear": {
        "best_eta": 0.32374575428176433,
        "min_risk": 0.040788188862356384
    }
}