{
    "wsd": {
        "best_eta": 0.05455594781168514,
        "min_risk": 0.0012659813406203152
    },
    "constant": {
        "best_eta": 0.03359818286283781,
        "min_risk": 0.0016656078590480056
    },
    "linear": {
        "best_eta": 0.08858667904100823,
        "min_risk": 0.0007546993357474448
    }
}