{
    "wsd": {
        "best_eta": 0.03359818286283781,
        "min_risk": 0.001229719527303122
    },
    "constant": {
        "best_eta": 0.0206913808111479,
        "min_risk": 0.0015283167770738537
    },
    "linear": {
        "best_eta": 0.05455594781168514,
        "min_risk": 0.0007100078186791406
    }
}