{
    "wsd": {
        "best_eta": 0.5825136712468927,
        "min_risk": 0.0029390264054933684
    },
    "constant": {
        "best_eta": 0.25001103826179305,
        "min_risk": 0.006366489173497711
    },
    "linear": {
        "best_eta": 0.5825136712468927,
        "min_risk": 0.0039161115281701134
    }
}