{
    "wsd": {
        "best_eta": 0.0206913808111479,
        "min_risk": 0.0010518780332731481
    },
    "constant": {
        "best_eta": 0.0206913808111479,
        "min_risk": 0.0014395738710528518
    },
    "linear": {
        "best_eta": 0.05455594781168514,
        "min_risk": 0.0006768661313955835
    }
}