{
    "wsd": {
        "best_eta": 0.012742749857031334,
        "min_risk": 0.00013929076582641634
    },
    "constant": {
        "best_eta": 0.012742749857031334,
        "min_risk": 0.0002061517341752646
    },
    "linear": {
        "best_eta": 0.03359818286283781,
        "min_risk": 0.00010206748722296805
    }
}