{
    "wsd": {
        "best_eta": 0.3816213407949357,
        "min_risk": 0.00037677396114270173
    },
    "constant": {
        "best_eta": 0.20235896477251575,
        "min_risk": 0.0016602462910053047
    },
    "linear": {
        "best_eta": 0.5825136712468927,
        "min_risk": 0.0002651777056386267
    }
}