{
    "wsd": {
        "best_eta": 0.3088843596477482,
        "min_risk": 0.000353245226519654
    },
    "constant": {
        "best_eta": 0.20235896477251575,
        "min_risk": 0.0014926682314191661
    },
    "linear": {
        "best_eta": 0.5825136712468927,
        "min_risk": 0.00023279584851353588
    }
}