{
    "wsd": {
        "best_eta": 0.3792690190732246,
        "min_risk": 0.0002809959446610725
    },
    "constant": {
        "best_eta": 0.23357214690901212,
        "min_risk": 0.0010498152803328235
    },
    "linear": {
        "best_eta": 0.615848211066026,
        "min_risk": 0.0001698212775192562
    }
}