{
    "wsd": {
        "best_eta": 0.3906939937054613,
        "min_risk": 0.03299837466623231
    },
    "constant": {
        "best_eta": 0.32374575428176433,
        "min_risk": 0.05669223108184722
    },
    "linear": {
        "best_eta": 0.47148663634573895,
        "min_risk": 0.04810168647567115
    }
}