{
    "wsd": {
        "best_eta": 0.012742749857031334,
        "min_risk": 0.0004043748002942496
    },
    "constant": {
        "best_eta": 0.012742749857031334,
        "min_risk": 0.0005847297369055739
    },
    "linear": {
        "best_eta": 0.03359818286283781,
        "min_risk": 0.0002984173816965229
    }
}