{
    "wsd": {
        "best_eta": 0.3792690190732246,
        "min_risk": 0.010811047756141131
    },
    "constant": {
        "best_eta": 0.3792690190732246,
        "min_risk": 0.019667265174822698
    },
    "linear": {
        "best_eta": 0.615848211066026,
        "min_risk": 0.014888944825205988
    }
}