{
    "wsd": {
        "best_eta": 0.3792690190732246,
        "min_risk": 0.005089180233484971
    },
    "constant": {
        "best_eta": 0.3792690190732246,
        "min_risk": 0.010284082444333688
    },
    "linear": {
        "best_eta": 0.615848211066026,
        "min_risk": 0.008109618883941273
    }
}