{
    "wsd": {
        "best_eta": 0.3088843596477482,
        "min_risk": 0.0003173633239480782
    },
    "constant": {
        "best_eta": 0.20235896477251575,
        "min_risk": 0.0012907312672879782
    },
    "linear": {
        "best_eta": 0.5825136712468927,
        "min_risk": 0.00020706492342519029
    }
}