{
    "wsd": {
        "best_eta": 0.3593813663804626,
        "min_risk": 0.00034034721793690963
    },
    "constant": {
        "best_eta": 0.12915496650148828,
        "min_risk": 0.0017088619631859608
    },
    "linear": {
        "best_eta": 0.3593813663804626,
        "min_risk": 0.00038650090738642426
    }
}