{
    "wsd": {
        "best_eta": 0.0206913808111479,
        "min_risk": 0.0007496702090522829
    },
    "constant": {
        "best_eta": 0.012742749857031334,
        "min_risk": 0.0011326983097557056
    },
    "linear": {
        "best_eta": 0.03359818286283781,
        "min_risk": 0.0004602652180903902
    }
}