{
    "wsd": {
        "best_eta": 0.5825136712468927,
        "min_risk": 0.0006419355084171473
    },
    "constant": {
        "best_eta": 0.3088843596477482,
        "min_risk": 0.0033728108250528797
    },
    "linear": {
        "best_eta": 0.5825136712468927,
        "min_risk": 0.0015713794765827415
    }
}