{
    "wsd": {
        "best_eta": 0.23357214690901212,
        "min_risk": 0.0020894683533794604
    },
    "constant": {
        "best_eta": 0.14384498882876628,
        "min_risk": 0.005895264828233975
    },
    "linear": {
        "best_eta": 0.3792690190732246,
        "min_risk": 0.004208018013392385
    }
}