{
    "wsd": {
        "best_eta": 0.14384498882876628,
        "min_risk": 0.0005924844958075537
    },
    "constant": {
        "best_eta": 0.14384498882876628,
        "min_risk": 0.0014082198534016944
    },
    "linear": {
        "best_eta": 0.3792690190732246,
        "min_risk": 0.0003953306448899118
    }
}