{
    "wsd": {
        "best_eta": 0.05689866029018299,
        "min_risk": 0.00020510647343153292
    },
    "constant": {
        "best_eta": 0.04605378255822417,
        "min_risk": 0.0003972481081693989
    },
    "linear": {
        "best_eta": 0.13257113655901095,
        "min_risk": 0.0001297680640638963
    }
}