{
    "wsd": {
        "best_eta": 0.08858667904100823,
        "min_risk": 0.0012829544768991853
    },
    "constant": {
        "best_eta": 0.08858667904100823,
        "min_risk": 0.00256132936904288
    },
    "linear": {
        "best_eta": 0.23357214690901212,
        "min_risk": 0.0009980488493591807
    }
}