{
    "wsd": {
        "best_eta": 0.23357214690901212,
        "min_risk": 0.0009205263652944281
    },
    "constant": {
        "best_eta": 0.14384498882876628,
        "min_risk": 0.0023798404162861113
    },
    "linear": {
        "best_eta": 0.3792690190732246,
        "min_risk": 0.0006532157885791758
    }
}