{
    "wsd": {
        "best_eta": 0.615848211066026,
        "min_risk": 0.0011362005103813075
    },
    "constant": {
        "best_eta": 0.3792690190732246,
        "min_risk": 0.003493640830493326
    },
    "linear": {
        "best_eta": 1.0,
        "min_risk": 0.000699919775222415
    }
}