{
    "wsd": {
        "best_eta": 0.3816213407949357,
        "min_risk": 0.0018750719807992316
    },
    "constant": {
        "best_eta": 0.3088843596477482,
        "min_risk": 0.004600816888485215
    },
    "linear": {
        "best_eta": 0.7196856730011522,
        "min_risk": 0.001226198219064541
    }
}