{
    "wsd": {
        "best_eta": 0.47148663634573945,
        "min_risk": 0.028745653098604922
    },
    "constant": {
        "best_eta": 0.3088843596477482,
        "min_risk": 0.0507474378640937
    },
    "linear": {
        "best_eta": 0.5825136712468927,
        "min_risk": 0.03828953704387119
    }
}