{
    "wsd": {
        "best_eta": 0.20235896477251575,
        "min_risk": 0.0002916518962985256
    },
    "constant": {
        "best_eta": 0.16378937069540647,
        "min_risk": 0.0010270611494874952
    },
    "linear": {
        "best_eta": 0.47148663634573945,
        "min_risk": 0.00018148194850164592
    }
}