{
    "wsd": {
        "best_eta": 0.01294925842205263,
        "min_risk": 0.00014136368349231443
    },
    "constant": {
        "best_eta": 0.010481131341546863,
        "min_risk": 0.00019025084764234736
    },
    "linear": {
        "best_eta": 0.02442053094548652,
        "min_risk": 9.206356547241343e-05
    }
}