{
    "constant": {
        "best_eta": 0.3088843596477482,
        "min_risk": 0.033018503566916296
    }
}