{
    "wsd": {
        "best_eta": 0.3792690190732246,
        "min_risk": 0.022920587703029432
    },
    "constant": {
        "best_eta": 0.3792690190732246,
        "min_risk": 0.03690634485394456
    },
    "linear": {
        "best_eta": 0.615848211066026,
        "min_risk": 0.029430005887268823
    }
}