{
    "wsd": {
        "best_eta": 0.23357214690901212,
        "min_risk": 0.0008869019931161876
    },
    "constant": {
        "best_eta": 0.14384498882876628,
        "min_risk": 0.0021714634226842186
    },
    "linear": {
        "best_eta": 0.3792690190732246,
        "min_risk": 0.0005575148356015878
    }
}