{
    "wsd": {
        "best_eta": 0.05455594781168514,
        "min_risk": 0.00019206167496954284
    },
    "constant": {
        "best_eta": 0.05455594781168514,
        "min_risk": 0.000396101843049395
    },
    "linear": {
        "best_eta": 0.14384498882876628,
        "min_risk": 0.0001296064425436889
    }
}