{
    "wsd": {
        "best_eta": 0.3088843596477482,
        "min_risk": 0.07212022992211631
    },
    "constant": {
        "best_eta": 0.25001103826179305,
        "min_risk": 0.08047828209340012
    },
    "linear": {
        "best_eta": 0.5825136712468927,
        "min_risk": 0.06349996778169724
    }
}