{
    "wsd": {
        "best_eta": 0.3792690190732246,
        "min_risk": 0.0027616892691678385
    },
    "constant": {
        "best_eta": 0.23357214690901212,
        "min_risk": 0.006425756474463536
    },
    "linear": {
        "best_eta": 0.3792690190732246,
        "min_risk": 0.005791529137047854
    }
}