{
    "constant": {
        "best_eta": 0.10730309405261565,
        "min_risk": 0.0007326531447284699
    }
}