{
    "wsd": {
        "best_eta": 0.3792690190732246,
        "min_risk": 0.0011810477799671327
    },
    "constant": {
        "best_eta": 0.23357214690901212,
        "min_risk": 0.0035551274186439944
    },
    "linear": {
        "best_eta": 0.3792690190732246,
        "min_risk": 0.002253271052024487
    }
}