{
    "wsd": {
        "best_eta": 0.14384498882876628,
        "min_risk": 0.0016993545338892884
    },
    "constant": {
        "best_eta": 0.08858667904100823,
        "min_risk": 0.0026974717761937767
    },
    "linear": {
        "best_eta": 0.23357214690901212,
        "min_risk": 0.0011073020147191123
    }
}