{
    "wsd": {
        "best_eta": 0.012742749857031334,
        "min_risk": 0.0006713551431479418
    },
    "constant": {
        "best_eta": 0.012742749857031334,
        "min_risk": 0.0008967098685568817
    },
    "linear": {
        "best_eta": 0.03359818286283781,
        "min_risk": 0.00047337606979229165
    }
}