{
    "wsd": {
        "best_eta": 0.5825136712468927,
        "min_risk": 0.0011682450959559843
    },
    "constant": {
        "best_eta": 0.3088843596477482,
        "min_risk": 0.004191145125378975
    },
    "linear": {
        "best_eta": 0.5825136712468927,
        "min_risk": 0.0021938449670564136
    }
}