{
    "wsd": {
        "best_eta": 0.14384498882876628,
        "min_risk": 0.0007945875010477296
    },
    "constant": {
        "best_eta": 0.08858667904100823,
        "min_risk": 0.0016672547252612755
    },
    "linear": {
        "best_eta": 0.23357214690901212,
        "min_risk": 0.00047345911533712377
    }
}