{
    "wsd": {
        "best_eta": 0.5825136712468927,
        "min_risk": 0.012941097859630692
    },
    "constant": {
        "best_eta": 0.3088843596477482,
        "min_risk": 0.024651303741128984
    },
    "linear": {
        "best_eta": 0.5825136712468927,
        "min_risk": 0.017943675530976876
    }
}