{
    "wsd": {
        "best_eta": 0.14384498882876628,
        "min_risk": 0.0002520450748391967
    },
    "constant": {
        "best_eta": 0.08858667904100823,
        "min_risk": 0.0007834957021536884
    },
    "linear": {
        "best_eta": 0.3792690190732246,
        "min_risk": 0.00015968969160606899
    }
}