{
    "wsd": {
        "best_eta": 0.23357214690901212,
        "min_risk": 0.0002989707915943138
    },
    "constant": {
        "best_eta": 0.23357214690901212,
        "min_risk": 0.0011063022629866578
    },
    "linear": {
        "best_eta": 0.615848211066026,
        "min_risk": 0.00018138399471621513
    }
}