{
    "wsd": {
        "best_eta": 0.14384498882876628,
        "min_risk": 0.0002504721329347448
    },
    "constant": {
        "best_eta": 0.08858667904100823,
        "min_risk": 0.000590366319683853
    },
    "linear": {
        "best_eta": 0.23357214690901212,
        "min_risk": 0.00014789085100487792
    }
}