{
    "wsd": {
        "best_eta": 0.07029732115325475,
        "min_risk": 0.00021586700814433345
    },
    "constant": {
        "best_eta": 0.05689866029018299,
        "min_risk": 0.0004551627156536308
    },
    "linear": {
        "best_eta": 0.13257113655901095,
        "min_risk": 0.00013407356127576468
    }
}