{
    "wsd": {
        "best_eta": 0.13257113655901095,
        "min_risk": 0.015307072061984187
    },
    "constant": {
        "best_eta": 0.10730309405261565,
        "min_risk": 0.016334225358105567
    },
    "linear": {
        "best_eta": 0.16378937069540647,
        "min_risk": 0.04778584358979516
    }
}