{
    "constant": {
        "best_eta": 0.01599858719606059,
        "min_risk": 0.009416441680543734
    }
}