{
    "wsd": {
        "best_eta": 0.08685113737513521,
        "min_risk": 0.00022354729707067442
    },
    "constant": {
        "best_eta": 0.07196856730011514,
        "min_risk": 0.0005115923435423979
    },
    "linear": {
        "best_eta": 0.18420699693267145,
        "min_risk": 0.00014022332948382166
    }
}