{
    "wsd": {
        "best_eta": 0.3792690190732246,
        "min_risk": 0.0003704657587089241
    },
    "constant": {
        "best_eta": 0.23357214690901212,
        "min_risk": 0.0016571332763007963
    },
    "linear": {
        "best_eta": 0.615848211066026,
        "min_risk": 0.0002499070595419647
    }
}