{
    "wsd": {
        "best_eta": 0.23357214690901212,
        "min_risk": 0.002102618781379546
    },
    "constant": {
        "best_eta": 0.14384498882876628,
        "min_risk": 0.0038653860585407254
    },
    "linear": {
        "best_eta": 0.23357214690901212,
        "min_risk": 0.0036012320552861275
    }
}