{
    "wsd": {
        "best_eta": 0.0206913808111479,
        "min_risk": 0.0007486242915087836
    },
    "constant": {
        "best_eta": 0.012742749857031334,
        "min_risk": 0.0010603839354847966
    },
    "linear": {
        "best_eta": 0.03359818286283781,
        "min_risk": 0.0004563497629983082
    }
}