{
    "constant": {
        "best_eta": 0.10730309405261565,
        "min_risk": 0.0008392556267209756
    }
}