{
    "wsd": {
        "best_eta": 0.3792690190732246,
        "min_risk": 0.006238022744318847
    },
    "constant": {
        "best_eta": 0.3792690190732246,
        "min_risk": 0.011480297625088271
    },
    "linear": {
        "best_eta": 0.615848211066026,
        "min_risk": 0.008291168698965715
    }
}