{
    "wsd": {
        "best_eta": 0.03359818286283781,
        "min_risk": 0.0008633767782866486
    },
    "constant": {
        "best_eta": 0.0206913808111479,
        "min_risk": 0.001083937231581864
    },
    "linear": {
        "best_eta": 0.05455594781168514,
        "min_risk": 0.0005072162462247023
    }
}