{
    "wsd": {
        "best_eta": 0.5825136712468927,
        "min_risk": 0.0019692213603423087
    },
    "constant": {
        "best_eta": 0.3088843596477482,
        "min_risk": 0.006545684290348096
    },
    "linear": {
        "best_eta": 0.5825136712468927,
        "min_risk": 0.00410670771998724
    }
}