{
    "wsd": {
        "best_eta": 0.14384498882876628,
        "min_risk": 0.0005910220146650269
    },
    "constant": {
        "best_eta": 0.08858667904100823,
        "min_risk": 0.001213876901457983
    },
    "linear": {
        "best_eta": 0.23357214690901212,
        "min_risk": 0.00036398013278287884
    }
}