{
    "linear": {
        "best_eta": 0.0029470517025518097,
        "min_risk": 0.003826660067310161
    }
}