{
    "wsd": {
        "best_eta": 0.5825136712468927,
        "min_risk": 0.024310960439989655
    },
    "constant": {
        "best_eta": 0.3088843596477482,
        "min_risk": 0.04036460729363549
    },
    "linear": {
        "best_eta": 0.5825136712468927,
        "min_risk": 0.02966691089875904
    }
}