{
    "wsd": {
        "best_eta": 0.030171148105292957,
        "min_risk": 0.00016998951466443748
    },
    "constant": {
        "best_eta": 0.02442053094548652,
        "min_risk": 0.0002803106696409398
    },
    "linear": {
        "best_eta": 0.05689866029018299,
        "min_risk": 0.00010986216680201874
    }
}