{
    "constant": {
        "best_eta": 0.0029470517025518097,
        "min_risk": 3.3318958862065874e-05
    }
}