{
    "linear": {
        "best_eta": 0.20235896477251575,
        "min_risk": 0.00016418821829380445
    }
}