{
    "wsd": {
        "best_eta": 0.3816213407949357,
        "min_risk": 0.03493937501199999
    },
    "constant": {
        "best_eta": 0.3088843596477482,
        "min_risk": 0.05707618187639481
    },
    "linear": {
        "best_eta": 0.47148663634573945,
        "min_risk": 0.06633151845027029
    }
}