{
    "wsd": {
        "best_eta": 0.05455594781168514,
        "min_risk": 0.0005030453483405011
    },
    "constant": {
        "best_eta": 0.03359818286283781,
        "min_risk": 0.000744633954512137
    },
    "linear": {
        "best_eta": 0.08858667904100823,
        "min_risk": 0.0003054475702519203
    }
}