{
    "wsd": {
        "best_eta": 0.03359818286283781,
        "min_risk": 0.000503157735294659
    },
    "constant": {
        "best_eta": 0.0206913808111479,
        "min_risk": 0.0006499915979608474
    },
    "linear": {
        "best_eta": 0.05455594781168514,
        "min_risk": 0.0002983218847447999
    }
}