{
    "wsd": {
        "best_eta": 0.08685113737513529,
        "min_risk": 0.00020921787547579363
    },
    "constant": {
        "best_eta": 0.07029732115325475,
        "min_risk": 0.0004696278448076526
    },
    "linear": {
        "best_eta": 0.16378937069540647,
        "min_risk": 0.0001323797947415877
    }
}