{
    "wsd": {
        "best_eta": 0.08685113737513521,
        "min_risk": 0.002161233009114848
    },
    "constant": {
        "best_eta": 0.07196856730011514,
        "min_risk": 0.00252625214033635
    },
    "linear": {
        "best_eta": 0.18420699693267145,
        "min_risk": 0.0019114499519826524
    }
}