{
    "wsd": {
        "best_eta": 0.23357214690901212,
        "min_risk": 0.0019418538431930322
    },
    "constant": {
        "best_eta": 0.14384498882876628,
        "min_risk": 0.004599991703922254
    },
    "linear": {
        "best_eta": 0.3792690190732246,
        "min_risk": 0.0032426165951138365
    }
}