{
    "wsd": {
        "best_eta": 0.3792690190732246,
        "min_risk": 0.007767211018764543
    },
    "constant": {
        "best_eta": 0.3792690190732246,
        "min_risk": 0.01398033615340956
    },
    "linear": {
        "best_eta": 0.615848211066026,
        "min_risk": 0.012222597607568704
    }
}