{
    "constant": {
        "best_eta": 0.25001103826179305,
        "min_risk": 0.03907967386690317
    }
}