{
    "wsd": {
        "best_eta": 0.47148663634573945,
        "min_risk": 0.0004204239607019061
    },
    "constant": {
        "best_eta": 0.25001103826179305,
        "min_risk": 0.002012610067152344
    },
    "linear": {
        "best_eta": 0.5825136712468927,
        "min_risk": 0.0004710463123928631
    }
}