{
    "wsd": {
        "best_eta": 0.14384498882876628,
        "min_risk": 0.0002533455728301155
    },
    "constant": {
        "best_eta": 0.08858667904100823,
        "min_risk": 0.0006969472196991732
    },
    "linear": {
        "best_eta": 0.23357214690901212,
        "min_risk": 0.00017253548125559346
    }
}