{
    "wsd": {
        "best_eta": 0.3088843596477482,
        "min_risk": 0.00032088986526071685
    },
    "constant": {
        "best_eta": 0.16378937069540647,
        "min_risk": 0.0011257506314325848
    },
    "linear": {
        "best_eta": 0.5825136712468927,
        "min_risk": 0.0002164206359458303
    }
}