{
    "wsd": {
        "best_eta": 0.13257113655901095,
        "min_risk": 0.0020628479486032654
    },
    "constant": {
        "best_eta": 0.10730309405261565,
        "min_risk": 0.0029605583085057195
    },
    "linear": {
        "best_eta": 0.25001103826179305,
        "min_risk": 0.001468473810300728
    }
}