{
    "wsd": {
        "best_eta": 0.5825136712468927,
        "min_risk": 0.017976882949854448
    },
    "constant": {
        "best_eta": 0.3088843596477482,
        "min_risk": 0.031244731772127894
    },
    "linear": {
        "best_eta": 0.5825136712468927,
        "min_risk": 0.022911155894017363
    }
}