{
    "wsd": {
        "best_eta": 0.10730309405261565,
        "min_risk": 0.0019308683136064373
    },
    "constant": {
        "best_eta": 0.08685113737513529,
        "min_risk": 0.0025935924999375766
    },
    "linear": {
        "best_eta": 0.20235896477251575,
        "min_risk": 0.001460084932144983
    }
}