{
    "wsd": {
        "best_eta": 0.25001103826179305,
        "min_risk": 0.08266030840574952
    },
    "constant": {
        "best_eta": 0.20235896477251575,
        "min_risk": 0.08578806791841165
    },
    "linear": {
        "best_eta": 0.47148663634573945,
        "min_risk": 0.08323697614975714
    }
}