{
    "constant": {
        "best_eta": 0.05689866029018299,
        "min_risk": 0.0004443340894885242
    }
}