{
    "constant": {
        "best_eta": 0.0010237739663395858,
        "min_risk": 0.0006132745956180284
    }
}