{
    "wsd": {
        "best_eta": 0.3088843596477482,
        "min_risk": 0.029444631199782793
    },
    "constant": {
        "best_eta": 0.25001103826179305,
        "min_risk": 0.040897086483581195
    },
    "linear": {
        "best_eta": 0.3816213407949357,
        "min_risk": 0.05597582250353148
    }
}