{
    "wsd": {
        "best_eta": 0.3088843596477482,
        "min_risk": 0.03996386110248645
    },
    "constant": {
        "best_eta": 0.25001103826179305,
        "min_risk": 0.04167135491133908
    },
    "linear": {
        "best_eta": 0.5825136712468927,
        "min_risk": 0.0407930855958752
    }
}