{
    "wsd": {
        "best_eta": 0.615848211066026,
        "min_risk": 0.0007409583081095829
    },
    "constant": {
        "best_eta": 0.3792690190732246,
        "min_risk": 0.0025694908581885972
    },
    "linear": {
        "best_eta": 1.0,
        "min_risk": 0.0004478403141763004
    }
}