{
    "wsd": {
        "best_eta": 0.23357214690901212,
        "min_risk": 0.004637698503342631
    },
    "constant": {
        "best_eta": 0.23357214690901212,
        "min_risk": 0.007268727996052321
    },
    "linear": {
        "best_eta": 0.3792690190732246,
        "min_risk": 0.008386673828531834
    }
}