{
    "wsd": {
        "best_eta": 0.3088843596477482,
        "min_risk": 0.0003453276049850542
    },
    "constant": {
        "best_eta": 0.20235896477251575,
        "min_risk": 0.001407450830696714
    },
    "linear": {
        "best_eta": 0.5825136712468927,
        "min_risk": 0.00020756131945988965
    }
}