{
    "wsd": {
        "best_eta": 0.25001103826179305,
        "min_risk": 0.0003245980948906997
    },
    "constant": {
        "best_eta": 0.16378937069540647,
        "min_risk": 0.0011666680139668846
    },
    "linear": {
        "best_eta": 0.47148663634573945,
        "min_risk": 0.00019180458383288252
    }
}