{
    "wsd": {
        "best_eta": 0.3792690190732246,
        "min_risk": 0.00816473908156718
    },
    "constant": {
        "best_eta": 0.23357214690901212,
        "min_risk": 0.016033741670152635
    },
    "linear": {
        "best_eta": 0.3792690190732246,
        "min_risk": 0.014343287146411053
    }
}