{
    "linear": {
        "best_eta": 0.47148663634573945,
        "min_risk": 0.08061957131671416
    }
}