{
    "wsd": {
        "best_eta": 0.08685113737513529,
        "min_risk": 0.00022188174694296234
    },
    "constant": {
        "best_eta": 0.05689866029018299,
        "min_risk": 0.00046594261088552435
    },
    "linear": {
        "best_eta": 0.16378937069540647,
        "min_risk": 0.00013703015467598516
    }
}