{
    "wsd": {
        "best_eta": 0.02442053094548652,
        "min_risk": 0.0010681138692053215
    },
    "constant": {
        "best_eta": 0.019765980717016348,
        "min_risk": 0.001544896991742348
    },
    "linear": {
        "best_eta": 0.05689866029018299,
        "min_risk": 0.0007019388634902582
    }
}