{
    "wsd": {
        "best_eta": 0.47148663634573945,
        "min_risk": 0.00043240738821082
    },
    "constant": {
        "best_eta": 0.25001103826179305,
        "min_risk": 0.002350460554006748
    },
    "linear": {
        "best_eta": 0.5825136712468927,
        "min_risk": 0.0006072498870047503
    }
}