{
    "wsd": {
        "best_eta": 0.0206913808111479,
        "min_risk": 0.0010939996151594286
    },
    "constant": {
        "best_eta": 0.012742749857031334,
        "min_risk": 0.0014315094380875446
    },
    "linear": {
        "best_eta": 0.03359818286283781,
        "min_risk": 0.0006837699303489691
    }
}