{
    "wsd": {
        "best_eta": 0.47148663634573895,
        "min_risk": 0.026203326235966964
    },
    "constant": {
        "best_eta": 0.32374575428176433,
        "min_risk": 0.04493815104262262
    },
    "linear": {
        "best_eta": 0.5689866029018293,
        "min_risk": 0.033300868887844615
    }
}