{
    "wsd": {
        "best_eta": 0.008483428982440725,
        "min_risk": 0.00014562588195025363
    },
    "constant": {
        "best_eta": 0.006866488450042998,
        "min_risk": 0.0001964814918170199
    },
    "linear": {
        "best_eta": 0.01599858719606059,
        "min_risk": 9.453666646343859e-05
    }
}