{
    "wsd": {
        "best_eta": 0.0206913808111479,
        "min_risk": 0.0010350360314434937
    },
    "constant": {
        "best_eta": 0.0206913808111479,
        "min_risk": 0.0017354897139269434
    },
    "linear": {
        "best_eta": 0.05455594781168514,
        "min_risk": 0.0007468458161210088
    }
}