{
    "wsd": {
        "best_eta": 0.05455594781168514,
        "min_risk": 0.0002008933512825869
    },
    "constant": {
        "best_eta": 0.03359818286283781,
        "min_risk": 0.000370463496810028
    },
    "linear": {
        "best_eta": 0.08858667904100823,
        "min_risk": 0.00012156142802869762
    }
}