{
    "wsd": {
        "best_eta": 0.05963623316594643,
        "min_risk": 0.00020505463846868404
    },
    "constant": {
        "best_eta": 0.040949150623804234,
        "min_risk": 0.0003857671875707271
    },
    "linear": {
        "best_eta": 0.10481131341546852,
        "min_risk": 0.00012536006314103014
    }
}