{
    "wsd": {
        "best_eta": 0.3792690190732246,
        "min_risk": 0.010442036036919308
    },
    "constant": {
        "best_eta": 0.3792690190732246,
        "min_risk": 0.018104422369943994
    },
    "linear": {
        "best_eta": 0.615848211066026,
        "min_risk": 0.011962355328016984
    }
}