{
    "wsd": {
        "best_eta": 0.14384498882876628,
        "min_risk": 0.0017062832886780084
    },
    "constant": {
        "best_eta": 0.14384498882876628,
        "min_risk": 0.0038270092375992182
    },
    "linear": {
        "best_eta": 0.23357214690901212,
        "min_risk": 0.0020537445837487717
    }
}