{
    "wsd": {
        "best_eta": 0.012742749857031334,
        "min_risk": 0.0012213851477065273
    },
    "constant": {
        "best_eta": 0.007847599703514606,
        "min_risk": 0.0014079524504736244
    },
    "linear": {
        "best_eta": 0.0206913808111479,
        "min_risk": 0.0006992339606358268
    }
}