{
    "0": {
        "wsd": {
            "best_eta": 0.0001,
            "min_risk": 6.494896625257569
        },
        "constant": {
            "best_eta": 0.0001,
            "min_risk": 6.494896625257569
        },
        "linear": {
            "best_eta": 0.0001,
            "min_risk": 6.494896625257569
        }
    },
    "500": {
        "wsd": {
            "best_eta": 0.3816213407949357,
            "min_risk": 0.005545983526446072
        },
        "constant": {
            "best_eta": 0.3816213407949357,
            "min_risk": 0.005545983526446072
        },
        "linear": {
            "best_eta": 0.5825136712468927,
            "min_risk": 0.0031900169535594124
        }
    },
    "999": {
        "wsd": {
            "best_eta": 0.3816213407949357,
            "min_risk": 0.0003909096303397161
        },
        "constant": {
            "best_eta": 0.25001103826179305,
            "min_risk": 0.001924637442763463
        },
        "linear": {
            "best_eta": 0.5825136712468927,
            "min_risk": 0.000327451035601713
        }
    }
}