{
    "wsd": {
        "best_eta": 0.008483428982440725,
        "min_risk": 0.0010376917892391516
    },
    "constant": {
        "best_eta": 0.008483428982440725,
        "min_risk": 0.0014179307194150184
    },
    "linear": {
        "best_eta": 0.019765980717016348,
        "min_risk": 0.0006745073709250321
    }
}