{
    "constant": {
        "best_eta": 0.0036410319493106772,
        "min_risk": 0.002385640346183565
    }
}