{
    "wsd": {
        "best_eta": 0.14384498882876628,
        "min_risk": 0.0009612293735966706
    },
    "constant": {
        "best_eta": 0.14384498882876628,
        "min_risk": 0.0020741194073902076
    },
    "linear": {
        "best_eta": 0.3792690190732246,
        "min_risk": 0.0006360899298133688
    }
}