{
    "constant": {
        "best_eta": 0.0023853440064314215,
        "min_risk": 0.00158272009346013
    }
}