{
    "wsd": {
        "best_eta": 0.3792690190732246,
        "min_risk": 0.00774110347542428
    },
    "constant": {
        "best_eta": 0.3792690190732246,
        "min_risk": 0.01371345990532077
    },
    "linear": {
        "best_eta": 0.615848211066026,
        "min_risk": 0.00954513810566328
    }
}