{
    "wsd": {
        "best_eta": 0.25001103826179305,
        "min_risk": 0.02308739324043145
    },
    "constant": {
        "best_eta": 0.25001103826179305,
        "min_risk": 0.03301104570152164
    },
    "linear": {
        "best_eta": 0.3088843596477482,
        "min_risk": 0.04904325631632346
    }
}