{
    "wsd": {
        "best_eta": 0.3792690190732246,
        "min_risk": 0.008368812601901605
    },
    "constant": {
        "best_eta": 0.3792690190732246,
        "min_risk": 0.014841430731152468
    },
    "linear": {
        "best_eta": 0.615848211066026,
        "min_risk": 0.011797029829184553
    }
}