{
    "wsd": {
        "best_eta": 0.2682695795279725,
        "min_risk": 0.00028781138148924353
    },
    "constant": {
        "best_eta": 0.15264179671752318,
        "min_risk": 0.0010312406712859772
    },
    "linear": {
        "best_eta": 0.47148663634573895,
        "min_risk": 0.00018609660054244023
    }
}