{
    "wsd": {
        "best_eta": 0.03359818286283781,
        "min_risk": 0.0012836944347931535
    },
    "constant": {
        "best_eta": 0.0206913808111479,
        "min_risk": 0.0015234610748519942
    },
    "linear": {
        "best_eta": 0.05455594781168514,
        "min_risk": 0.0007125695566812451
    }
}