{
    "wsd": {
        "best_eta": 0.008483428982440725,
        "min_risk": 0.0001442181578407349
    },
    "constant": {
        "best_eta": 0.006866488450042998,
        "min_risk": 0.00019085230622493574
    },
    "linear": {
        "best_eta": 0.01599858719606059,
        "min_risk": 9.367953106704144e-05
    }
}