{
    "wsd": {
        "best_eta": 0.05455594781168514,
        "min_risk": 0.0011889037432684711
    },
    "constant": {
        "best_eta": 0.03359818286283781,
        "min_risk": 0.00161894135715911
    },
    "linear": {
        "best_eta": 0.08858667904100823,
        "min_risk": 0.0007163666614638973
    }
}