{
    "wsd": {
        "best_eta": 0.3088843596477482,
        "min_risk": 0.0003594666169990612
    },
    "constant": {
        "best_eta": 0.20235896477251575,
        "min_risk": 0.0014892284458530246
    },
    "linear": {
        "best_eta": 0.5825136712468927,
        "min_risk": 0.00023790068686897113
    }
}