{
    "wsd": {
        "best_eta": 0.03359818286283781,
        "min_risk": 0.0011491185109960779
    },
    "constant": {
        "best_eta": 0.03359818286283781,
        "min_risk": 0.0017434727494259293
    },
    "linear": {
        "best_eta": 0.08858667904100823,
        "min_risk": 0.0007625067483882443
    }
}