{
    "wsd": {
        "best_eta": 0.23357214690901212,
        "min_risk": 0.0018157173725691239
    },
    "constant": {
        "best_eta": 0.14384498882876628,
        "min_risk": 0.004464480346863508
    },
    "linear": {
        "best_eta": 0.3792690190732246,
        "min_risk": 0.003258781978623302
    }
}