{
    "wsd": {
        "best_eta": 0.08858667904100823,
        "min_risk": 0.0001904989375297077
    },
    "constant": {
        "best_eta": 0.05455594781168514,
        "min_risk": 0.00045641460703882745
    },
    "linear": {
        "best_eta": 0.14384498882876628,
        "min_risk": 0.0001258181300817251
    }
}