{
    "wsd": {
        "best_eta": 0.07029732115325475,
        "min_risk": 0.00022078035370428912
    },
    "constant": {
        "best_eta": 0.05689866029018299,
        "min_risk": 0.00046817265282109654
    },
    "linear": {
        "best_eta": 0.13257113655901095,
        "min_risk": 0.0001370298660409643
    }
}