{
    "wsd": {
        "best_eta": 0.03359818286283781,
        "min_risk": 0.0007495867657916377
    },
    "constant": {
        "best_eta": 0.0206913808111479,
        "min_risk": 0.0011523229535274275
    },
    "linear": {
        "best_eta": 0.05455594781168514,
        "min_risk": 0.00046868093311480826
    }
}