{
    "wsd": {
        "best_eta": 0.007847599703514606,
        "min_risk": 0.000501111174694673
    },
    "constant": {
        "best_eta": 0.007847599703514606,
        "min_risk": 0.0006909091479315798
    },
    "linear": {
        "best_eta": 0.0206913808111479,
        "min_risk": 0.00034211609308089136
    }
}