{
    "wsd": {
        "best_eta": 0.47148663634573945,
        "min_risk": 0.03035655898755464
    },
    "constant": {
        "best_eta": 0.3088843596477482,
        "min_risk": 0.053932721277198316
    },
    "linear": {
        "best_eta": 0.5825136712468927,
        "min_risk": 0.040781172052565484
    }
}