{
    "wsd": {
        "best_eta": 0.25001103826179305,
        "min_risk": 0.000325200178387598
    },
    "constant": {
        "best_eta": 0.16378937069540647,
        "min_risk": 0.00117410839473274
    },
    "linear": {
        "best_eta": 0.5825136712468927,
        "min_risk": 0.0002005442079498931
    }
}