{
    "wsd": {
        "best_eta": 0.007847599703514606,
        "min_risk": 0.0006624047973788906
    },
    "constant": {
        "best_eta": 0.007847599703514606,
        "min_risk": 0.0009889664506150522
    },
    "linear": {
        "best_eta": 0.012742749857031334,
        "min_risk": 0.0004750411709848522
    }
}