{
    "wsd": {
        "best_eta": 0.03359818286283781,
        "min_risk": 0.0011749571386423165
    },
    "constant": {
        "best_eta": 0.03359818286283781,
        "min_risk": 0.0017543171544474887
    },
    "linear": {
        "best_eta": 0.08858667904100823,
        "min_risk": 0.0007540362366979182
    }
}