{
    "wsd": {
        "best_eta": 0.3088843596477482,
        "min_risk": 0.00031054911147723236
    },
    "constant": {
        "best_eta": 0.16378937069540647,
        "min_risk": 0.0010858793499877338
    },
    "linear": {
        "best_eta": 0.5825136712468927,
        "min_risk": 0.00019920897701711362
    }
}