{
    "wsd": {
        "best_eta": 0.03359818286283781,
        "min_risk": 0.00019106378433618454
    },
    "constant": {
        "best_eta": 0.0206913808111479,
        "min_risk": 0.0002888031626093953
    },
    "linear": {
        "best_eta": 0.05455594781168514,
        "min_risk": 0.0001113190457553475
    }
}