{
    "wsd": {
        "best_eta": 0.3792690190732246,
        "min_risk": 0.00035417657992461386
    },
    "constant": {
        "best_eta": 0.23357214690901212,
        "min_risk": 0.0014965398324470287
    },
    "linear": {
        "best_eta": 0.615848211066026,
        "min_risk": 0.0002114380893764397
    }
}