{
    "wsd": {
        "best_eta": 0.3088843596477482,
        "min_risk": 0.0003522301486833515
    },
    "constant": {
        "best_eta": 0.20235896477251575,
        "min_risk": 0.0014268916890336262
    },
    "linear": {
        "best_eta": 0.5825136712468927,
        "min_risk": 0.00023647135669831718
    }
}