{
    "wsd": {
        "best_eta": 0.05455594781168514,
        "min_risk": 0.0006207026629020502
    },
    "constant": {
        "best_eta": 0.03359818286283781,
        "min_risk": 0.0011422658348946184
    },
    "linear": {
        "best_eta": 0.08858667904100823,
        "min_risk": 0.0003872843856833622
    }
}