{
    "wsd": {
        "best_eta": 0.23357214690901212,
        "min_risk": 0.0022749197977347422
    },
    "constant": {
        "best_eta": 0.23357214690901212,
        "min_risk": 0.00636300551204863
    },
    "linear": {
        "best_eta": 0.3792690190732246,
        "min_risk": 0.004584060564608205
    }
}