{
    "wsd": {
        "best_eta": 0.05455594781168514,
        "min_risk": 0.0013666056078705793
    },
    "constant": {
        "best_eta": 0.05455594781168514,
        "min_risk": 0.0019687074650588912
    },
    "linear": {
        "best_eta": 0.14384498882876628,
        "min_risk": 0.0007870361630749024
    }
}