{
    "wsd": {
        "best_eta": 0.23357214690901212,
        "min_risk": 0.00034550259845414136
    },
    "constant": {
        "best_eta": 0.14384498882876628,
        "min_risk": 0.0014487188511130263
    },
    "linear": {
        "best_eta": 0.615848211066026,
        "min_risk": 0.00021182259783007239
    }
}