{
    "constant": {
        "best_eta": 0.030171148105292957,
        "min_risk": 0.0005752728032446725
    }
}