{
    "wsd": {
        "best_eta": 0.3816213407949357,
        "min_risk": 0.039633242981072576
    },
    "constant": {
        "best_eta": 0.3088843596477482,
        "min_risk": 0.06898787736726297
    },
    "linear": {
        "best_eta": 0.47148663634573945,
        "min_risk": 0.06333896120993165
    }
}