{
    "constant": {
        "best_eta": 0.3088843596477482,
        "min_risk": 0.014908025319316799
    }
}