{
    "wsd": {
        "best_eta": 0.08858667904100823,
        "min_risk": 0.000821996790167104
    },
    "constant": {
        "best_eta": 0.08858667904100823,
        "min_risk": 0.0014235453504256982
    },
    "linear": {
        "best_eta": 0.23357214690901212,
        "min_risk": 0.0005344107100816777
    }
}