{
    "wsd": {
        "best_eta": 0.3792690190732246,
        "min_risk": 0.026517438604330344
    },
    "constant": {
        "best_eta": 0.3792690190732246,
        "min_risk": 0.04339963217615066
    },
    "linear": {
        "best_eta": 0.615848211066026,
        "min_risk": 0.03994832087861056
    }
}