{
    "constant": {
        "best_eta": 0.010481131341546863,
        "min_risk": 0.00010734779278751989
    }
}