{
    "wsd": {
        "best_eta": 0.010481131341546863,
        "min_risk": 0.0006896751594977113
    },
    "constant": {
        "best_eta": 0.010481131341546863,
        "min_risk": 0.0009655611992558642
    },
    "linear": {
        "best_eta": 0.019765980717016348,
        "min_risk": 0.00045255766194598264
    }
}