{
    "wsd": {
        "best_eta": 0.05455594781168514,
        "min_risk": 0.0008596661693387558
    },
    "constant": {
        "best_eta": 0.05455594781168514,
        "min_risk": 0.0013475968958431008
    },
    "linear": {
        "best_eta": 0.14384498882876628,
        "min_risk": 0.0005475204707013551
    }
}