{
    "wsd": {
        "best_eta": 0.47148663634573895,
        "min_risk": 0.025769346281092443
    },
    "constant": {
        "best_eta": 0.2682695795279725,
        "min_risk": 0.04334724948100899
    },
    "linear": {
        "best_eta": 0.5689866029018293,
        "min_risk": 0.03172060908774137
    }
}