{
    "wsd": {
        "best_eta": 0.3792690190732246,
        "min_risk": 0.0007023530446851787
    },
    "constant": {
        "best_eta": 0.23357214690901212,
        "min_risk": 0.0018562420044402304
    },
    "linear": {
        "best_eta": 0.615848211066026,
        "min_risk": 0.00041716487482700975
    }
}