{
    "wsd": {
        "best_eta": 0.23357214690901212,
        "min_risk": 0.0018851538931792314
    },
    "constant": {
        "best_eta": 0.14384498882876628,
        "min_risk": 0.0041051588773181
    },
    "linear": {
        "best_eta": 0.3792690190732246,
        "min_risk": 0.002739083426295482
    }
}