{
    "wsd": {
        "best_eta": 0.010481131341546863,
        "min_risk": 0.0010513467547027357
    },
    "constant": {
        "best_eta": 0.008483428982440725,
        "min_risk": 0.0014263236819342714
    },
    "linear": {
        "best_eta": 0.019765980717016348,
        "min_risk": 0.0006848281120992552
    }
}