{
    "wsd": {
        "best_eta": 0.05455594781168514,
        "min_risk": 0.0008067568352760893
    },
    "constant": {
        "best_eta": 0.05455594781168514,
        "min_risk": 0.0015390031949867426
    },
    "linear": {
        "best_eta": 0.08858667904100823,
        "min_risk": 0.000520180091678096
    }
}