{
    "wsd": {
        "best_eta": 0.20235896477251575,
        "min_risk": 0.003951082547862095
    },
    "constant": {
        "best_eta": 0.16378937069540647,
        "min_risk": 0.005154844359283099
    },
    "linear": {
        "best_eta": 0.47148663634573945,
        "min_risk": 0.0032519851480925207
    }
}