{
    "wsd": {
        "best_eta": 0.32374575428176433,
        "min_risk": 0.45945299885732727
    },
    "constant": {
        "best_eta": 0.22229964825261933,
        "min_risk": 0.5277085310309797
    },
    "linear": {
        "best_eta": 0.47148663634573895,
        "min_risk": 0.479042210302206
    }
}