{
    "linear": {
        "best_eta": 0.47148663634573945,
        "min_risk": 0.05775709400358619
    }
}