{
    "wsd": {
        "best_eta": 0.012742749857031334,
        "min_risk": 0.0007151225820056272
    },
    "constant": {
        "best_eta": 0.012742749857031334,
        "min_risk": 0.0011571124206647332
    },
    "linear": {
        "best_eta": 0.0206913808111479,
        "min_risk": 0.00044857007970378076
    }
}