{
    "wsd": {
        "best_eta": 0.019765980717016348,
        "min_risk": 0.0001581490621227784
    },
    "constant": {
        "best_eta": 0.01599858719606059,
        "min_risk": 0.0002302740015579307
    },
    "linear": {
        "best_eta": 0.037275937203149416,
        "min_risk": 0.00010171159118417315
    }
}