{
    "wsd": {
        "best_eta": 0.14384498882876628,
        "min_risk": 0.000800337217675053
    },
    "constant": {
        "best_eta": 0.14384498882876628,
        "min_risk": 0.0020660404414116003
    },
    "linear": {
        "best_eta": 0.3792690190732246,
        "min_risk": 0.000520919732342169
    }
}