{
    "wsd": {
        "best_eta": 0.23357214690901212,
        "min_risk": 0.001898200912004891
    },
    "constant": {
        "best_eta": 0.14384498882876628,
        "min_risk": 0.004046868049728562
    },
    "linear": {
        "best_eta": 0.3792690190732246,
        "min_risk": 0.0034858796231939495
    }
}