{
    "wsd": {
        "best_eta": 0.04605378255822417,
        "min_risk": 0.0011251069360408129
    },
    "constant": {
        "best_eta": 0.037275937203149416,
        "min_risk": 0.0017109781532534986
    },
    "linear": {
        "best_eta": 0.08685113737513529,
        "min_risk": 0.0007409070153576314
    }
}