{
    "wsd": {
        "best_eta": 0.5825136712468927,
        "min_risk": 0.011239627812541802
    },
    "constant": {
        "best_eta": 0.25001103826179305,
        "min_risk": 0.019315301369101586
    },
    "linear": {
        "best_eta": 0.5825136712468927,
        "min_risk": 0.013870035594641577
    }
}