{
    "wsd": {
        "best_eta": 0.13257113655901095,
        "min_risk": 0.00023531533909972377
    },
    "constant": {
        "best_eta": 0.08685113737513529,
        "min_risk": 0.0006497203715794229
    },
    "linear": {
        "best_eta": 0.25001103826179305,
        "min_risk": 0.00015098858549826682
    }
}