{
    "wsd": {
        "best_eta": 0.019765980717016348,
        "min_risk": 0.00014984348518537347
    },
    "constant": {
        "best_eta": 0.01599858719606059,
        "min_risk": 0.00021808953933760865
    },
    "linear": {
        "best_eta": 0.037275937203149416,
        "min_risk": 9.704337935144162e-05
    }
}