{
    "constant": {
        "best_eta": 0.3088843596477482,
        "min_risk": 0.058038881790207573
    }
}