{
    "wsd": {
        "best_eta": 0.08858667904100823,
        "min_risk": 0.0015143855339658317
    },
    "constant": {
        "best_eta": 0.08858667904100823,
        "min_risk": 0.00252310502541444
    },
    "linear": {
        "best_eta": 0.23357214690901212,
        "min_risk": 0.0011021428106979547
    }
}