{
    "wsd": {
        "best_eta": 0.3792690190732246,
        "min_risk": 0.005890471588688249
    },
    "constant": {
        "best_eta": 0.3792690190732246,
        "min_risk": 0.014083169530217444
    },
    "linear": {
        "best_eta": 0.3792690190732246,
        "min_risk": 0.01671486976623058
    }
}