{
    "wsd": {
        "best_eta": 0.012742749857031334,
        "min_risk": 0.0001506653810692588
    },
    "constant": {
        "best_eta": 0.012742749857031334,
        "min_risk": 0.00024459171310869027
    },
    "linear": {
        "best_eta": 0.0206913808111479,
        "min_risk": 9.718175983656128e-05
    }
}