{
    "wsd": {
        "best_eta": 0.5689866029018293,
        "min_risk": 0.0012827131664550101
    },
    "constant": {
        "best_eta": 0.2682695795279725,
        "min_risk": 0.005117784942687033
    },
    "linear": {
        "best_eta": 0.5689866029018293,
        "min_risk": 0.002285888570819619
    }
}