{
    "linear": {
        "best_eta": 0.3088843596477482,
        "min_risk": 0.00036813106775776473
    }
}