{
    "wsd": {
        "best_eta": 0.5825136712468927,
        "min_risk": 0.0006216004476035756
    },
    "constant": {
        "best_eta": 0.25001103826179305,
        "min_risk": 0.0023566959981452256
    },
    "linear": {
        "best_eta": 0.5825136712468927,
        "min_risk": 0.000880241573981416
    }
}