{
    "wsd": {
        "best_eta": 0.0206913808111479,
        "min_risk": 0.0010412902531093077
    },
    "constant": {
        "best_eta": 0.0206913808111479,
        "min_risk": 0.0017373438791925357
    },
    "linear": {
        "best_eta": 0.05455594781168514,
        "min_risk": 0.0007531460878049304
    }
}