{
    "wsd": {
        "best_eta": 0.3792690190732246,
        "min_risk": 0.010785343598941212
    },
    "constant": {
        "best_eta": 0.3792690190732246,
        "min_risk": 0.021240518943988856
    },
    "linear": {
        "best_eta": 0.3792690190732246,
        "min_risk": 0.03364442615714472
    }
}