{
    "wsd": {
        "best_eta": 0.08858667904100823,
        "min_risk": 0.0008475342087196152
    },
    "constant": {
        "best_eta": 0.08858667904100823,
        "min_risk": 0.0016506028352919174
    },
    "linear": {
        "best_eta": 0.23357214690901212,
        "min_risk": 0.000595130094481158
    }
}