{
    "wsd": {
        "best_eta": 0.3792690190732246,
        "min_risk": 0.001576075157734281
    },
    "constant": {
        "best_eta": 0.23357214690901212,
        "min_risk": 0.005624481545131968
    },
    "linear": {
        "best_eta": 0.615848211066026,
        "min_risk": 0.005223725575054587
    }
}