{
    "wsd": {
        "best_eta": 0.22229964825261933,
        "min_risk": 0.00030921653376358294
    },
    "constant": {
        "best_eta": 0.15264179671752318,
        "min_risk": 0.0011331494957693433
    },
    "linear": {
        "best_eta": 0.47148663634573895,
        "min_risk": 0.0001859814664883661
    }
}