{
    "wsd": {
        "best_eta": 0.012742749857031334,
        "min_risk": 0.00016681163875686844
    },
    "constant": {
        "best_eta": 0.007847599703514606,
        "min_risk": 0.0002146577022884623
    },
    "linear": {
        "best_eta": 0.0206913808111479,
        "min_risk": 9.785520248023884e-05
    }
}