{
    "wsd": {
        "best_eta": 0.10730309405261565,
        "min_risk": 0.00024027210504379607
    },
    "constant": {
        "best_eta": 0.08685113737513529,
        "min_risk": 0.0005973227957869291
    },
    "linear": {
        "best_eta": 0.25001103826179305,
        "min_risk": 0.00015146180142338027
    }
}