{
    "wsd": {
        "best_eta": 0.012742749857031334,
        "min_risk": 0.0005232156993324763
    },
    "constant": {
        "best_eta": 0.012742749857031334,
        "min_risk": 0.0008780927069129347
    },
    "linear": {
        "best_eta": 0.0206913808111479,
        "min_risk": 0.00033479794576329425
    }
}