{
    "wsd": {
        "best_eta": 0.012742749857031334,
        "min_risk": 0.0010701458301323554
    },
    "constant": {
        "best_eta": 0.012742749857031334,
        "min_risk": 0.0015610765086665171
    },
    "linear": {
        "best_eta": 0.03359818286283781,
        "min_risk": 0.0007263360712152847
    }
}