{
    "wsd": {
        "best_eta": 0.25001103826179305,
        "min_risk": 0.004103958142827659
    },
    "constant": {
        "best_eta": 0.16378937069540647,
        "min_risk": 0.005697904525520763
    },
    "linear": {
        "best_eta": 0.47148663634573945,
        "min_risk": 0.0031024983275796387
    }
}