{
    "wsd": {
        "best_eta": 0.13257113655901095,
        "min_risk": 0.00025041208297616087
    },
    "constant": {
        "best_eta": 0.08685113737513529,
        "min_risk": 0.0006402000644795033
    },
    "linear": {
        "best_eta": 0.25001103826179305,
        "min_risk": 0.0001538052870708305
    }
}