{
    "wsd": {
        "best_eta": 0.16378937069540647,
        "min_risk": 0.006191794963118511
    },
    "constant": {
        "best_eta": 0.10730309405261565,
        "min_risk": 0.006698925981031332
    },
    "linear": {
        "best_eta": 0.3088843596477482,
        "min_risk": 0.006093254989853697
    }
}