{
    "constant": {
        "best_eta": 0.04605378255822417,
        "min_risk": 0.0005730849965538803
    }
}