{
    "wsd": {
        "best_eta": 0.08858667904100823,
        "min_risk": 0.001316583132987325
    },
    "constant": {
        "best_eta": 0.08858667904100823,
        "min_risk": 0.0025774871432991445
    },
    "linear": {
        "best_eta": 0.23357214690901212,
        "min_risk": 0.0010918736642632214
    }
}