{
    "wsd": {
        "best_eta": 0.16378937069540647,
        "min_risk": 0.003852366226626245
    },
    "constant": {
        "best_eta": 0.13257113655901095,
        "min_risk": 0.004459838091621828
    },
    "linear": {
        "best_eta": 0.3088843596477482,
        "min_risk": 0.003641419570495812
    }
}