{
    "wsd": {
        "best_eta": 0.14384498882876628,
        "min_risk": 0.000779657525958803
    },
    "constant": {
        "best_eta": 0.14384498882876628,
        "min_risk": 0.0020564772264513166
    },
    "linear": {
        "best_eta": 0.3792690190732246,
        "min_risk": 0.0005209567833931382
    }
}