{
    "wsd": {
        "best_eta": 0.08858667904100823,
        "min_risk": 0.0006745418511867503
    },
    "constant": {
        "best_eta": 0.08858667904100823,
        "min_risk": 0.0015477805884805385
    },
    "linear": {
        "best_eta": 0.23357214690901212,
        "min_risk": 0.00046551341090861613
    }
}