{
    "wsd": {
        "best_eta": 0.0206913808111479,
        "min_risk": 0.0007620807666819507
    },
    "constant": {
        "best_eta": 0.0206913808111479,
        "min_risk": 0.0010913065996430561
    },
    "linear": {
        "best_eta": 0.05455594781168514,
        "min_risk": 0.0005189479811437782
    }
}