{
    "wsd": {
        "best_eta": 0.04605378255822417,
        "min_risk": 0.0008406975865969773
    },
    "constant": {
        "best_eta": 0.037275937203149416,
        "min_risk": 0.0011916941573255567
    },
    "linear": {
        "best_eta": 0.10730309405261565,
        "min_risk": 0.0005797565337876684
    }
}