{
    "wsd": {
        "best_eta": 0.05455594781168514,
        "min_risk": 0.00017086693462339236
    },
    "constant": {
        "best_eta": 0.05455594781168514,
        "min_risk": 0.00037047729603918624
    },
    "linear": {
        "best_eta": 0.08858667904100823,
        "min_risk": 0.00011807827215114922
    }
}