{
    "wsd": {
        "best_eta": 0.3088843596477482,
        "min_risk": 0.037196036588099446
    },
    "constant": {
        "best_eta": 0.25001103826179305,
        "min_risk": 0.060568263024223384
    },
    "linear": {
        "best_eta": 0.3816213407949357,
        "min_risk": 0.06800820815263921
    }
}