{
    "wsd": {
        "best_eta": 0.05455594781168514,
        "min_risk": 0.00021631508257975376
    },
    "constant": {
        "best_eta": 0.03359818286283781,
        "min_risk": 0.00033846096989424153
    },
    "linear": {
        "best_eta": 0.08858667904100823,
        "min_risk": 0.00012314500009024036
    }
}