{
    "wsd": {
        "best_eta": 0.3792690190732246,
        "min_risk": 0.002024447583019751
    },
    "constant": {
        "best_eta": 0.23357214690901212,
        "min_risk": 0.0067651035587778996
    },
    "linear": {
        "best_eta": 0.3792690190732246,
        "min_risk": 0.006534268706839978
    }
}