{
    "wsd": {
        "best_eta": 0.14384498882876628,
        "min_risk": 0.00022055667018611004
    },
    "constant": {
        "best_eta": 0.14384498882876628,
        "min_risk": 0.0006892516698383958
    },
    "linear": {
        "best_eta": 0.3792690190732246,
        "min_risk": 0.00014913768343818423
    }
}