{
    "wsd": {
        "best_eta": 0.32374575428176433,
        "min_risk": 0.03606130415751442
    },
    "constant": {
        "best_eta": 0.2682695795279725,
        "min_risk": 0.057641389400570245
    },
    "linear": {
        "best_eta": 0.3906939937054613,
        "min_risk": 0.06769209550774964
    }
}