{
    "wsd": {
        "best_eta": 0.14384498882876628,
        "min_risk": 0.00025539884221273027
    },
    "constant": {
        "best_eta": 0.08858667904100823,
        "min_risk": 0.0007658004175592531
    },
    "linear": {
        "best_eta": 0.3792690190732246,
        "min_risk": 0.00017232429829245466
    }
}