{
    "constant": {
        "best_eta": 0.005557736586486881,
        "min_risk": 3.942145424265846e-05
    }
}