{
    "wsd": {
        "best_eta": 0.08685113737513529,
        "min_risk": 0.00022921738063812989
    },
    "constant": {
        "best_eta": 0.07029732115325475,
        "min_risk": 0.0005264197055568213
    },
    "linear": {
        "best_eta": 0.16378937069540647,
        "min_risk": 0.0001421512996198229
    }
}