{
    "wsd": {
        "best_eta": 0.3088843596477482,
        "min_risk": 0.030514493063884526
    },
    "constant": {
        "best_eta": 0.25001103826179305,
        "min_risk": 0.031890753753085394
    },
    "linear": {
        "best_eta": 0.47148663634573945,
        "min_risk": 0.03087179135016733
    }
}