{
    "wsd": {
        "best_eta": 0.08858667904100823,
        "min_risk": 0.00023612480523475755
    },
    "constant": {
        "best_eta": 0.08858667904100823,
        "min_risk": 0.0006259377779396292
    },
    "linear": {
        "best_eta": 0.23357214690901212,
        "min_risk": 0.00015725377007159443
    }
}