{
    "wsd": {
        "best_eta": 0.15264179671752318,
        "min_risk": 0.00280394479424627
    },
    "constant": {
        "best_eta": 0.10481131341546852,
        "min_risk": 0.003647212636326602
    },
    "linear": {
        "best_eta": 0.2682695795279725,
        "min_risk": 0.002292079266434745
    }
}