{
    "wsd": {
        "best_eta": 0.3792690190732246,
        "min_risk": 0.0032880359502636524
    },
    "constant": {
        "best_eta": 0.3792690190732246,
        "min_risk": 0.008207751422536227
    },
    "linear": {
        "best_eta": 0.615848211066026,
        "min_risk": 0.008376658676820449
    }
}