{
    "wsd": {
        "best_eta": 0.3792690190732246,
        "min_risk": 0.000995477150341111
    },
    "constant": {
        "best_eta": 0.23357214690901212,
        "min_risk": 0.0024006774716972858
    },
    "linear": {
        "best_eta": 0.615848211066026,
        "min_risk": 0.0006186821621933373
    }
}