{
    "wsd": {
        "best_eta": 0.05455594781168514,
        "min_risk": 0.0008339436180326799
    },
    "constant": {
        "best_eta": 0.03359818286283781,
        "min_risk": 0.0011668548469768159
    },
    "linear": {
        "best_eta": 0.08858667904100823,
        "min_risk": 0.0004998478377727846
    }
}