{
    "linear": {
        "best_eta": 0.3088843596477482,
        "min_risk": 0.0003688024363289918
    }
}