{
    "wsd": {
        "best_eta": 0.15264179671752318,
        "min_risk": 0.000284324805626219
    },
    "constant": {
        "best_eta": 0.10481131341546852,
        "min_risk": 0.0012008691343072043
    },
    "linear": {
        "best_eta": 0.32374575428176433,
        "min_risk": 0.00017712291444630502
    }
}