{
    "wsd": {
        "best_eta": 0.05689866029018299,
        "min_risk": 0.0009232607765064305
    },
    "constant": {
        "best_eta": 0.04605378255822417,
        "min_risk": 0.0013596734148782095
    },
    "linear": {
        "best_eta": 0.10730309405261565,
        "min_risk": 0.0006242377450592996
    }
}