{
    "wsd": {
        "best_eta": 0.14384498882876628,
        "min_risk": 0.0017008058434097829
    },
    "constant": {
        "best_eta": 0.08858667904100823,
        "min_risk": 0.0026617411394070775
    },
    "linear": {
        "best_eta": 0.23357214690901212,
        "min_risk": 0.0011770311778797186
    }
}