{
    "wsd": {
        "best_eta": 0.10730309405261565,
        "min_risk": 0.00022976578635831683
    },
    "constant": {
        "best_eta": 0.07029732115325475,
        "min_risk": 0.0005555829290705683
    },
    "linear": {
        "best_eta": 0.25001103826179305,
        "min_risk": 0.00014636178485687645
    }
}