{
    "wsd": {
        "best_eta": 0.007847599703514606,
        "min_risk": 0.0006759379037807471
    },
    "constant": {
        "best_eta": 0.007847599703514606,
        "min_risk": 0.0009917822261667232
    },
    "linear": {
        "best_eta": 0.0206913808111479,
        "min_risk": 0.0005050677631358885
    }
}