{
    "wsd": {
        "best_eta": 0.5825136712468927,
        "min_risk": 0.0007879243928989351
    },
    "constant": {
        "best_eta": 0.3088843596477482,
        "min_risk": 0.0033512006003850793
    },
    "linear": {
        "best_eta": 0.5825136712468927,
        "min_risk": 0.0015346991282701415
    }
}