{
    "wsd": {
        "best_eta": 0.007847599703514606,
        "min_risk": 0.00013325332790480488
    },
    "constant": {
        "best_eta": 0.007847599703514606,
        "min_risk": 0.00019795399351768992
    },
    "linear": {
        "best_eta": 0.012742749857031334,
        "min_risk": 9.806056543246e-05
    }
}