{
    "wsd": {
        "best_eta": 0.3593813663804626,
        "min_risk": 0.00034315431582988067
    },
    "constant": {
        "best_eta": 0.12915496650148828,
        "min_risk": 0.002535990426658535
    },
    "linear": {
        "best_eta": 0.3593813663804626,
        "min_risk": 0.0005384326793400095
    }
}