{
    "wsd": {
        "best_eta": 0.08685113737513529,
        "min_risk": 0.00021770009020431283
    },
    "constant": {
        "best_eta": 0.07029732115325475,
        "min_risk": 0.0004953132471137327
    },
    "linear": {
        "best_eta": 0.16378937069540647,
        "min_risk": 0.0001386073079363112
    }
}