{
    "wsd": {
        "best_eta": 0.008483428982440725,
        "min_risk": 0.0006839415813801205
    },
    "constant": {
        "best_eta": 0.006866488450042998,
        "min_risk": 0.0008990497695596912
    },
    "linear": {
        "best_eta": 0.01599858719606059,
        "min_risk": 0.0004477053821632157
    }
}