{
    "wsd": {
        "best_eta": 0.010481131341546863,
        "min_risk": 0.013838038916366327
    },
    "constant": {
        "best_eta": 0.008483428982440725,
        "min_risk": 0.010479459631208944
    },
    "linear": {
        "best_eta": 0.01599858719606059,
        "min_risk": 0.07144571508324823
    }
}