{
    "wsd": {
        "best_eta": 0.05689866029018299,
        "min_risk": 0.0002078714976293856
    },
    "constant": {
        "best_eta": 0.04605378255822417,
        "min_risk": 0.00041056530058158
    },
    "linear": {
        "best_eta": 0.10730309405261565,
        "min_risk": 0.0001297116025697765
    }
}