{
    "wsd": {
        "best_eta": 0.3792690190732246,
        "min_risk": 0.006688621864013616
    },
    "constant": {
        "best_eta": 0.3792690190732246,
        "min_risk": 0.0170464413391598
    },
    "linear": {
        "best_eta": 0.3792690190732246,
        "min_risk": 0.02283210031948718
    }
}