{
    "wsd": {
        "best_eta": 0.030171148105292957,
        "min_risk": 0.0001801176561792273
    },
    "constant": {
        "best_eta": 0.02442053094548652,
        "min_risk": 0.0002986848428876355
    },
    "linear": {
        "best_eta": 0.05689866029018299,
        "min_risk": 0.00011570058833219527
    }
}