{
    "wsd": {
        "best_eta": 0.08685113737513529,
        "min_risk": 0.00020854506923969398
    },
    "constant": {
        "best_eta": 0.05689866029018299,
        "min_risk": 0.0004527371363844181
    },
    "linear": {
        "best_eta": 0.16378937069540647,
        "min_risk": 0.00013199757023332873
    }
}