{
    "wsd": {
        "best_eta": 0.25001103826179305,
        "min_risk": 0.006596370127686664
    },
    "constant": {
        "best_eta": 0.20235896477251575,
        "min_risk": 0.007788561060161967
    },
    "linear": {
        "best_eta": 0.5825136712468927,
        "min_risk": 0.006137821164831851
    }
}