{
    "wsd": {
        "best_eta": 0.25001103826179305,
        "min_risk": 0.04573202145374537
    },
    "constant": {
        "best_eta": 0.25001103826179305,
        "min_risk": 0.04731148399425633
    },
    "linear": {
        "best_eta": 0.47148663634573945,
        "min_risk": 0.046315963395153405
    }
}