{
    "wsd": {
        "best_eta": 0.3816213407949357,
        "min_risk": 0.00038602579816588383
    },
    "constant": {
        "best_eta": 0.25001103826179305,
        "min_risk": 0.0018602325835605014
    },
    "linear": {
        "best_eta": 0.5825136712468927,
        "min_risk": 0.00030663023599422797
    }
}