{
    "wsd": {
        "best_eta": 0.01294925842205263,
        "min_risk": 0.001013709196290194
    },
    "constant": {
        "best_eta": 0.010481131341546863,
        "min_risk": 0.0013814564267542137
    },
    "linear": {
        "best_eta": 0.030171148105292957,
        "min_risk": 0.0006848361753384616
    }
}