{
    "wsd": {
        "best_eta": 0.05689866029018299,
        "min_risk": 0.0002035712007148003
    },
    "constant": {
        "best_eta": 0.04605378255822417,
        "min_risk": 0.0003954573996673927
    },
    "linear": {
        "best_eta": 0.10730309405261565,
        "min_risk": 0.00012697145665761377
    }
}