{
    "wsd": {
        "best_eta": 0.04605378255822417,
        "min_risk": 0.0011304304463174836
    },
    "constant": {
        "best_eta": 0.037275937203149416,
        "min_risk": 0.0017269308098825402
    },
    "linear": {
        "best_eta": 0.08685113737513529,
        "min_risk": 0.0007409185116184811
    }
}