{
    "wsd": {
        "best_eta": 0.47148663634573945,
        "min_risk": 0.04174570060840259
    },
    "constant": {
        "best_eta": 0.3088843596477482,
        "min_risk": 0.07317627617635686
    },
    "linear": {
        "best_eta": 0.47148663634573945,
        "min_risk": 0.060777709188651295
    }
}