{
    "wsd": {
        "best_eta": 0.3906939937054613,
        "min_risk": 0.14772668790543778
    },
    "constant": {
        "best_eta": 0.22229964825261933,
        "min_risk": 0.17813279543927696
    },
    "linear": {
        "best_eta": 0.5689866029018293,
        "min_risk": 0.1488088364717467
    }
}