{
    "wsd": {
        "best_eta": 0.02442053094548652,
        "min_risk": 0.00863608863243372
    },
    "constant": {
        "best_eta": 0.019765980717016348,
        "min_risk": 0.007973229666383735
    },
    "linear": {
        "best_eta": 0.037275937203149416,
        "min_risk": 0.036528592486725006
    }
}