{
    "wsd": {
        "best_eta": 0.3792690190732246,
        "min_risk": 0.003131890274242202
    },
    "constant": {
        "best_eta": 0.3792690190732246,
        "min_risk": 0.00808369789766182
    },
    "linear": {
        "best_eta": 0.615848211066026,
        "min_risk": 0.006018570288243782
    }
}