{
    "wsd": {
        "best_eta": 0.010481131341546863,
        "min_risk": 0.0010499099764729634
    },
    "constant": {
        "best_eta": 0.008483428982440725,
        "min_risk": 0.0014233967409813411
    },
    "linear": {
        "best_eta": 0.019765980717016348,
        "min_risk": 0.0006812288823948293
    }
}