{
    "wsd": {
        "best_eta": 0.3792690190732246,
        "min_risk": 0.0011681557197184543
    },
    "constant": {
        "best_eta": 0.23357214690901212,
        "min_risk": 0.0035107785655834455
    },
    "linear": {
        "best_eta": 0.3792690190732246,
        "min_risk": 0.0023014825045015222
    }
}