{
    "wsd": {
        "best_eta": 0.47148663634573945,
        "min_risk": 0.0004015677873759081
    },
    "constant": {
        "best_eta": 0.20235896477251575,
        "min_risk": 0.0017569480080335317
    },
    "linear": {
        "best_eta": 0.5825136712468927,
        "min_risk": 0.00048583026912749137
    }
}