{
    "wsd": {
        "best_eta": 0.019765980717016348,
        "min_risk": 0.00015959849542464375
    },
    "constant": {
        "best_eta": 0.01599858719606059,
        "min_risk": 0.0002338867364163424
    },
    "linear": {
        "best_eta": 0.037275937203149416,
        "min_risk": 0.00010260261390557779
    }
}