{
    "wsd": {
        "best_eta": 0.0206913808111479,
        "min_risk": 0.000784864841398598
    },
    "constant": {
        "best_eta": 0.012742749857031334,
        "min_risk": 0.0010181227032571042
    },
    "linear": {
        "best_eta": 0.03359818286283781,
        "min_risk": 0.00046929076644938603
    }
}