{
    "wsd": {
        "best_eta": 0.3792690190732246,
        "min_risk": 0.009179059247457069
    },
    "constant": {
        "best_eta": 0.23357214690901212,
        "min_risk": 0.015452293620804265
    },
    "linear": {
        "best_eta": 0.615848211066026,
        "min_risk": 0.01043479300385936
    }
}