{
    "wsd": {
        "best_eta": 0.3792690190732246,
        "min_risk": 0.010438277137332787
    },
    "constant": {
        "best_eta": 0.3792690190732246,
        "min_risk": 0.017922261426669462
    },
    "linear": {
        "best_eta": 0.615848211066026,
        "min_risk": 0.012461722237195164
    }
}