{
    "wsd": {
        "best_eta": 0.3792690190732246,
        "min_risk": 0.007534694744876164
    },
    "constant": {
        "best_eta": 0.3792690190732246,
        "min_risk": 0.015074924138833608
    },
    "linear": {
        "best_eta": 0.615848211066026,
        "min_risk": 0.013462360827745747
    }
}