{
    "wsd": {
        "best_eta": 0.25001103826179305,
        "min_risk": 0.06772904858678055
    },
    "constant": {
        "best_eta": 0.20235896477251575,
        "min_risk": 0.06917137411922152
    },
    "linear": {
        "best_eta": 0.3816213407949357,
        "min_risk": 0.06880706050028597
    }
}