{
    "wsd": {
        "best_eta": 0.23357214690901212,
        "min_risk": 0.0002719352345229758
    },
    "constant": {
        "best_eta": 0.14384498882876628,
        "min_risk": 0.0008573855613235267
    },
    "linear": {
        "best_eta": 0.3792690190732246,
        "min_risk": 0.00017541757840580354
    }
}