{
    "wsd": {
        "best_eta": 0.008483428982440725,
        "min_risk": 0.0006858716106332708
    },
    "constant": {
        "best_eta": 0.006866488450042998,
        "min_risk": 0.0009082143538564749
    },
    "linear": {
        "best_eta": 0.01599858719606059,
        "min_risk": 0.00044860775340167585
    }
}