{
    "wsd": {
        "best_eta": 0.25001103826179305,
        "min_risk": 0.0003112813878911146
    },
    "constant": {
        "best_eta": 0.16378937069540647,
        "min_risk": 0.0011448704680115714
    },
    "linear": {
        "best_eta": 0.5825136712468927,
        "min_risk": 0.00019692747813620915
    }
}