{
    "wsd": {
        "best_eta": 0.03359818286283781,
        "min_risk": 0.0004576927040352877
    },
    "constant": {
        "best_eta": 0.03359818286283781,
        "min_risk": 0.0007761930042744582
    },
    "linear": {
        "best_eta": 0.05455594781168514,
        "min_risk": 0.0003341854955643984
    }
}