{
    "wsd": {
        "best_eta": 0.012742749857031334,
        "min_risk": 0.0010429447040333872
    },
    "constant": {
        "best_eta": 0.012742749857031334,
        "min_risk": 0.001582551047649792
    },
    "linear": {
        "best_eta": 0.03359818286283781,
        "min_risk": 0.000727286421646131
    }
}