{
    "wsd": {
        "best_eta": 0.012742749857031334,
        "min_risk": 0.00015788321450395504
    },
    "constant": {
        "best_eta": 0.007847599703514606,
        "min_risk": 0.00019370683265256623
    },
    "linear": {
        "best_eta": 0.0206913808111479,
        "min_risk": 9.372488762737893e-05
    }
}