{
    "wsd": {
        "best_eta": 0.3792690190732246,
        "min_risk": 0.007785675830052637
    },
    "constant": {
        "best_eta": 0.3792690190732246,
        "min_risk": 0.01361431534581687
    },
    "linear": {
        "best_eta": 0.615848211066026,
        "min_risk": 0.011018937851877963
    }
}