{
    "wsd": {
        "best_eta": 0.05689866029018299,
        "min_risk": 0.00020105383292474
    },
    "constant": {
        "best_eta": 0.04605378255822417,
        "min_risk": 0.0003888367185677242
    },
    "linear": {
        "best_eta": 0.10730309405261565,
        "min_risk": 0.00012528410598616115
    }
}