{
    "wsd": {
        "best_eta": 0.14384498882876628,
        "min_risk": 0.00029406794838073003
    },
    "constant": {
        "best_eta": 0.14384498882876628,
        "min_risk": 0.0009306645949258361
    },
    "linear": {
        "best_eta": 0.3792690190732246,
        "min_risk": 0.00017535647601414506
    }
}