{
    "wsd": {
        "best_eta": 0.008483428982440725,
        "min_risk": 0.0010365629496267412
    },
    "constant": {
        "best_eta": 0.008483428982440725,
        "min_risk": 0.0014175913810229462
    },
    "linear": {
        "best_eta": 0.019765980717016348,
        "min_risk": 0.0006740900899343165
    }
}