{
    "wsd": {
        "best_eta": 0.08858667904100823,
        "min_risk": 0.0007427189389758548
    },
    "constant": {
        "best_eta": 0.05455594781168514,
        "min_risk": 0.001128142695244066
    },
    "linear": {
        "best_eta": 0.14384498882876628,
        "min_risk": 0.00040313952394173175
    }
}