{
    "linear": {
        "best_eta": 0.10730309405261565,
        "min_risk": 5.877629681122754e-05
    }
}