{
    "constant": {
        "best_eta": 0.02442053094548652,
        "min_risk": 0.0003255070034941492
    }
}