{
    "wsd": {
        "best_eta": 0.32374575428176433,
        "min_risk": 0.00710147952155604
    },
    "constant": {
        "best_eta": 0.2682695795279725,
        "min_risk": 0.008663823852745382
    },
    "linear": {
        "best_eta": 0.3906939937054613,
        "min_risk": 0.017332250865355815
    }
}