{
    "wsd": {
        "best_eta": 0.05455594781168514,
        "min_risk": 0.0004984123624038347
    },
    "constant": {
        "best_eta": 0.05455594781168514,
        "min_risk": 0.0008647141787826194
    },
    "linear": {
        "best_eta": 0.14384498882876628,
        "min_risk": 0.0003382180263410361
    }
}