{
    "constant": {
        "best_eta": 0.0023853440064314215,
        "min_risk": 2.900573687362916e-05
    }
}