{
    "wsd": {
        "best_eta": 0.08685113737513529,
        "min_risk": 0.00020872496929294235
    },
    "constant": {
        "best_eta": 0.05689866029018299,
        "min_risk": 0.0004714423139520432
    },
    "linear": {
        "best_eta": 0.16378937069540647,
        "min_risk": 0.00013181760882084742
    }
}