{
    "constant": {
        "best_eta": 0.010481131341546863,
        "min_risk": 9.769847978765146e-05
    }
}