{
    "wsd": {
        "best_eta": 0.10730309405261565,
        "min_risk": 0.00023470930015511413
    },
    "constant": {
        "best_eta": 0.07029732115325475,
        "min_risk": 0.0005505067776360635
    },
    "linear": {
        "best_eta": 0.20235896477251575,
        "min_risk": 0.00014409014994150727
    }
}