{
    "wsd": {
        "best_eta": 0.01294925842205263,
        "min_risk": 0.00014879601653923735
    },
    "constant": {
        "best_eta": 0.010481131341546863,
        "min_risk": 0.00020026726584574146
    },
    "linear": {
        "best_eta": 0.02442053094548652,
        "min_risk": 9.598728903346847e-05
    }
}