{
    "wsd": {
        "best_eta": 0.0206913808111479,
        "min_risk": 0.0007497136651536171
    },
    "constant": {
        "best_eta": 0.012742749857031334,
        "min_risk": 0.0011519803063976173
    },
    "linear": {
        "best_eta": 0.03359818286283781,
        "min_risk": 0.00046063996875441777
    }
}