{
    "constant": {
        "best_eta": 0.004498432668969444,
        "min_risk": 0.000700535329460016
    }
}