{
    "wsd": {
        "best_eta": 0.03359818286283781,
        "min_risk": 0.00018603943247602836
    },
    "constant": {
        "best_eta": 0.0206913808111479,
        "min_risk": 0.0003168566494241946
    },
    "linear": {
        "best_eta": 0.05455594781168514,
        "min_risk": 0.00011121084801356699
    }
}