{
    "wsd": {
        "best_eta": 0.5825136712468927,
        "min_risk": 0.0017715702448858727
    },
    "constant": {
        "best_eta": 0.3088843596477482,
        "min_risk": 0.005327965670058833
    },
    "linear": {
        "best_eta": 0.5825136712468927,
        "min_risk": 0.0031068661651388312
    }
}