{
    "wsd": {
        "best_eta": 0.23357214690901212,
        "min_risk": 0.002146063461598733
    },
    "constant": {
        "best_eta": 0.23357214690901212,
        "min_risk": 0.005106448997581293
    },
    "linear": {
        "best_eta": 0.3792690190732246,
        "min_risk": 0.0029752713280476796
    }
}