{
    "wsd": {
        "best_eta": 0.03359818286283781,
        "min_risk": 0.00016682932430607417
    },
    "constant": {
        "best_eta": 0.03359818286283781,
        "min_risk": 0.00031295377398906114
    },
    "linear": {
        "best_eta": 0.05455594781168514,
        "min_risk": 0.00011585950790003817
    }
}