{
    "constant": {
        "best_eta": 0.02442053094548652,
        "min_risk": 0.0002569730666848377
    }
}