{
    "wsd": {
        "best_eta": 0.23357214690901212,
        "min_risk": 0.0018527234575499932
    },
    "constant": {
        "best_eta": 0.14384498882876628,
        "min_risk": 0.0036597935820765004
    },
    "linear": {
        "best_eta": 0.3792690190732246,
        "min_risk": 0.0034084570703607382
    }
}