{
    "wsd": {
        "best_eta": 0.0206913808111479,
        "min_risk": 0.0001854619715380629
    },
    "constant": {
        "best_eta": 0.0206913808111479,
        "min_risk": 0.0002777996495545088
    },
    "linear": {
        "best_eta": 0.05455594781168514,
        "min_risk": 0.000117581835360994
    }
}