{
    "wsd": {
        "best_eta": 0.14384498882876628,
        "min_risk": 0.0015713028084015002
    },
    "constant": {
        "best_eta": 0.14384498882876628,
        "min_risk": 0.0032996900207198565
    },
    "linear": {
        "best_eta": 0.23357214690901212,
        "min_risk": 0.0018215513632252767
    }
}