{
    "wsd": {
        "best_eta": 0.007847599703514606,
        "min_risk": 0.0006762513807462018
    },
    "constant": {
        "best_eta": 0.007847599703514606,
        "min_risk": 0.0009918474499778064
    },
    "linear": {
        "best_eta": 0.0206913808111479,
        "min_risk": 0.0005050681630585772
    }
}