{
    "wsd": {
        "best_eta": 1.0,
        "min_risk": 0.0009703136748620705
    },
    "constant": {
        "best_eta": 0.615848211066026,
        "min_risk": 0.004647546707268169
    },
    "linear": {
        "best_eta": 1.0,
        "min_risk": 0.002710172699215024
    }
}