{
    "wsd": {
        "best_eta": 0.012742749857031334,
        "min_risk": 0.0012213416973700204
    },
    "constant": {
        "best_eta": 0.007847599703514606,
        "min_risk": 0.0014069059839608815
    },
    "linear": {
        "best_eta": 0.0206913808111479,
        "min_risk": 0.0006987701131426502
    }
}