{
    "wsd": {
        "best_eta": 0.04605378255822417,
        "min_risk": 0.00017574528000908823
    },
    "constant": {
        "best_eta": 0.030171148105292957,
        "min_risk": 0.0002943507592404543
    },
    "linear": {
        "best_eta": 0.08685113737513529,
        "min_risk": 0.000112671291025964
    }
}