{
    "constant": {
        "best_eta": 0.25001103826179305,
        "min_risk": 0.11451309788922068
    }
}