{
    "wsd": {
        "best_eta": 0.05689866029018299,
        "min_risk": 0.0011823276410954685
    },
    "constant": {
        "best_eta": 0.04605378255822417,
        "min_risk": 0.0018753486214329897
    },
    "linear": {
        "best_eta": 0.10730309405261565,
        "min_risk": 0.0007705574462713585
    }
}