{
    "wsd": {
        "best_eta": 0.47148663634573945,
        "min_risk": 0.019189917722179293
    },
    "constant": {
        "best_eta": 0.3088843596477482,
        "min_risk": 0.03343756828778956
    },
    "linear": {
        "best_eta": 0.5825136712468927,
        "min_risk": 0.024352985545778257
    }
}