{
    "wsd": {
        "best_eta": 0.015998587196060572,
        "min_risk": 2.5681216374687285e-05
    },
    "constant": {
        "best_eta": 0.013257113655901081,
        "min_risk": 7.36203920477997e-05
    },
    "linear": {
        "best_eta": 0.033932217718953266,
        "min_risk": 1.5832312260936875e-05
    }
}