{
    "wsd": {
        "best_eta": 0.03359818286283781,
        "min_risk": 0.0007934885536454106
    },
    "constant": {
        "best_eta": 0.03359818286283781,
        "min_risk": 0.0011287528952354322
    },
    "linear": {
        "best_eta": 0.08858667904100823,
        "min_risk": 0.000512713686855238
    }
}