{
    "linear": {
        "best_eta": 0.47148663634573945,
        "min_risk": 3.1135530764114494e-08
    }
}