{
    "wsd": {
        "best_eta": 0.0206913808111479,
        "min_risk": 0.0010312586345470017
    },
    "constant": {
        "best_eta": 0.0206913808111479,
        "min_risk": 0.0017343658088471918
    },
    "linear": {
        "best_eta": 0.05455594781168514,
        "min_risk": 0.0007457319644786469
    }
}