{
    "wsd": {
        "best_eta": 0.037275937203149416,
        "min_risk": 0.0007773419982555674
    },
    "constant": {
        "best_eta": 0.030171148105292957,
        "min_risk": 0.0012113966711934706
    },
    "linear": {
        "best_eta": 0.07029732115325475,
        "min_risk": 0.0005085637187116291
    }
}