{
    "wsd": {
        "best_eta": 0.47148663634573895,
        "min_risk": 0.03668246227552191
    },
    "constant": {
        "best_eta": 0.3906939937054613,
        "min_risk": 0.05395257267191874
    },
    "linear": {
        "best_eta": 0.5689866029018293,
        "min_risk": 0.05390724516578197
    }
}