{
    "wsd": {
        "best_eta": 0.20235896477251575,
        "min_risk": 0.02060786212783739
    },
    "constant": {
        "best_eta": 0.20235896477251575,
        "min_risk": 0.02595365189773203
    },
    "linear": {
        "best_eta": 0.3088843596477482,
        "min_risk": 0.04746991103493744
    }
}