{
    "wsd": {
        "best_eta": 0.25001103826179305,
        "min_risk": 0.0002917023266398119
    },
    "constant": {
        "best_eta": 0.16378937069540647,
        "min_risk": 0.0010161891811693534
    },
    "linear": {
        "best_eta": 0.47148663634573945,
        "min_risk": 0.00019146906015646075
    }
}