{
    "wsd": {
        "best_eta": 0.08858667904100823,
        "min_risk": 0.0012646727105875843
    },
    "constant": {
        "best_eta": 0.08858667904100823,
        "min_risk": 0.002552839165837163
    },
    "linear": {
        "best_eta": 0.23357214690901212,
        "min_risk": 0.0010207589595519818
    }
}