{
    "wsd": {
        "best_eta": 0.03359818286283781,
        "min_risk": 0.0007451940910583484
    },
    "constant": {
        "best_eta": 0.03359818286283781,
        "min_risk": 0.0012465600371889148
    },
    "linear": {
        "best_eta": 0.05455594781168514,
        "min_risk": 0.0005313824939056478
    }
}