{
    "wsd": {
        "best_eta": 0.3816213407949357,
        "min_risk": 0.048383488344147685
    },
    "constant": {
        "best_eta": 0.3088843596477482,
        "min_risk": 0.08196618904666958
    },
    "linear": {
        "best_eta": 0.47148663634573945,
        "min_risk": 0.07829485574685431
    }
}