{
    "wsd": {
        "best_eta": 0.08685113737513529,
        "min_risk": 0.00023456068751731056
    },
    "constant": {
        "best_eta": 0.07029732115325475,
        "min_risk": 0.0005412370240533642
    },
    "linear": {
        "best_eta": 0.16378937069540647,
        "min_risk": 0.00014502222515972877
    }
}