{
    "wsd": {
        "best_eta": 0.5825136712468927,
        "min_risk": 0.012208787432136891
    },
    "constant": {
        "best_eta": 0.25001103826179305,
        "min_risk": 0.021536696474668323
    },
    "linear": {
        "best_eta": 0.5825136712468927,
        "min_risk": 0.015546984613085041
    }
}