{
    "wsd": {
        "best_eta": 0.012742749857031334,
        "min_risk": 0.0009689514422747865
    },
    "constant": {
        "best_eta": 0.012742749857031334,
        "min_risk": 0.001561190249741043
    },
    "linear": {
        "best_eta": 0.03359818286283781,
        "min_risk": 0.0007078819147182551
    }
}