{
    "wsd": {
        "best_eta": 0.3792690190732246,
        "min_risk": 0.006243475925492828
    },
    "constant": {
        "best_eta": 0.3792690190732246,
        "min_risk": 0.016460955638372778
    },
    "linear": {
        "best_eta": 0.3792690190732246,
        "min_risk": 0.019885638004203707
    }
}