{
    "wsd": {
        "best_eta": 0.007847599703514606,
        "min_risk": 0.0006839357793339915
    },
    "constant": {
        "best_eta": 0.007847599703514606,
        "min_risk": 0.0009934463099165586
    },
    "linear": {
        "best_eta": 0.0206913808111479,
        "min_risk": 0.0005050779665391619
    }
}