{
    "wsd": {
        "best_eta": 0.04605378255822417,
        "min_risk": 0.00018861886788310364
    },
    "constant": {
        "best_eta": 0.037275937203149416,
        "min_risk": 0.00034114601926792045
    },
    "linear": {
        "best_eta": 0.08685113737513529,
        "min_risk": 0.00012165167797578057
    }
}