{
    "wsd": {
        "best_eta": 0.0206913808111479,
        "min_risk": 0.0006811139831655899
    },
    "constant": {
        "best_eta": 0.0206913808111479,
        "min_risk": 0.0010683173134644567
    },
    "linear": {
        "best_eta": 0.03359818286283781,
        "min_risk": 0.00046723109074276186
    }
}