{
    "wsd": {
        "best_eta": 0.08858667904100823,
        "min_risk": 0.0008764235242974457
    },
    "constant": {
        "best_eta": 0.08858667904100823,
        "min_risk": 0.0016983654053577602
    },
    "linear": {
        "best_eta": 0.23357214690901212,
        "min_risk": 0.0006052965977522068
    }
}