{
    "wsd": {
        "best_eta": 0.04605378255822417,
        "min_risk": 0.0011517694479419361
    },
    "constant": {
        "best_eta": 0.037275937203149416,
        "min_risk": 0.0017725838356877667
    },
    "linear": {
        "best_eta": 0.08685113737513529,
        "min_risk": 0.0007812630414007182
    }
}