{
    "wsd": {
        "best_eta": 0.04605378255822417,
        "min_risk": 0.00018098042044964457
    },
    "constant": {
        "best_eta": 0.037275937203149416,
        "min_risk": 0.0003219329617712832
    },
    "linear": {
        "best_eta": 0.08685113737513529,
        "min_risk": 0.00011618359729476189
    }
}