{
    "wsd": {
        "best_eta": 0.2682695795279725,
        "min_risk": 0.00031960901434390106
    },
    "constant": {
        "best_eta": 0.18420699693267145,
        "min_risk": 0.0011973349224086737
    },
    "linear": {
        "best_eta": 0.5689866029018293,
        "min_risk": 0.00020443337897417297
    }
}