{
    "linear": {
        "best_eta": 0.037275937203149416,
        "min_risk": 1.099839735823319e-05
    }
}