{
    "wsd": {
        "best_eta": 0.030171148105292957,
        "min_risk": 0.00016825087250713723
    },
    "constant": {
        "best_eta": 0.02442053094548652,
        "min_risk": 0.0002648931879683778
    },
    "linear": {
        "best_eta": 0.05689866029018299,
        "min_risk": 0.00010807517531787054
    }
}