{
    "wsd": {
        "best_eta": 0.23357214690901212,
        "min_risk": 0.0011500412523518311
    },
    "constant": {
        "best_eta": 0.23357214690901212,
        "min_risk": 0.0033493657560522676
    },
    "linear": {
        "best_eta": 0.3792690190732246,
        "min_risk": 0.001301729218752527
    }
}