{
    "constant": {
        "best_eta": 0.01599858719606059,
        "min_risk": 0.00017467182251824085
    }
}