{
    "wsd": {
        "best_eta": 0.03359818286283781,
        "min_risk": 0.000621571467766485
    },
    "constant": {
        "best_eta": 0.03359818286283781,
        "min_risk": 0.0009565884197239709
    },
    "linear": {
        "best_eta": 0.08858667904100823,
        "min_risk": 0.00038752478608648067
    }
}