{
    "wsd": {
        "best_eta": 0.3906939937054613,
        "min_risk": 0.03722993287393114
    },
    "constant": {
        "best_eta": 0.32374575428176433,
        "min_risk": 0.06447436721199643
    },
    "linear": {
        "best_eta": 0.47148663634573895,
        "min_risk": 0.05918329239638704
    }
}