{
    "wsd": {
        "best_eta": 0.0206913808111479,
        "min_risk": 0.0010830933838164231
    },
    "constant": {
        "best_eta": 0.0206913808111479,
        "min_risk": 0.0019184323829983937
    },
    "linear": {
        "best_eta": 0.03359818286283781,
        "min_risk": 0.0007882563907327127
    }
}