{
    "linear": {
        "best_eta": 0.037275937203149416,
        "min_risk": 1.0998397358233169e-05
    }
}