{
    "wsd": {
        "best_eta": 0.08858667904100823,
        "min_risk": 0.0012569439518906056
    },
    "constant": {
        "best_eta": 0.08858667904100823,
        "min_risk": 0.0025487861434921014
    },
    "linear": {
        "best_eta": 0.23357214690901212,
        "min_risk": 0.0010008719325800834
    }
}