{
    "wsd": {
        "best_eta": 0.25001103826179305,
        "min_risk": 0.00030699642595277704
    },
    "constant": {
        "best_eta": 0.16378937069540647,
        "min_risk": 0.0010638991499911034
    },
    "linear": {
        "best_eta": 0.47148663634573945,
        "min_risk": 0.00018568113605714386
    }
}