{
    "wsd": {
        "best_eta": 0.3906939937054613,
        "min_risk": 0.00047209553849989107
    },
    "constant": {
        "best_eta": 0.22229964825261933,
        "min_risk": 0.003088586311323034
    },
    "linear": {
        "best_eta": 0.5689866029018293,
        "min_risk": 0.0007295688674417097
    }
}