{
    "wsd": {
        "best_eta": 0.14384498882876628,
        "min_risk": 0.00145133770532947
    },
    "constant": {
        "best_eta": 0.08858667904100823,
        "min_risk": 0.002422079396885687
    },
    "linear": {
        "best_eta": 0.23357214690901212,
        "min_risk": 0.0009658103128274173
    }
}