{
    "wsd": {
        "best_eta": 0.13257113655901095,
        "min_risk": 0.00024139387559113878
    },
    "constant": {
        "best_eta": 0.08685113737513529,
        "min_risk": 0.0006505637959114223
    },
    "linear": {
        "best_eta": 0.25001103826179305,
        "min_risk": 0.00015136873933510722
    }
}