{
    "wsd": {
        "best_eta": 0.14384498882876628,
        "min_risk": 0.000913487681614381
    },
    "constant": {
        "best_eta": 0.08858667904100823,
        "min_risk": 0.0020411458037687814
    },
    "linear": {
        "best_eta": 0.23357214690901212,
        "min_risk": 0.0005969305603343655
    }
}