{
    "wsd": {
        "best_eta": 0.13257113655901095,
        "min_risk": 0.0002253718209377531
    },
    "constant": {
        "best_eta": 0.08685113737513529,
        "min_risk": 0.0005532944569794647
    },
    "linear": {
        "best_eta": 0.25001103826179305,
        "min_risk": 0.0001424664604725158
    }
}