{
    "wsd": {
        "best_eta": 0.32374575428176433,
        "min_risk": 0.28021239777994883
    },
    "constant": {
        "best_eta": 0.2682695795279725,
        "min_risk": 0.3301803758819052
    },
    "linear": {
        "best_eta": 0.47148663634573895,
        "min_risk": 0.3041224677805115
    }
}