{
    "wsd": {
        "best_eta": 0.20235896477251575,
        "min_risk": 0.006916523836452303
    },
    "constant": {
        "best_eta": 0.16378937069540647,
        "min_risk": 0.007682324720886646
    },
    "linear": {
        "best_eta": 0.3816213407949357,
        "min_risk": 0.006725392381848758
    }
}