{
    "wsd": {
        "best_eta": 0.20235896477251575,
        "min_risk": 0.0009160141898178264
    },
    "constant": {
        "best_eta": 0.16378937069540647,
        "min_risk": 0.002046662441202197
    },
    "linear": {
        "best_eta": 0.3816213407949357,
        "min_risk": 0.0005953882084991928
    }
}