{
    "wsd": {
        "best_eta": 0.14384498882876628,
        "min_risk": 0.000586634615212292
    },
    "constant": {
        "best_eta": 0.08858667904100823,
        "min_risk": 0.0010655814133057454
    },
    "linear": {
        "best_eta": 0.23357214690901212,
        "min_risk": 0.00035119796548383386
    }
}