{
    "constant": {
        "best_eta": 0.005557736586486881,
        "min_risk": 3.9421454242658435e-05
    }
}