{
    "wsd": {
        "best_eta": 0.010481131341546863,
        "min_risk": 0.015083912645746581
    },
    "constant": {
        "best_eta": 0.008483428982440725,
        "min_risk": 0.01125873713352243
    },
    "linear": {
        "best_eta": 0.01599858719606059,
        "min_risk": 0.07954485582369511
    }
}