{
    "wsd": {
        "best_eta": 0.5825136712468927,
        "min_risk": 0.015561013115047538
    },
    "constant": {
        "best_eta": 0.3088843596477482,
        "min_risk": 0.02693385296956082
    },
    "linear": {
        "best_eta": 0.5825136712468927,
        "min_risk": 0.019590809027452624
    }
}