{
    "wsd": {
        "best_eta": 0.14384498882876628,
        "min_risk": 0.0002568872615829317
    },
    "constant": {
        "best_eta": 0.08858667904100823,
        "min_risk": 0.0007019301601872796
    },
    "linear": {
        "best_eta": 0.23357214690901212,
        "min_risk": 0.0001625908296366299
    }
}