{
    "linear": {
        "best_eta": 0.47148663634573945,
        "min_risk": 1.4381114530733441e-06
    }
}