{
    "wsd": {
        "best_eta": 0.04941713361323833,
        "min_risk": 0.0007424790393699048
    },
    "constant": {
        "best_eta": 0.040949150623804234,
        "min_risk": 0.0010785170905128537
    },
    "linear": {
        "best_eta": 0.08685113737513521,
        "min_risk": 0.0004924584264956139
    }
}