{
    "wsd": {
        "best_eta": 0.23357214690901212,
        "min_risk": 0.0008951237831720598
    },
    "constant": {
        "best_eta": 0.14384498882876628,
        "min_risk": 0.002101960310411371
    },
    "linear": {
        "best_eta": 0.3792690190732246,
        "min_risk": 0.0006012835319870285
    }
}