{
    "wsd": {
        "best_eta": 0.08685113737513529,
        "min_risk": 0.00021331651611364815
    },
    "constant": {
        "best_eta": 0.07029732115325475,
        "min_risk": 0.0004790199974331514
    },
    "linear": {
        "best_eta": 0.16378937069540647,
        "min_risk": 0.0001350887102245517
    }
}