{
    "wsd": {
        "best_eta": 0.5825136712468927,
        "min_risk": 0.0015455150018014938
    },
    "constant": {
        "best_eta": 0.3088843596477482,
        "min_risk": 0.005445724517700023
    },
    "linear": {
        "best_eta": 0.5825136712468927,
        "min_risk": 0.0032299349610492114
    }
}