{
    "wsd": {
        "best_eta": 0.22229964825261933,
        "min_risk": 0.00026904888806133056
    },
    "constant": {
        "best_eta": 0.12648552168552957,
        "min_risk": 0.0008129524989572753
    },
    "linear": {
        "best_eta": 0.47148663634573895,
        "min_risk": 0.00017520137426874712
    }
}