{
    "wsd": {
        "best_eta": 0.3906939937054613,
        "min_risk": 0.015291363505236105
    },
    "constant": {
        "best_eta": 0.32374575428176433,
        "min_risk": 0.020330982843727124
    },
    "linear": {
        "best_eta": 0.47148663634573895,
        "min_risk": 0.03088523967680442
    }
}