{
    "wsd": {
        "best_eta": 0.14384498882876628,
        "min_risk": 0.00022861888455300315
    },
    "constant": {
        "best_eta": 0.08858667904100823,
        "min_risk": 0.0006081866160639754
    },
    "linear": {
        "best_eta": 0.23357214690901212,
        "min_risk": 0.00014829404286944713
    }
}