{
    "constant": {
        "best_eta": 0.13257113655901095,
        "min_risk": 0.0021523793312427817
    }
}