{
    "wsd": {
        "best_eta": 0.5825136712468927,
        "min_risk": 0.004977251503651146
    },
    "constant": {
        "best_eta": 0.3088843596477482,
        "min_risk": 0.010858009091903067
    },
    "linear": {
        "best_eta": 0.5825136712468927,
        "min_risk": 0.007508106945060852
    }
}