{
    "wsd": {
        "best_eta": 0.23357214690901212,
        "min_risk": 0.0019173979014999339
    },
    "constant": {
        "best_eta": 0.14384498882876628,
        "min_risk": 0.004314749147084114
    },
    "linear": {
        "best_eta": 0.3792690190732246,
        "min_risk": 0.0033208004911936912
    }
}