{
    "wsd": {
        "best_eta": 0.23357214690901212,
        "min_risk": 0.0018777028422971968
    },
    "constant": {
        "best_eta": 0.14384498882876628,
        "min_risk": 0.0039752645734757045
    },
    "linear": {
        "best_eta": 0.3792690190732246,
        "min_risk": 0.0029473205916026616
    }
}