{
    "wsd": {
        "best_eta": 0.03359818286283781,
        "min_risk": 0.00019192490786308557
    },
    "constant": {
        "best_eta": 0.0206913808111479,
        "min_risk": 0.00034858150213449483
    },
    "linear": {
        "best_eta": 0.05455594781168514,
        "min_risk": 0.00011446947414158484
    }
}