{
    "wsd": {
        "best_eta": 0.47148663634573945,
        "min_risk": 0.016572232937828665
    },
    "constant": {
        "best_eta": 0.3088843596477482,
        "min_risk": 0.03142975654504972
    },
    "linear": {
        "best_eta": 0.5825136712468927,
        "min_risk": 0.02299993155976663
    }
}