{
    "wsd": {
        "best_eta": 0.010481131341546863,
        "min_risk": 0.0010581011844014658
    },
    "constant": {
        "best_eta": 0.008483428982440725,
        "min_risk": 0.0014400835068600988
    },
    "linear": {
        "best_eta": 0.019765980717016348,
        "min_risk": 0.0007017484297268289
    }
}