{
    "constant": {
        "best_eta": 0.0029470517025518097,
        "min_risk": 3.43145650935615e-05
    }
}