{
    "wsd": {
        "best_eta": 0.0206913808111479,
        "min_risk": 0.0011145353683341057
    },
    "constant": {
        "best_eta": 0.012742749857031334,
        "min_risk": 0.001971011638729929
    },
    "linear": {
        "best_eta": 0.05455594781168514,
        "min_risk": 0.000815055119436686
    }
}