{
    "wsd": {
        "best_eta": 1.0,
        "min_risk": 0.0013888247468729323
    },
    "constant": {
        "best_eta": 0.615848211066026,
        "min_risk": 0.0059602397294635096
    },
    "linear": {
        "best_eta": 1.0,
        "min_risk": 0.004035015722594423
    }
}