{
    "wsd": {
        "best_eta": 0.3088843596477482,
        "min_risk": 0.00029241405304119086
    },
    "constant": {
        "best_eta": 0.20235896477251575,
        "min_risk": 0.0012296179798220272
    },
    "linear": {
        "best_eta": 0.5825136712468927,
        "min_risk": 0.00024933239162130966
    }
}