{
    "constant": {
        "best_eta": 0.3088843596477482,
        "min_risk": 3.1613906782260875e-05
    }
}