{
    "wsd": {
        "best_eta": 0.037275937203149416,
        "min_risk": 0.0007678644253349836
    },
    "constant": {
        "best_eta": 0.030171148105292957,
        "min_risk": 0.0011870320460847452
    },
    "linear": {
        "best_eta": 0.07029732115325475,
        "min_risk": 0.0005025582352884494
    }
}