{
    "wsd": {
        "best_eta": 0.04605378255822417,
        "min_risk": 0.00019700327946924076
    },
    "constant": {
        "best_eta": 0.037275937203149416,
        "min_risk": 0.00036201096545682604
    },
    "linear": {
        "best_eta": 0.10730309405261565,
        "min_risk": 0.00012391343194703586
    }
}