{
    "wsd": {
        "best_eta": 0.010481131341546863,
        "min_risk": 0.015826650739729664
    },
    "constant": {
        "best_eta": 0.008483428982440725,
        "min_risk": 0.011723309965506025
    },
    "linear": {
        "best_eta": 0.01599858719606059,
        "min_risk": 0.08437322664057732
    }
}