{
    "wsd": {
        "best_eta": 0.3792690190732246,
        "min_risk": 0.005776490570652573
    },
    "constant": {
        "best_eta": 0.3792690190732246,
        "min_risk": 0.010989534230324949
    },
    "linear": {
        "best_eta": 0.615848211066026,
        "min_risk": 0.007035412389568544
    }
}