{
    "wsd": {
        "best_eta": 0.08858667904100823,
        "min_risk": 0.001410959904632575
    },
    "constant": {
        "best_eta": 0.08858667904100823,
        "min_risk": 0.002623060340670478
    },
    "linear": {
        "best_eta": 0.23357214690901212,
        "min_risk": 0.0011300339326993337
    }
}