{
    "wsd": {
        "best_eta": 0.04605378255822417,
        "min_risk": 0.001183158200749641
    },
    "constant": {
        "best_eta": 0.037275937203149416,
        "min_risk": 0.0018542045675004936
    },
    "linear": {
        "best_eta": 0.10730309405261565,
        "min_risk": 0.000791719780689362
    }
}