{
    "wsd": {
        "best_eta": 0.05455594781168514,
        "min_risk": 0.0012711663081491293
    },
    "constant": {
        "best_eta": 0.03359818286283781,
        "min_risk": 0.0018165748245303256
    },
    "linear": {
        "best_eta": 0.08858667904100823,
        "min_risk": 0.0007723391580845318
    }
}