{
    "wsd": {
        "best_eta": 0.14384498882876628,
        "min_risk": 0.0008644520813504753
    },
    "constant": {
        "best_eta": 0.14384498882876628,
        "min_risk": 0.00185204117608939
    },
    "linear": {
        "best_eta": 0.3792690190732246,
        "min_risk": 0.0005159647964554549
    }
}