{
    "wsd": {
        "best_eta": 0.007847599703514606,
        "min_risk": 0.0005452739328973224
    },
    "constant": {
        "best_eta": 0.007847599703514606,
        "min_risk": 0.0007028005015470085
    },
    "linear": {
        "best_eta": 0.0206913808111479,
        "min_risk": 0.0003431103862325591
    }
}