{
    "wsd": {
        "best_eta": 0.47148663634573945,
        "min_risk": 0.00042314521897286435
    },
    "constant": {
        "best_eta": 0.25001103826179305,
        "min_risk": 0.002047830134441998
    },
    "linear": {
        "best_eta": 0.5825136712468927,
        "min_risk": 0.0005385663147202122
    }
}