{
    "wsd": {
        "best_eta": 0.2682695795279725,
        "min_risk": 0.0003295935789475802
    },
    "constant": {
        "best_eta": 0.18420699693267145,
        "min_risk": 0.001279355510302409
    },
    "linear": {
        "best_eta": 0.5689866029018293,
        "min_risk": 0.00020183309149474288
    }
}