{
    "wsd": {
        "best_eta": 0.08858667904100823,
        "min_risk": 0.0006653610103225362
    },
    "constant": {
        "best_eta": 0.08858667904100823,
        "min_risk": 0.0015438983657234781
    },
    "linear": {
        "best_eta": 0.23357214690901212,
        "min_risk": 0.0004649776280337
    }
}