{
    "wsd": {
        "best_eta": 0.47148663634573945,
        "min_risk": 0.0004047009235747326
    },
    "constant": {
        "best_eta": 0.25001103826179305,
        "min_risk": 0.002065257418526531
    },
    "linear": {
        "best_eta": 0.5825136712468927,
        "min_risk": 0.000549702930187282
    }
}