{
    "wsd": {
        "best_eta": 0.007847599703514606,
        "min_risk": 0.0006797575842076322
    },
    "constant": {
        "best_eta": 0.007847599703514606,
        "min_risk": 0.0009925769707317795
    },
    "linear": {
        "best_eta": 0.0206913808111479,
        "min_risk": 0.0005050726361474165
    }
}