{
    "wsd": {
        "best_eta": 0.05455594781168514,
        "min_risk": 0.0012646058542275407
    },
    "constant": {
        "best_eta": 0.03359818286283781,
        "min_risk": 0.001649252425638227
    },
    "linear": {
        "best_eta": 0.08858667904100823,
        "min_risk": 0.000739550998851252
    }
}