{
    "wsd": {
        "best_eta": 0.07029732115325475,
        "min_risk": 0.00019848094061498595
    },
    "constant": {
        "best_eta": 0.05689866029018299,
        "min_risk": 0.0004089763552021555
    },
    "linear": {
        "best_eta": 0.13257113655901095,
        "min_risk": 0.00012643382970032178
    }
}