{
    "wsd": {
        "best_eta": 0.03359818286283781,
        "min_risk": 0.0004848305866754801
    },
    "constant": {
        "best_eta": 0.03359818286283781,
        "min_risk": 0.0007840239618011485
    },
    "linear": {
        "best_eta": 0.08858667904100823,
        "min_risk": 0.0003348743439795297
    }
}