{
    "wsd": {
        "best_eta": 0.3816213407949357,
        "min_risk": 0.0003860881480445442
    },
    "constant": {
        "best_eta": 0.20235896477251575,
        "min_risk": 0.0017693244751031923
    },
    "linear": {
        "best_eta": 0.5825136712468927,
        "min_risk": 0.0002989391558409861
    }
}