{
    "wsd": {
        "best_eta": 0.05455594781168514,
        "min_risk": 0.001190530656138871
    },
    "constant": {
        "best_eta": 0.03359818286283781,
        "min_risk": 0.0016763347598047593
    },
    "linear": {
        "best_eta": 0.08858667904100823,
        "min_risk": 0.0007180533585412462
    }
}