{
    "wsd": {
        "best_eta": 0.008483428982440725,
        "min_risk": 0.00013676144272061866
    },
    "constant": {
        "best_eta": 0.006866488450042998,
        "min_risk": 0.0001796823470565162
    },
    "linear": {
        "best_eta": 0.01599858719606059,
        "min_risk": 8.952851189589666e-05
    }
}