{
    "wsd": {
        "best_eta": 0.18420699693267145,
        "min_risk": 0.00026774343240032423
    },
    "constant": {
        "best_eta": 0.12648552168552957,
        "min_risk": 0.0008200602684669644
    },
    "linear": {
        "best_eta": 0.3906939937054613,
        "min_risk": 0.00016910969130619658
    }
}