{
    "wsd": {
        "best_eta": 0.3088843596477482,
        "min_risk": 0.0003598026381471712
    },
    "constant": {
        "best_eta": 0.20235896477251575,
        "min_risk": 0.0015101174247285397
    },
    "linear": {
        "best_eta": 0.5825136712468927,
        "min_risk": 0.0002352626280450213
    }
}