{
    "linear": {
        "best_eta": 0.3088843596477482,
        "min_risk": 0.37911744160084915
    }
}