{
    "wsd": {
        "best_eta": 0.5825136712468927,
        "min_risk": 0.0011619984238285018
    },
    "constant": {
        "best_eta": 0.3088843596477482,
        "min_risk": 0.0044451837629444595
    },
    "linear": {
        "best_eta": 0.5825136712468927,
        "min_risk": 0.002404516539762611
    }
}