{
    "wsd": {
        "best_eta": 0.47148663634573945,
        "min_risk": 0.04067600798075049
    },
    "constant": {
        "best_eta": 0.25001103826179305,
        "min_risk": 0.0676454770438162
    },
    "linear": {
        "best_eta": 0.5825136712468927,
        "min_risk": 0.05064274148901899
    }
}