{
    "constant": {
        "best_eta": 0.3816213407949357,
        "min_risk": 0.024965671085093993
    }
}