{
    "wsd": {
        "best_eta": 0.0206913808111479,
        "min_risk": 0.0010860018887960123
    },
    "constant": {
        "best_eta": 0.0206913808111479,
        "min_risk": 0.001919255698890477
    },
    "linear": {
        "best_eta": 0.05455594781168514,
        "min_risk": 0.0007899619350562276
    }
}