{
    "constant": {
        "best_eta": 0.030171148105292957,
        "min_risk": 0.0003699268814280442
    }
}