{
    "wsd": {
        "best_eta": 0.012742749857031334,
        "min_risk": 0.0001434686348180018
    },
    "constant": {
        "best_eta": 0.012742749857031334,
        "min_risk": 0.00023202120194143193
    },
    "linear": {
        "best_eta": 0.0206913808111479,
        "min_risk": 9.224305937583813e-05
    }
}