{
    "wsd": {
        "best_eta": 0.05455594781168514,
        "min_risk": 0.0012612986953761387
    },
    "constant": {
        "best_eta": 0.05455594781168514,
        "min_risk": 0.001919360961779689
    },
    "linear": {
        "best_eta": 0.14384498882876628,
        "min_risk": 0.0007739262378767754
    }
}