{
    "wsd": {
        "best_eta": 0.007847599703514606,
        "min_risk": 0.0006804019612365057
    },
    "constant": {
        "best_eta": 0.007847599703514606,
        "min_risk": 0.0009927110435034028
    },
    "linear": {
        "best_eta": 0.0206913808111479,
        "min_risk": 0.0005050734582205585
    }
}