{
    "wsd": {
        "best_eta": 0.14384498882876628,
        "min_risk": 0.0008864018058696694
    },
    "constant": {
        "best_eta": 0.14384498882876628,
        "min_risk": 0.002045551458856873
    },
    "linear": {
        "best_eta": 0.3792690190732246,
        "min_risk": 0.0006347882666677665
    }
}