{
    "wsd": {
        "best_eta": 0.03359818286283781,
        "min_risk": 0.001218327741729835
    },
    "constant": {
        "best_eta": 0.03359818286283781,
        "min_risk": 0.0017692917928619455
    },
    "linear": {
        "best_eta": 0.08858667904100823,
        "min_risk": 0.0007810900418226598
    }
}