{
    "wsd": {
        "best_eta": 0.22229964825261933,
        "min_risk": 0.003826395582503122
    },
    "constant": {
        "best_eta": 0.15264179671752318,
        "min_risk": 0.005270021469554917
    },
    "linear": {
        "best_eta": 0.47148663634573895,
        "min_risk": 0.002889724729013354
    }
}