{
    "wsd": {
        "best_eta": 0.08685113737513529,
        "min_risk": 0.0002291311242054682
    },
    "constant": {
        "best_eta": 0.07029732115325475,
        "min_risk": 0.0005180657048190396
    },
    "linear": {
        "best_eta": 0.20235896477251575,
        "min_risk": 0.00014257360343152597
    }
}