{
    "wsd": {
        "best_eta": 0.3792690190732246,
        "min_risk": 0.0006754344398797168
    },
    "constant": {
        "best_eta": 0.23357214690901212,
        "min_risk": 0.002114834209024686
    },
    "linear": {
        "best_eta": 1.0,
        "min_risk": 0.0004739584861033506
    }
}