{
    "wsd": {
        "best_eta": 0.47148663634573945,
        "min_risk": 0.0004248560493092551
    },
    "constant": {
        "best_eta": 0.25001103826179305,
        "min_risk": 0.0020862848428590324
    },
    "linear": {
        "best_eta": 0.5825136712468927,
        "min_risk": 0.0005022036158356288
    }
}