{
    "wsd": {
        "best_eta": 0.08858667904100823,
        "min_risk": 0.00023639426645318207
    },
    "constant": {
        "best_eta": 0.08858667904100823,
        "min_risk": 0.0006255171148799382
    },
    "linear": {
        "best_eta": 0.23357214690901212,
        "min_risk": 0.00015716203804953615
    }
}