{
    "wsd": {
        "best_eta": 0.16378937069540647,
        "min_risk": 0.0028765119435244305
    },
    "constant": {
        "best_eta": 0.10730309405261565,
        "min_risk": 0.0037843440886227058
    },
    "linear": {
        "best_eta": 0.3088843596477482,
        "min_risk": 0.0022129276107613663
    }
}