{
    "wsd": {
        "best_eta": 0.23357214690901212,
        "min_risk": 0.0016660403273152102
    },
    "constant": {
        "best_eta": 0.14384498882876628,
        "min_risk": 0.003669397752056737
    },
    "linear": {
        "best_eta": 0.3792690190732246,
        "min_risk": 0.001926792030813221
    }
}