{
    "wsd": {
        "best_eta": 0.25001103826179305,
        "min_risk": 0.00030293158329371703
    },
    "constant": {
        "best_eta": 0.16378937069540647,
        "min_risk": 0.0010973661580367293
    },
    "linear": {
        "best_eta": 0.47148663634573945,
        "min_risk": 0.00018951787401871932
    }
}