{
    "linear": {
        "best_eta": 0.3816213407949357,
        "min_risk": 4.528957718633837e-06
    }
}