{
    "wsd": {
        "best_eta": 0.08858667904100823,
        "min_risk": 0.00019359408402219624
    },
    "constant": {
        "best_eta": 0.08858667904100823,
        "min_risk": 0.000500238229654372
    },
    "linear": {
        "best_eta": 0.23357214690901212,
        "min_risk": 0.00013762382677437763
    }
}