{
    "wsd": {
        "best_eta": 0.05455594781168514,
        "min_risk": 0.0012188593751394242
    },
    "constant": {
        "best_eta": 0.03359818286283781,
        "min_risk": 0.0022128692591745327
    },
    "linear": {
        "best_eta": 0.08858667904100823,
        "min_risk": 0.0008718084363482772
    }
}