{
    "wsd": {
        "best_eta": 0.0206913808111479,
        "min_risk": 0.0005298554060286438
    },
    "constant": {
        "best_eta": 0.0206913808111479,
        "min_risk": 0.0008793339949716509
    },
    "linear": {
        "best_eta": 0.05455594781168514,
        "min_risk": 0.0003837469315050493
    }
}