{
    "wsd": {
        "best_eta": 0.25001103826179305,
        "min_risk": 0.005245413664023264
    },
    "constant": {
        "best_eta": 0.16378937069540647,
        "min_risk": 0.006374321821339362
    },
    "linear": {
        "best_eta": 0.47148663634573945,
        "min_risk": 0.004660985521825044
    }
}