{
    "wsd": {
        "best_eta": 0.05455594781168514,
        "min_risk": 0.00018107523532366712
    },
    "constant": {
        "best_eta": 0.03359818286283781,
        "min_risk": 0.00033730591009167974
    },
    "linear": {
        "best_eta": 0.08858667904100823,
        "min_risk": 0.00012005654303121451
    }
}