{
    "wsd": {
        "best_eta": 0.0206913808111479,
        "min_risk": 0.0010471077693607186
    },
    "constant": {
        "best_eta": 0.0206913808111479,
        "min_risk": 0.0017391153834574367
    },
    "linear": {
        "best_eta": 0.05455594781168514,
        "min_risk": 0.0007530966309326629
    }
}