{
    "wsd": {
        "best_eta": 0.25001103826179305,
        "min_risk": 0.00032859426824683206
    },
    "constant": {
        "best_eta": 0.16378937069540647,
        "min_risk": 0.001228517597847785
    },
    "linear": {
        "best_eta": 0.5825136712468927,
        "min_risk": 0.00020131498839886383
    }
}