{
    "wsd": {
        "best_eta": 0.08685113737513529,
        "min_risk": 0.001695660280356793
    },
    "constant": {
        "best_eta": 0.07029732115325475,
        "min_risk": 0.0022214219723834046
    },
    "linear": {
        "best_eta": 0.20235896477251575,
        "min_risk": 0.001295715167533085
    }
}