{
    "wsd": {
        "best_eta": 0.25001103826179305,
        "min_risk": 0.053601085852860456
    },
    "constant": {
        "best_eta": 0.20235896477251575,
        "min_risk": 0.05474140651723898
    },
    "linear": {
        "best_eta": 0.3816213407949357,
        "min_risk": 0.05428614799140341
    }
}