{
    "wsd": {
        "best_eta": 0.3816213407949357,
        "min_risk": 0.0003631455319532368
    },
    "constant": {
        "best_eta": 0.20235896477251575,
        "min_risk": 0.0014893086707459167
    },
    "linear": {
        "best_eta": 0.5825136712468927,
        "min_risk": 0.00031469469371490347
    }
}