{
    "wsd": {
        "best_eta": 0.010481131341546863,
        "min_risk": 0.0010647311545660518
    },
    "constant": {
        "best_eta": 0.008483428982440725,
        "min_risk": 0.0014535897883371756
    },
    "linear": {
        "best_eta": 0.019765980717016348,
        "min_risk": 0.0007183569675382809
    }
}