{
    "constant": {
        "best_eta": 0.3088843596477482,
        "min_risk": 2.5520249860899863e-06
    }
}