{
    "wsd": {
        "best_eta": 0.037275937203149416,
        "min_risk": 0.00017479067233376123
    },
    "constant": {
        "best_eta": 0.030171148105292957,
        "min_risk": 0.00029497541959712555
    },
    "linear": {
        "best_eta": 0.07029732115325475,
        "min_risk": 0.00011107800843503285
    }
}