{
    "wsd": {
        "best_eta": 0.3792690190732246,
        "min_risk": 0.004380640473614279
    },
    "constant": {
        "best_eta": 0.23357214690901212,
        "min_risk": 0.012510848298290545
    },
    "linear": {
        "best_eta": 0.3792690190732246,
        "min_risk": 0.015855790686867873
    }
}