{
    "wsd": {
        "best_eta": 0.03359818286283781,
        "min_risk": 0.0005518857662695493
    },
    "constant": {
        "best_eta": 0.03359818286283781,
        "min_risk": 0.0009322413446488543
    },
    "linear": {
        "best_eta": 0.08858667904100823,
        "min_risk": 0.00038617305007354385
    }
}