{
    "wsd": {
        "best_eta": 0.01294925842205263,
        "min_risk": 0.0001500739319752515
    },
    "constant": {
        "best_eta": 0.010481131341546863,
        "min_risk": 0.0002050594508937512
    },
    "linear": {
        "best_eta": 0.02442053094548652,
        "min_risk": 9.685769099925292e-05
    }
}