{
    "wsd": {
        "best_eta": 0.007847599703514606,
        "min_risk": 0.0005409100508540321
    },
    "constant": {
        "best_eta": 0.007847599703514606,
        "min_risk": 0.0007016254738398468
    },
    "linear": {
        "best_eta": 0.0206913808111479,
        "min_risk": 0.00034301213652608884
    }
}