{
    "wsd": {
        "best_eta": 0.47148663634573945,
        "min_risk": 0.0006055446129146847
    },
    "constant": {
        "best_eta": 0.3088843596477482,
        "min_risk": 0.0030597124998061175
    },
    "linear": {
        "best_eta": 0.5825136712468927,
        "min_risk": 0.001164923426373959
    }
}