{
    "wsd": {
        "best_eta": 0.14384498882876628,
        "min_risk": 0.0002249646744298474
    },
    "constant": {
        "best_eta": 0.14384498882876628,
        "min_risk": 0.0006677171108263513
    },
    "linear": {
        "best_eta": 0.3792690190732246,
        "min_risk": 0.00014370705968172
    }
}