{
    "wsd": {
        "best_eta": 0.3792690190732246,
        "min_risk": 0.011593333579939307
    },
    "constant": {
        "best_eta": 0.3792690190732246,
        "min_risk": 0.023038581124029494
    },
    "linear": {
        "best_eta": 0.3792690190732246,
        "min_risk": 0.030659454593159864
    }
}