{
    "wsd": {
        "best_eta": 0.07029732115325475,
        "min_risk": 0.00019877928696674396
    },
    "constant": {
        "best_eta": 0.05689866029018299,
        "min_risk": 0.0004112245001922876
    },
    "linear": {
        "best_eta": 0.13257113655901095,
        "min_risk": 0.00012654489944188
    }
}