{
    "wsd": {
        "best_eta": 0.47148663634573945,
        "min_risk": 0.0004793721200320087
    },
    "constant": {
        "best_eta": 0.25001103826179305,
        "min_risk": 0.0021174568189760126
    },
    "linear": {
        "best_eta": 0.5825136712468927,
        "min_risk": 0.0006322431575269471
    }
}