{
    "wsd": {
        "best_eta": 0.04941713361323833,
        "min_risk": 3.5548456497527434e-05
    },
    "constant": {
        "best_eta": 0.033932217718953266,
        "min_risk": 0.00016706620251318252
    },
    "linear": {
        "best_eta": 0.10481131341546852,
        "min_risk": 2.193984922023476e-05
    }
}