{
    "wsd": {
        "best_eta": 0.25001103826179305,
        "min_risk": 0.04302313336275658
    },
    "constant": {
        "best_eta": 0.20235896477251575,
        "min_risk": 0.04475505242500226
    },
    "linear": {
        "best_eta": 0.47148663634573945,
        "min_risk": 0.04387665949361557
    }
}