{
    "wsd": {
        "best_eta": 0.05689866029018299,
        "min_risk": 0.00019146211211026982
    },
    "constant": {
        "best_eta": 0.04605378255822417,
        "min_risk": 0.0003666027285539755
    },
    "linear": {
        "best_eta": 0.10730309405261565,
        "min_risk": 0.00012228481265996228
    }
}