{
    "wsd": {
        "best_eta": 0.32374575428176433,
        "min_risk": 0.03541516170028497
    },
    "constant": {
        "best_eta": 0.2682695795279725,
        "min_risk": 0.05696771445544706
    },
    "linear": {
        "best_eta": 0.3906939937054613,
        "min_risk": 0.06117142065347218
    }
}