{
    "wsd": {
        "best_eta": 0.10730309405261565,
        "min_risk": 0.0013776091132496197
    },
    "constant": {
        "best_eta": 0.07029732115325475,
        "min_risk": 0.0025439107813650177
    },
    "linear": {
        "best_eta": 0.20235896477251575,
        "min_risk": 0.0009703071874004562
    }
}