{
    "constant": {
        "best_eta": 0.05689866029018299,
        "min_risk": 0.000667863933901072
    }
}