{
    "wsd": {
        "best_eta": 0.05455594781168514,
        "min_risk": 0.0002077037472195797
    },
    "constant": {
        "best_eta": 0.05455594781168514,
        "min_risk": 0.00040489937330499175
    },
    "linear": {
        "best_eta": 0.14384498882876628,
        "min_risk": 0.00013039945837824994
    }
}