{
    "wsd": {
        "best_eta": 0.25001103826179305,
        "min_risk": 0.006260380746279643
    },
    "constant": {
        "best_eta": 0.16378937069540647,
        "min_risk": 0.007056911860688548
    },
    "linear": {
        "best_eta": 0.47148663634573945,
        "min_risk": 0.006067914846522205
    }
}