{
    "wsd": {
        "best_eta": 0.47148663634573945,
        "min_risk": 0.026943347421481634
    },
    "constant": {
        "best_eta": 0.3088843596477482,
        "min_risk": 0.045603256947098755
    },
    "linear": {
        "best_eta": 0.5825136712468927,
        "min_risk": 0.033123401163157914
    }
}