{
    "wsd": {
        "best_eta": 1.0,
        "min_risk": 0.0008294239800989034
    },
    "constant": {
        "best_eta": 0.615848211066026,
        "min_risk": 0.004152892641303681
    },
    "linear": {
        "best_eta": 1.0,
        "min_risk": 0.001328174796242749
    }
}