{
    "constant": {
        "best_eta": 0.13257113655901095,
        "min_risk": 0.0008466741535665759
    }
}