{
    "wsd": {
        "best_eta": 0.05689866029018299,
        "min_risk": 0.00020087589379649796
    },
    "constant": {
        "best_eta": 0.04605378255822417,
        "min_risk": 0.0003878166395858763
    },
    "linear": {
        "best_eta": 0.10730309405261565,
        "min_risk": 0.00012530693629391528
    }
}