{
    "wsd": {
        "best_eta": 0.3816213407949357,
        "min_risk": 0.00038409854936779944
    },
    "constant": {
        "best_eta": 0.25001103826179305,
        "min_risk": 0.0018843108792301751
    },
    "linear": {
        "best_eta": 0.5825136712468927,
        "min_risk": 0.00031154801867569655
    }
}