{
    "wsd": {
        "best_eta": 0.08858667904100823,
        "min_risk": 0.000688905167579137
    },
    "constant": {
        "best_eta": 0.08858667904100823,
        "min_risk": 0.0015550381327183878
    },
    "linear": {
        "best_eta": 0.23357214690901212,
        "min_risk": 0.00046605414201423434
    }
}