{
    "wsd": {
        "best_eta": 0.23357214690901212,
        "min_risk": 0.000604154920141858
    },
    "constant": {
        "best_eta": 0.14384498882876628,
        "min_risk": 0.0012952148434243495
    },
    "linear": {
        "best_eta": 0.3792690190732246,
        "min_risk": 0.00036651594483096356
    }
}