{
    "wsd": {
        "best_eta": 0.08858667904100823,
        "min_risk": 0.00021263424778876478
    },
    "constant": {
        "best_eta": 0.05455594781168514,
        "min_risk": 0.0005726126983769675
    },
    "linear": {
        "best_eta": 0.23357214690901212,
        "min_risk": 0.0001480241370487701
    }
}