{
    "constant": {
        "best_eta": 0.3088843596477482,
        "min_risk": 0.06364192404099417
    }
}