{
    "wsd": {
        "best_eta": 0.13257113655901095,
        "min_risk": 0.01173108594724554
    },
    "constant": {
        "best_eta": 0.10730309405261565,
        "min_risk": 0.013002969056665654
    },
    "linear": {
        "best_eta": 0.16378937069540647,
        "min_risk": 0.0343343289856756
    }
}