{
    "wsd": {
        "best_eta": 0.012742749857031334,
        "min_risk": 0.0001636786855214843
    },
    "constant": {
        "best_eta": 0.012742749857031334,
        "min_risk": 0.0002211101111027917
    },
    "linear": {
        "best_eta": 0.03359818286283781,
        "min_risk": 0.00010637735969505006
    }
}