{
    "wsd": {
        "best_eta": 0.03359818286283781,
        "min_risk": 0.0010601961843309904
    },
    "constant": {
        "best_eta": 0.03359818286283781,
        "min_risk": 0.0018266004039492845
    },
    "linear": {
        "best_eta": 0.08858667904100823,
        "min_risk": 0.0007604110323223382
    }
}