{
    "wsd": {
        "best_eta": 0.25001103826179305,
        "min_risk": 0.028008206844918653
    },
    "constant": {
        "best_eta": 0.25001103826179305,
        "min_risk": 0.03850848523903658
    },
    "linear": {
        "best_eta": 0.3816213407949357,
        "min_risk": 0.05929447829162074
    }
}