{
    "wsd": {
        "best_eta": 0.25001103826179305,
        "min_risk": 0.0002976742617398448
    },
    "constant": {
        "best_eta": 0.13257113655901095,
        "min_risk": 0.000956201508989298
    },
    "linear": {
        "best_eta": 0.47148663634573945,
        "min_risk": 0.00018363847631784302
    }
}