{
    "wsd": {
        "best_eta": 0.3792690190732246,
        "min_risk": 0.02536965472728109
    },
    "constant": {
        "best_eta": 0.3792690190732246,
        "min_risk": 0.03916037343686218
    },
    "linear": {
        "best_eta": 0.615848211066026,
        "min_risk": 0.02993747035360892
    }
}