{
    "wsd": {
        "best_eta": 0.0206913808111479,
        "min_risk": 0.00017132245419057627
    },
    "constant": {
        "best_eta": 0.0206913808111479,
        "min_risk": 0.00030897554981867227
    },
    "linear": {
        "best_eta": 0.03359818286283781,
        "min_risk": 0.00010763599615634992
    }
}