{
    "wsd": {
        "best_eta": 0.019765980717016348,
        "min_risk": 0.0010422825426992892
    },
    "constant": {
        "best_eta": 0.01599858719606059,
        "min_risk": 0.001460832676922307
    },
    "linear": {
        "best_eta": 0.04605378255822417,
        "min_risk": 0.0006991699224563984
    }
}