{
    "wsd": {
        "best_eta": 0.03359818286283781,
        "min_risk": 0.001095386764050953
    },
    "constant": {
        "best_eta": 0.03359818286283781,
        "min_risk": 0.001838940768770156
    },
    "linear": {
        "best_eta": 0.08858667904100823,
        "min_risk": 0.0007805354033322624
    }
}