{
    "(1.4, 10)": 2.192632163562941e-08,
    "(1.9, 10)": 1.9298718185477166e-08,
    "(2.5, 10)": 1.823306944920641e-08,
    "(1.4, 100)": 2.0780708455252554e-07,
    "(1.9, 100)": 1.8283170949971268e-07,
    "(2.5, 100)": 1.7269943621776404e-07,
    "(1.4, 500)": 1.0138652252651204e-06,
    "(1.9, 500)": 8.904454539676768e-07,
    "(2.5, 500)": 8.403035569769508e-07,
    "(1.4, 1000)": 1.975859719957392e-06,
    "(1.9, 1000)": 1.731499490656973e-06,
    "(2.5, 1000)": 1.63204701826844e-06,
    "(1.4, 5000)": 8.121722725368491e-06,
    "(1.9, 5000)": 6.989203207884154e-06,
    "(2.5, 5000)": 6.522017471099397e-06,
    "(1.4, 10000)": 1.2968794002659045e-05,
    "(1.9, 10000)": 1.0901252852686037e-05,
    "(2.5, 10000)": 1.0035291536688662e-05,
    "(1.4, 20000)": 1.7572183869352216e-05,
    "(1.9, 20000)": 1.4090320793537078e-05,
    "(2.5, 20000)": 1.2594987758424919e-05,
    "(1.4, 50000)": 1.9834507581711898e-05,
    "(1.9, 50000)": 1.4213038926041604e-05,
    "(2.5, 50000)": 1.170460337690412e-05,
    "(1.4, 100000)": 1.9344863436592935e-05,
    "(1.9, 100000)": 1.266576346806124e-05,
    "(2.5, 100000)": 9.718695688194172e-06,
    "(1.4, 200000)": 1.8048730037005342e-05,
    "(1.9, 200000)": 1.090224669847159e-05,
    "(2.5, 200000)": 7.95899776302988e-06,
    "(1.4, 500000)": 1.570299761607817e-05,
    "(1.9, 500000)": 8.54772028643855e-06,
    "(2.5, 500000)": 5.852136148750878e-06
}