{
    "(1.4, 10)": 0.0005396314304595075,
    "(1.9, 10)": 0.011675999506678829,
    "(2.5, 10)": 0.0032194451777769924,
    "(1.4, 100)": 0.00027950073301823375,
    "(1.9, 100)": 0.003922923665317995,
    "(2.5, 100)": 0.0010180779563821,
    "(1.4, 500)": 0.00017647258025546152,
    "(1.9, 500)": 0.001830285346695527,
    "(2.5, 500)": 0.00045529830337288826,
    "(1.4, 1000)": 0.0001447666969494505,
    "(1.9, 1000)": 0.0013180310666430798,
    "(2.5, 1000)": 0.0003219445177776992,
    "(1.4, 5000)": 9.14035261011761e-05,
    "(1.9, 5000)": 0.0006149426176944884,
    "(2.5, 5000)": 0.000143977965346865,
    "(1.4, 10000)": 7.498154412456172e-05,
    "(1.9, 10000)": 0.0004428344879597539,
    "(2.5, 10000)": 0.00010180779563821,
    "(1.4, 20000)": 6.151001169342475e-05,
    "(1.9, 20000)": 0.00031889541899339237,
    "(2.5, 20000)": 7.19889826734325e-05,
    "(1.4, 50000)": 4.734222490334908e-05,
    "(1.9, 50000)": 0.0002066095451945159,
    "(2.5, 50000)": 4.552983033728883e-05,
    "(1.4, 100000)": 3.883650092028253e-05,
    "(1.9, 100000)": 0.00014878434104442963,
    "(2.5, 100000)": 3.219445177776992e-05,
    "(1.4, 200000)": 3.185895480853093e-05,
    "(1.9, 200000)": 0.00010714306601461283,
    "(2.5, 200000)": 2.2764915168644416e-05,
    "(1.4, 500000)": 2.4520785514536587e-05,
    "(1.9, 500000)": 6.9417052806531e-05,
    "(2.5, 500000)": 1.43977965346865e-05
}