{
    "(1.4, 10)": 5.270495954023647,
    "(1.9, 10)": 2.7604775064229163,
    "(2.5, 10)": 1.7050324579433218,
    "(1.4, 100)": 0.1017573456852181,
    "(1.9, 100)": 0.08216151205832677,
    "(2.5, 100)": 0.06787856475336908,
    "(1.4, 500)": 0.006446611177291507,
    "(1.9, 500)": 0.007044001977371185,
    "(2.5, 500)": 0.007131397505909819,
    "(1.4, 1000)": 0.001964626762116383,
    "(1.9, 1000)": 0.002445415348614099,
    "(2.5, 1000)": 0.0027022943355196117,
    "(1.4, 5000)": 0.00012446457558990082,
    "(1.9, 5000)": 0.0002096542544020259,
    "(2.5, 5000)": 0.00028390604831700253,
    "(1.4, 10000)": 3.793100427721353e-05,
    "(1.9, 10000)": 7.278415498234927e-05,
    "(2.5, 10000)": 0.00010758027519164558,
    "(1.4, 20000)": 1.1559603032902914e-05,
    "(1.9, 20000)": 2.5267949995120388e-05,
    "(2.5, 20000)": 4.076530133443119e-05,
    "(1.4, 50000)": 2.4030347341783903e-06,
    "(1.9, 50000)": 6.240047423336092e-06,
    "(2.5, 50000)": 1.130250335985064e-05,
    "(1.4, 100000)": 7.3233303812277e-07,
    "(1.9, 100000)": 2.1663122460963264e-06,
    "(2.5, 100000)": 4.282847896391262e-06
}