{
    "(1.1, 10)": 0.0008070295269396436,
    "(1.5, 10)": 0.004145955546423293,
    "(2.5, 10)": 0.010180779563820998,
    "(1.1, 100)": 0.0006546516710399596,
    "(1.5, 100)": 0.0019243945634890847,
    "(2.5, 100)": 0.003219445177776992,
    "(1.1, 500)": 0.0005655455026337074,
    "(1.5, 500)": 0.0011253927677924978,
    "(2.5, 500)": 0.0014397796534686498,
    "(1.1, 1000)": 0.0005310081538084993,
    "(1.5, 1000)": 0.0008932248317356074,
    "(2.5, 1000)": 0.0010180779563820996,
    "(1.1, 5000)": 0.0004587313934006502,
    "(1.5, 5000)": 0.0005223610504414237,
    "(2.5, 5000)": 0.0004552983033728882,
    "(1.1, 10000)": 0.00043071708495478594,
    "(1.5, 10000)": 0.00041459824048896486,
    "(2.5, 10000)": 0.0003219445177776992,
    "(1.1, 20000)": 0.00040441358481415273,
    "(1.5, 20000)": 0.0003290668415481737,
    "(2.5, 20000)": 0.0002276491516864441,
    "(1.1, 50000)": 0.00037209117623838013,
    "(1.5, 50000)": 0.0002424585218843154,
    "(2.5, 50000)": 0.000143977965346865
}