{
    "(1.01, 10)": 0.0005260872567658557,
    "(1.1, 10)": 0.0008070295269396436,
    "(1.5, 10)": 0.004145955546423293,
    "(2.5, 10)": 0.010180779563820998,
    "(10, 10)": 0.0022973832408933474,
    "(1.01, 100)": 0.0005142856764251796,
    "(1.1, 100)": 0.0006546516710399596,
    "(1.5, 100)": 0.0019243945634890847,
    "(2.5, 100)": 0.003219445177776992,
    "(10, 100)": 0.0007264963699522264,
    "(1.01, 500)": 0.0005061554689248403,
    "(1.1, 500)": 0.0005655455026337074,
    "(1.5, 500)": 0.0011253927677924978,
    "(2.5, 500)": 0.0014397796534686498,
    "(10, 500)": 0.00032489905372400275,
    "(1.01, 1000)": 0.0005026936956108609,
    "(1.1, 1000)": 0.0005310081538084993,
    "(1.5, 1000)": 0.0008932248317356074,
    "(2.5, 1000)": 0.0010180779563820996,
    "(10, 1000)": 0.00022973832408933474,
    "(1.01, 5000)": 0.0004947467426977685,
    "(1.1, 5000)": 0.0004587313934006502,
    "(1.5, 5000)": 0.0005223610504414237,
    "(2.5, 5000)": 0.0004552983033728882,
    "(10, 5000)": 0.00010274210194012599,
    "(1.01, 10000)": 0.0004913629976308875,
    "(1.1, 10000)": 0.00043071708495478594,
    "(1.5, 10000)": 0.00041459824048896486,
    "(2.5, 10000)": 0.0003219445177776992,
    "(10, 10000)": 7.264963699522263e-05,
    "(1.01, 20000)": 0.0004880023951735265,
    "(1.1, 20000)": 0.00040441358481415273,
    "(1.5, 20000)": 0.0003290668415481737,
    "(2.5, 20000)": 0.0002276491516864441,
    "(10, 20000)": 5.1371050970062996e-05,
    "(1.01, 50000)": 0.000483595168753178,
    "(1.1, 50000)": 0.00037209117623838013,
    "(1.5, 50000)": 0.0002424585218843154,
    "(2.5, 50000)": 0.000143977965346865,
    "(10, 50000)": 3.2489905372400274e-05,
    "(1.01, 100000)": 0.0004802876931794869,
    "(1.1, 100000)": 0.0003493679069546877,
    "(1.5, 100000)": 0.00019243945634890848,
    "(2.5, 100000)": 0.00010180779563820998,
    "(10, 100000)": 2.2973832408933474e-05
}