{
    "(1.01, 10)": 4726.157864126061,
    "(1.1, 10)": 2893.5448803515255,
    "(1.5, 10)": 649.171897398827,
    "(2.5, 10)": 112.0352206834584,
    "(10, 10)": 7.541714793556991,
    "(1.01, 100)": 48.372542126108335,
    "(1.1, 100)": 35.68254312510822,
    "(1.5, 100)": 13.986437583707387,
    "(2.5, 100)": 4.460203359753696,
    "(10, 100)": 0.5990596998760122,
    "(1.01, 500)": 1.9659813693665877,
    "(1.1, 500)": 1.6521844042626637,
    "(1.5, 500)": 0.9566588739133832,
    "(2.5, 500)": 0.46859392550752743,
    "(10, 500)": 0.10200068769555373,
    "(1.01, 1000)": 0.49487999879331757,
    "(1.1, 1000)": 0.43991106946790576,
    "(1.5, 1000)": 0.30132866320304924,
    "(2.5, 1000)": 0.1775638939644747,
    "(10, 1000)": 0.04758500338969705,
    "(1.01, 5000)": 0.020113163686195864,
    "(1.1, 5000)": 0.020368901557522568,
    "(1.5, 5000)": 0.020610590644858318,
    "(2.5, 5000)": 0.018655060182235807,
    "(10, 5000)": 0.008102202619787193,
    "(1.01, 10000)": 0.005062917978699524,
    "(1.1, 10000)": 0.005423429276379797,
    "(1.5, 10000)": 0.006491929251055836,
    "(2.5, 10000)": 0.007068945941865825,
    "(10, 10000)": 0.0037798111741887013,
    "(1.01, 20000)": 0.0012744458733079122,
    "(1.1, 20000)": 0.0014440437562540317,
    "(1.5, 20000)": 0.002044829579458377,
    "(2.5, 20000)": 0.0026786296179631204,
    "(10, 20000)": 0.0017633442636487682,
    "(1.01, 50000)": 0.00020576967807077695,
    "(1.1, 50000)": 0.00025111733871208114,
    "(1.5, 50000)": 0.0004440417146732939,
    "(2.5, 50000)": 0.0007426713225655106,
    "(10, 50000)": 0.0006435808304354007,
    "(1.01, 100000)": 5.179667499503116e-05,
    "(1.1, 100000)": 6.686257099979477e-05,
    "(1.5, 100000)": 0.00013986437583707404,
    "(2.5, 100000)": 0.00028141980677118305,
    "(10, 100000)": 0.00030024107375844236
}