{
    "(1.1, 10)": 2893.5448803515255,
    "(1.5, 10)": 649.171897398827,
    "(2.5, 10)": 112.0352206834584,
    "(1.1, 100)": 35.68254312510822,
    "(1.5, 100)": 13.986437583707387,
    "(2.5, 100)": 4.460203359753696,
    "(1.1, 500)": 1.6521844042626637,
    "(1.5, 500)": 0.9566588739133832,
    "(2.5, 500)": 0.46859392550752743,
    "(1.1, 1000)": 0.43991106946790576,
    "(1.5, 1000)": 0.30132866320304924,
    "(2.5, 1000)": 0.1775638939644747,
    "(1.1, 5000)": 0.020368901557522568,
    "(1.5, 5000)": 0.020610590644858318,
    "(2.5, 5000)": 0.018655060182235807,
    "(1.1, 10000)": 0.005423429276379797,
    "(1.5, 10000)": 0.006491929251055836,
    "(2.5, 10000)": 0.007068945941865825,
    "(1.1, 20000)": 0.0014440437562540317,
    "(1.5, 20000)": 0.002044829579458377,
    "(2.5, 20000)": 0.0026786296179631204,
    "(1.1, 50000)": 0.00025111733871208114,
    "(1.5, 50000)": 0.0004440417146732939,
    "(2.5, 50000)": 0.0007426713225655106
}