{
    "(1.1, 10)": 2.60597192971234e-06,
    "(1.5, 10)": 2.105048432513749e-06,
    "(2.5, 10)": 1.8150753027981513e-06,
    "(1.1, 100)": 2.383736735519184e-05,
    "(1.5, 100)": 1.9123724602561695e-05,
    "(2.5, 100)": 1.6405724030966735e-05,
    "(1.1, 500)": 9.964910895701836e-05,
    "(1.5, 500)": 7.79505231232584e-05,
    "(2.5, 500)": 6.532555995334331e-05,
    "(1.1, 1000)": 0.00016316082656270172,
    "(1.5, 1000)": 0.00012366354325709527,
    "(2.5, 1000)": 0.00010047393529579327,
    "(1.1, 5000)": 0.0002912683198039816,
    "(1.5, 5000)": 0.00018181441672310947,
    "(2.5, 5000)": 0.00011714268766268813,
    "(1.1, 10000)": 0.0003107040409263239,
    "(1.5, 10000)": 0.00017345690621571122,
    "(2.5, 10000)": 9.724767424964104e-05,
    "(1.1, 20000)": 0.0003165558315857675,
    "(1.5, 20000)": 0.00015855902751970644,
    "(2.5, 20000)": 7.962804575961455e-05,
    "(1.1, 50000)": 0.0003080795197794063,
    "(1.5, 50000)": 0.00013454527294068123,
    "(2.5, 50000)": 5.8541652290456066e-05
}