{
    "(1.01, 10)": 0.5946446880350473,
    "(1.1, 10)": 0.5863569291616224,
    "(1.5, 10)": 0.5582079030464702,
    "(2.5, 10)": 0.5223388574229018,
    "(10, 10)": 0.4951497057363849,
    "(1.01, 100)": 0.548527702999968,
    "(1.1, 100)": 0.540718979322857,
    "(1.5, 100)": 0.5139893755912532,
    "(2.5, 100)": 0.4793751869719292,
    "(10, 100)": 0.4525569394324294,
    "(1.01, 500)": 0.38526329716095065,
    "(1.1, 500)": 0.3793200136526198,
    "(1.5, 500)": 0.35818246732709436,
    "(2.5, 500)": 0.3286741509583085,
    "(10, 500)": 0.30343905477901356,
    "(1.01, 1000)": 0.2514196720037169,
    "(1.1, 1000)": 0.24725340243646934,
    "(1.5, 1000)": 0.23162651724741457,
    "(2.5, 1000)": 0.2075228311512935,
    "(10, 1000)": 0.18412417591404392,
    "(1.01, 5000)": 0.02041434283081901,
    "(1.1, 5000)": 0.020626239057849143,
    "(1.5, 5000)": 0.02047002036270407,
    "(2.5, 5000)": 0.016605885301326825,
    "(10, 5000)": 0.0034970804575954867,
    "(1.01, 10000)": 0.005073890053375602,
    "(1.1, 10000)": 0.005429542415206466,
    "(1.5, 10000)": 0.006494949022436961,
    "(2.5, 10000)": 0.0070206891259871965,
    "(10, 10000)": 0.00014465011018294894,
    "(1.01, 20000)": 0.0012830903704776802,
    "(1.1, 20000)": 0.0014502570585219476,
    "(1.5, 20000)": 0.002046103315128488,
    "(2.5, 20000)": 0.002712895343528401,
    "(10, 20000)": 0.00012069515089620571,
    "(1.01, 50000)": 0.0002064206482273379,
    "(1.1, 50000)": 0.0002518621275472062,
    "(1.5, 50000)": 0.00044452033786453963,
    "(2.5, 50000)": 0.0007434334946655737,
    "(10, 50000)": 0.00011723277971678951,
    "(1.01, 100000)": 4.980754268993975e-05,
    "(1.1, 100000)": 6.56856838784133e-05,
    "(1.5, 100000)": 0.000139883662775491,
    "(2.5, 100000)": 0.0002812161647711325,
    "(10, 100000)": 0.0001116895117237748
}