{
    "(1.1, 10)": 0.5863569291616256,
    "(1.5, 10)": 0.5582079030464696,
    "(2.5, 10)": 0.5223388574229002,
    "(1.1, 100)": 0.5407189793228553,
    "(1.5, 100)": 0.5139893755912558,
    "(2.5, 100)": 0.4793751869719296,
    "(1.1, 500)": 0.37932001365261864,
    "(1.5, 500)": 0.35818246732709513,
    "(2.5, 500)": 0.3286741509583089,
    "(1.1, 1000)": 0.24725340243646934,
    "(1.5, 1000)": 0.2316265172474147,
    "(2.5, 1000)": 0.2075228311512935,
    "(1.1, 5000)": 0.02062623905784916,
    "(1.5, 5000)": 0.02047002036270407,
    "(2.5, 5000)": 0.016605885301326853,
    "(1.1, 10000)": 0.0054295424152064654,
    "(1.5, 10000)": 0.006494949022436945,
    "(2.5, 10000)": 0.007020689125987187,
    "(1.1, 20000)": 0.001450257058521945,
    "(1.5, 20000)": 0.0020461033151284915,
    "(2.5, 20000)": 0.002712895343528405,
    "(1.1, 50000)": 0.0002518621275472065,
    "(1.5, 50000)": 0.00044452033786453876,
    "(2.5, 50000)": 0.0007434334946655711
}