{
    "(1.01, 10)": 0.5946446880350453,
    "(1.1, 10)": 0.5863569291616247,
    "(1.5, 10)": 0.5582079030464696,
    "(2.5, 10)": 0.5223388574229022,
    "(10, 10)": 0.49514970573638517,
    "(1.01, 100)": 0.5485277029999682,
    "(1.1, 100)": 0.5407189793228568,
    "(1.5, 100)": 0.5139893755912546,
    "(2.5, 100)": 0.479375186971932,
    "(10, 100)": 0.4525569394324294,
    "(1.01, 500)": 0.3852632971609502,
    "(1.1, 500)": 0.37932001365261914,
    "(1.5, 500)": 0.35818246732709424,
    "(2.5, 500)": 0.3286741509583093,
    "(10, 500)": 0.3034390547790132,
    "(1.01, 1000)": 0.2514196720037169,
    "(1.1, 1000)": 0.24725340243646868,
    "(1.5, 1000)": 0.2316265172474147,
    "(2.5, 1000)": 0.20752283115129397,
    "(10, 1000)": 0.18412417591404376,
    "(1.01, 5000)": 0.020414342830818964,
    "(1.1, 5000)": 0.020626239057849112,
    "(1.5, 5000)": 0.020470020362704053,
    "(2.5, 5000)": 0.01660588530132682,
    "(10, 5000)": 0.003497080457595488,
    "(1.01, 10000)": 0.005073890053375605,
    "(1.1, 10000)": 0.005429542415206471,
    "(1.5, 10000)": 0.006494949022436956,
    "(2.5, 10000)": 0.007020689125987176,
    "(10, 10000)": 0.00014465011018294872,
    "(1.01, 20000)": 0.001283090370477683,
    "(1.1, 20000)": 0.0014502570585219466,
    "(1.5, 20000)": 0.0020461033151284893,
    "(2.5, 20000)": 0.002712895343528405,
    "(10, 20000)": 0.00012069515089620301,
    "(1.01, 50000)": 0.00020642064822733806,
    "(1.1, 50000)": 0.00025186212754720684,
    "(1.5, 50000)": 0.0004445203378645392,
    "(2.5, 50000)": 0.0007434334946655735,
    "(10, 50000)": 0.00011723277971678862,
    "(1.01, 100000)": 4.980754268993973e-05,
    "(1.1, 100000)": 6.568568387841336e-05,
    "(1.5, 100000)": 0.00013988366277549138,
    "(2.5, 100000)": 0.0002812161647711331,
    "(10, 100000)": 0.00011168951172377214
}