{
    "(1.01, 10)": 2.8350329589314943e-06,
    "(1.1, 10)": 2.6059719297123397e-06,
    "(1.5, 10)": 2.1050484325137497e-06,
    "(2.5, 10)": 1.8150753027981485e-06,
    "(10, 10)": 1.7501644573137316e-06,
    "(1.01, 100)": 2.6023314536025248e-05,
    "(1.1, 100)": 2.3837367355191848e-05,
    "(1.5, 100)": 1.912372460256164e-05,
    "(2.5, 100)": 1.6405724030966756e-05,
    "(10, 100)": 1.5792896826643053e-05,
    "(1.01, 500)": 0.00010973171496230938,
    "(1.1, 500)": 9.964910895701841e-05,
    "(1.5, 500)": 7.795052312325821e-05,
    "(2.5, 500)": 6.532555995334292e-05,
    "(10, 500)": 6.238594267287831e-05,
    "(1.01, 1000)": 0.00018157412228605947,
    "(1.1, 1000)": 0.000163160826562702,
    "(1.5, 1000)": 0.00012366354325709522,
    "(2.5, 1000)": 0.00010047393529579341,
    "(10, 1000)": 9.486332232920119e-05,
    "(1.01, 5000)": 0.0003444187242485077,
    "(1.1, 5000)": 0.0002912683198039816,
    "(1.5, 5000)": 0.0001818144167231095,
    "(2.5, 5000)": 0.00011714268766268813,
    "(10, 5000)": 9.733136201868313e-05,
    "(1.01, 10000)": 0.00038039371165973405,
    "(1.1, 10000)": 0.0003107040409263237,
    "(1.5, 10000)": 0.00017345690621571133,
    "(2.5, 10000)": 9.724767424964105e-05,
    "(10, 10000)": 7.00972296286301e-05,
    "(1.01, 20000)": 0.00040044775339513085,
    "(1.1, 20000)": 0.00031655583158576785,
    "(1.5, 20000)": 0.0001585590275197065,
    "(2.5, 20000)": 7.962804575961455e-05,
    "(10, 20000)": 4.9566820682295965e-05,
    "(1.01, 50000)": 0.00040312439265737757,
    "(1.1, 50000)": 0.0003080795197794064,
    "(1.5, 50000)": 0.00013454527294068128,
    "(2.5, 50000)": 5.854165229045605e-05,
    "(10, 50000)": 3.1349227723355195e-05,
    "(1.01, 100000)": 0.0003836554871658005,
    "(1.1, 100000)": 0.00029029617175429644,
    "(1.5, 100000)": 0.00011600297835971409,
    "(2.5, 100000)": 4.544466090681733e-05,
    "(10, 100000)": 2.2174957763029077e-05
}