{
    "(1.01, 10)": 2.835032958931495e-06,
    "(1.1, 10)": 2.6059719297123406e-06,
    "(1.5, 10)": 2.1050484325137485e-06,
    "(2.5, 10)": 1.8150753027981468e-06,
    "(10, 10)": 1.7501644573137322e-06,
    "(1.01, 100)": 2.6023314536025207e-05,
    "(1.1, 100)": 2.383736735519183e-05,
    "(1.5, 100)": 1.9123724602561675e-05,
    "(2.5, 100)": 1.640572403096679e-05,
    "(10, 100)": 1.579289682664306e-05,
    "(1.01, 500)": 0.00010973171496230923,
    "(1.1, 500)": 9.964910895701841e-05,
    "(1.5, 500)": 7.79505231232582e-05,
    "(2.5, 500)": 6.532555995334314e-05,
    "(10, 500)": 6.238594267287847e-05,
    "(1.01, 1000)": 0.00018157412228605945,
    "(1.1, 1000)": 0.00016316082656270161,
    "(1.5, 1000)": 0.00012366354325709552,
    "(2.5, 1000)": 0.00010047393529579349,
    "(10, 1000)": 9.486332232920119e-05,
    "(1.01, 5000)": 0.0003444187242485079,
    "(1.1, 5000)": 0.00029126831980398165,
    "(1.5, 5000)": 0.00018181441672310937,
    "(2.5, 5000)": 0.0001171426876626882,
    "(10, 5000)": 9.733136201868308e-05,
    "(1.01, 10000)": 0.00038039371165973383,
    "(1.1, 10000)": 0.0003107040409263238,
    "(1.5, 10000)": 0.00017345690621571144,
    "(2.5, 10000)": 9.724767424964101e-05,
    "(10, 10000)": 7.009722962863015e-05,
    "(1.01, 20000)": 0.0004004477533951309,
    "(1.1, 20000)": 0.00031655583158576785,
    "(1.5, 20000)": 0.00015855902751970647,
    "(2.5, 20000)": 7.962804575961457e-05,
    "(10, 20000)": 4.956682068229598e-05,
    "(1.01, 50000)": 0.0004031243926573774,
    "(1.1, 50000)": 0.00030807951977940637,
    "(1.5, 50000)": 0.00013454527294068133,
    "(2.5, 50000)": 5.8541652290456127e-05,
    "(10, 50000)": 3.134922772335515e-05,
    "(1.01, 100000)": 0.0003836554871658005,
    "(1.1, 100000)": 0.0002902961717542964,
    "(1.5, 100000)": 0.00011600297835971413,
    "(2.5, 100000)": 4.544466090681733e-05,
    "(10, 100000)": 2.2174957763029064e-05
}