{"(1.5, 10)": 0.00012627363277687307, "(1.5, 100)": 0.0007415206812975896, "(1.5, 500)": 0.0011249344873840226, "(1.5, 1000)": 0.001232036986741349, "(1.5, 5000)": 0.0014006301042358356, "(1.5, 10000)": 0.0014474174224136033, "(1.5, 20000)": 0.001481562006873541, "(1.5, 50000)": 0.001508666255718775, "(2, 10)": 0.00011313816455118503, "(2, 100)": 0.0006297614225285531, "(2, 500)": 0.0008625077289708884, "(2, 1000)": 0.000914423595088504, "(2, 5000)": 0.0009829543371706227, "(2, 10000)": 0.0009991647573686876, "(2, 20000)": 0.0010105986016144715, "(2, 50000)": 0.0010206605452622727, "(2.5, 10)": 0.00010813316643364065, "(2.5, 100)": 0.0005853741949194346, "(2.5, 500)": 0.0007538839373309813, "(2.5, 1000)": 0.0007865309024074507, "(2.5, 5000)": 0.0008247988870937377, "(2.5, 10000)": 0.0008327941855336337, "(2.5, 20000)": 0.0008380682529249208, "(2.5, 50000)": 0.0008423921157323825, "(3, 10)": 0.00010596384191137165, "(3, 100)": 0.0005652214347791599, "(3, 500)": 0.0006994434400705346, "(3, 1000)": 0.0007222655443222168, "(3, 5000)": 0.0007478648535032952, "(3, 10000)": 0.00075271545163797, "(3, 20000)": 0.0007557695022357703, "(3, 50000)": 0.0007581450329937292, "(3.5, 10)": 0.00010496370714382194, "(3.5, 100)": 0.0005555385989814314, "(3.5, 500)": 0.0006699470990917261, "(3.5, 1000)": 0.0006859444041985994, "(3.5, 5000)": 0.0007052682542596425, "(3.5, 10000)": 0.0007086349970315035, "(3.5, 20000)": 0.0007106475990996208, "(3.5, 50000)": 0.0007121648269951055, "(4, 10)": 0.0001044871834160195, "(4, 100)": 0.0005507684304251816, "(4, 500)": 0.0006536366204010312, "(4, 1000)": 0.0006643089513054063, "(4, 5000)": 0.000680002459666214, "(4, 10000)": 0.0006823804667295857, "(4, 20000)": 0.0006838742224736996, "(4, 50000)": 0.0006849314272117707, "(4.5, 10)": 0.00010425585329180517, "(4.5, 100)": 0.0005483925064270545, "(4.5, 500)": 0.0006446761309852325, "(4.5, 1000)": 0.0006513712111432611, "(4.5, 5000)": 0.000664350419262035, "(4.5, 10000)": 0.0006660084873605945, "(4.5, 20000)": 0.0006671606538499025, "(4.5, 50000)": 0.000667960048772365, "(5, 10)": 0.00010414230210151369, "(5, 100)": 0.000547203697317624, "(5, 500)": 0.0006398317150448123, "(5, 1000)": 0.0006438077467872436, "(5, 5000)": 0.0006541306745820771, "(5, 10000)": 0.0006555863668336699, "(5, 20000)": 0.0006563609384648282, "(5, 50000)": 0.0006570363246556579}