{"(1.5, 10)": 0.00125, "(1.5, 100)": 0.00125, "(1.5, 500)": 0.00125, "(1.5, 1000)": 0.00125, "(1.5, 5000)": 0.00125, "(1.5, 10000)": 0.00125, "(1.5, 20000)": 0.00125, "(1.5, 50000)": 0.00125, "(2, 10)": 0.000625, "(2, 100)": 0.000625, "(2, 500)": 0.000625, "(2, 1000)": 0.000625, "(2, 5000)": 0.000625, "(2, 10000)": 0.000625, "(2, 20000)": 0.000625, "(2, 50000)": 0.000625, "(2.5, 10)": 0.0004166666666666667, "(2.5, 100)": 0.0004166666666666667, "(2.5, 500)": 0.0004166666666666667, "(2.5, 1000)": 0.0004166666666666667, "(2.5, 5000)": 0.0004166666666666667, "(2.5, 10000)": 0.0004166666666666667, "(2.5, 20000)": 0.0004166666666666667, "(2.5, 50000)": 0.0004166666666666667, "(3, 10)": 0.0003125, "(3, 100)": 0.0003125, "(3, 500)": 0.0003125, "(3, 1000)": 0.0003125, "(3, 5000)": 0.0003125, "(3, 10000)": 0.0003125, "(3, 20000)": 0.0003125, "(3, 50000)": 0.0003125, "(3.5, 10)": 0.00025, "(3.5, 100)": 0.00025, "(3.5, 500)": 0.00025, "(3.5, 1000)": 0.00025, "(3.5, 5000)": 0.00025, "(3.5, 10000)": 0.00025, "(3.5, 20000)": 0.00025, "(3.5, 50000)": 0.00025, "(4, 10)": 0.00020833333333333335, "(4, 100)": 0.00020833333333333335, "(4, 500)": 0.00020833333333333335, "(4, 1000)": 0.00020833333333333335, "(4, 5000)": 0.00020833333333333335, "(4, 10000)": 0.00020833333333333335, "(4, 20000)": 0.00020833333333333335, "(4, 50000)": 0.00020833333333333335, "(4.5, 10)": 0.00017857142857142857, "(4.5, 100)": 0.00017857142857142857, "(4.5, 500)": 0.00017857142857142857, "(4.5, 1000)": 0.00017857142857142857, "(4.5, 5000)": 0.00017857142857142857, "(4.5, 10000)": 0.00017857142857142857, "(4.5, 20000)": 0.00017857142857142857, "(4.5, 50000)": 0.00017857142857142857, "(5, 10)": 0.00015625, "(5, 100)": 0.00015625, "(5, 500)": 0.00015625, "(5, 1000)": 0.00015625, "(5, 5000)": 0.00015625, "(5, 10000)": 0.00015625, "(5, 20000)": 0.00015625, "(5, 50000)": 0.00015625}