{
    "0.1": {
        "1.2": 0.0003808176940403196,
        "1.8": 0.00033303755944281055,
        "2.5": 0.00024329277828453067
    },
    "0.2": {
        "1.2": 0.00035175982664413676,
        "1.8": 0.00028251245555795926,
        "2.5": 0.00020307502964419643
    },
    "0.3": {
        "1.2": 0.0003357191751288869,
        "1.8": 0.0002577268321704335,
        "2.5": 0.0001834415511365123
    },
    "0.4": {
        "1.2": 0.0003255280018990579,
        "1.8": 0.00024261896416347004,
        "2.5": 0.00017152328689438353
    },
    "0.5": {
        "1.2": 0.00031870532732823637,
        "1.8": 0.0002325735406852526,
        "2.5": 0.00016360495550160468
    },
    "0.6": {
        "1.2": 0.000314098099347489,
        "1.8": 0.00022566785816980703,
        "2.5": 0.0001581547907730752
    },
    "0.7": {
        "1.2": 0.000311073180871477,
        "1.8": 0.00022094289577672066,
        "2.5": 0.00015441347314266372
    },
    "0.8": {
        "1.2": 0.0003092362344015167,
        "1.8": 0.00021786992599483174,
        "2.5": 0.00015196700456997906
    },
    "0.9": {
        "1.2": 0.0003083074016604837,
        "1.8": 0.00021614405341206983,
        "2.5": 0.00015058235251446376
    },
    "1": {
        "1.2": 0.0003080503452575046,
        "1.8": 0.00021559077840117694,
        "2.5": 0.00015013487289622574
    }
}