{
    "(1.1, 10)": 0.0,
    "(1.5, 10)": 0.0,
    "(1.8, 10)": 0.0,
    "(1.1, 100)": 3.936107868212074e-07,
    "(1.5, 100)": 3.936107868212074e-07,
    "(1.8, 100)": 3.936107868212074e-07,
    "(1.1, 500)": 2.1044298972080085e-06,
    "(1.5, 500)": 1.7071282734768064e-06,
    "(1.8, 500)": 1.5987910478009756e-06,
    "(1.1, 1000)": 3.356673908767102e-06,
    "(1.5, 1000)": 2.5543940276893464e-06,
    "(1.8, 1000)": 2.3083399935804023e-06,
    "(1.1, 5000)": 5.658360195974282e-06,
    "(1.5, 5000)": 3.5552599296763697e-06,
    "(1.8, 5000)": 2.924177036400772e-06,
    "(1.1, 10000)": 6.150892441447852e-06,
    "(1.5, 10000)": 3.494833913994079e-06,
    "(1.8, 10000)": 2.752573756579781e-06,
    "(1.1, 20000)": 6.36246272135756e-06,
    "(1.5, 20000)": 3.23949151508225e-06,
    "(1.8, 20000)": 2.43376310478632e-06,
    "(1.1, 50000)": 6.34940294645577e-06,
    "(1.5, 50000)": 2.780742137490291e-06,
    "(1.8, 50000)": 1.9615143817260772e-06,
    "(1.1, 100000)": 6.2027221031419375e-06,
    "(1.5, 100000)": 2.412853759022008e-06,
    "(1.8, 100000)": 1.6240406506177175e-06,
    "(1.1, 200000)": 5.983750774443021e-06,
    "(1.5, 200000)": 2.0602997121329806e-06,
    "(1.8, 200000)": 1.322617501727508e-06,
    "(1.1, 500000)": 5.630755613688553e-06,
    "(1.5, 500000)": 1.6412742381570156e-06,
    "(1.8, 500000)": 9.88681646166027e-07
}