{
    "(1.1, 10)": 0.0,
    "(1.5, 10)": 0.0,
    "(1.8, 10)": 0.0,
    "(1.1, 100)": 4.269456619085488e-09,
    "(1.5, 100)": 4.269456619085488e-09,
    "(1.8, 100)": 4.269456619085488e-09,
    "(1.1, 500)": 2.8816062110553296e-08,
    "(1.5, 500)": 2.4121330645983497e-08,
    "(1.8, 500)": 2.2838803036777407e-08,
    "(1.1, 1000)": 5.8017414962544844e-08,
    "(1.5, 1000)": 4.7336127438126097e-08,
    "(1.8, 1000)": 4.4098112471867104e-08,
    "(1.1, 5000)": 2.3028245683720846e-07,
    "(1.5, 5000)": 1.7856588949639607e-07,
    "(1.8, 5000)": 1.6268135173981412e-07,
    "(1.1, 10000)": 3.534765624491445e-07,
    "(1.5, 10000)": 2.616604356394565e-07,
    "(1.8, 10000)": 2.336599220496423e-07,
    "(1.1, 20000)": 4.723777889843073e-07,
    "(1.5, 20000)": 3.2543389192501837e-07,
    "(1.8, 20000)": 2.811182334591926e-07,
    "(1.1, 50000)": 5.87025911685507e-07,
    "(1.5, 50000)": 3.592636674389644e-07,
    "(1.8, 50000)": 2.9383420802528615e-07,
    "(1.1, 100000)": 6.37524944913153e-07,
    "(1.5, 100000)": 3.530717009660664e-07,
    "(1.8, 100000)": 2.7650929191842374e-07
}