{
    "(1.1, 10)": 0.0,
    "(1.5, 10)": 0.0,
    "(1.8, 10)": 0.0,
    "(1.1, 100)": 1.9505913504978747e-05,
    "(1.5, 100)": 1.9505913504978747e-05,
    "(1.8, 100)": 1.9505913504978747e-05,
    "(1.1, 500)": 4.2612728189265e-05,
    "(1.5, 500)": 3.016273729819943e-05,
    "(1.8, 500)": 2.7261163647700817e-05,
    "(1.1, 1000)": 4.8846470181558915e-05,
    "(1.5, 1000)": 3.062312904939948e-05,
    "(1.8, 1000)": 2.5498332992216512e-05,
    "(1.1, 5000)": 4.955418140542813e-05,
    "(1.5, 5000)": 2.5107520312182976e-05,
    "(1.8, 5000)": 1.84853657774374e-05,
    "(1.1, 10000)": 4.788327646331394e-05,
    "(1.5, 10000)": 2.1657557151803425e-05,
    "(1.8, 10000)": 1.5280986487586056e-05,
    "(1.1, 20000)": 4.573248330448255e-05,
    "(1.5, 20000)": 1.8446315699599993e-05,
    "(1.8, 20000)": 1.2457226304369617e-05,
    "(1.1, 50000)": 4.2210407104476355e-05,
    "(1.5, 50000)": 1.4706932150638468e-05,
    "(1.8, 50000)": 9.28474275598709e-06,
    "(1.1, 100000)": 3.9344534787223946e-05,
    "(1.5, 100000)": 1.220445858251842e-05,
    "(1.8, 100000)": 7.3648732073529725e-06,
    "(1.1, 200000)": 3.64442146830341e-05,
    "(1.5, 200000)": 1.0055677668241475e-05,
    "(1.8, 200000)": 5.800530188935944e-06
}