{
    "(1.1, 10)": 0.0,
    "(1.5, 10)": 0.0,
    "(1.8, 10)": 0.0,
    "(1.1, 100)": 4.269456619085488e-09,
    "(1.5, 100)": 4.269456619085488e-09,
    "(1.8, 100)": 4.269456619085488e-09,
    "(1.1, 500)": 2.8816062110553296e-08,
    "(1.5, 500)": 2.412133064598351e-08,
    "(1.8, 500)": 2.283880303677733e-08,
    "(1.1, 1000)": 5.80174149625449e-08,
    "(1.5, 1000)": 4.733612743812621e-08,
    "(1.8, 1000)": 4.4098112471867104e-08,
    "(1.1, 5000)": 2.302824568372085e-07,
    "(1.5, 5000)": 1.785658894963961e-07,
    "(1.8, 5000)": 1.6268135173981412e-07,
    "(1.1, 10000)": 3.534765624491446e-07,
    "(1.5, 10000)": 2.616604356394565e-07,
    "(1.8, 10000)": 2.3365992204964227e-07,
    "(1.1, 20000)": 4.723777889843077e-07,
    "(1.5, 20000)": 3.2543389192501837e-07,
    "(1.8, 20000)": 2.811182334591927e-07,
    "(1.1, 50000)": 5.870259116855076e-07,
    "(1.5, 50000)": 3.592636674389643e-07,
    "(1.8, 50000)": 2.938342080252862e-07
}