{
    "(1.1, 10)": 0.0,
    "(1.5, 10)": 0.0,
    "(1.8, 10)": 0.0,
    "(1.1, 100)": 3.936107868212074e-07,
    "(1.5, 100)": 3.936107868212074e-07,
    "(1.8, 100)": 3.936107868212074e-07,
    "(1.1, 500)": 2.10442989720801e-06,
    "(1.5, 500)": 1.707128273476806e-06,
    "(1.8, 500)": 1.5987910478009762e-06,
    "(1.1, 1000)": 3.356673908767102e-06,
    "(1.5, 1000)": 2.554394027689349e-06,
    "(1.8, 1000)": 2.3083399935804023e-06,
    "(1.1, 5000)": 5.6583601959742815e-06,
    "(1.5, 5000)": 3.555259929676367e-06,
    "(1.8, 5000)": 2.924177036400771e-06,
    "(1.1, 10000)": 6.150892441447851e-06,
    "(1.5, 10000)": 3.4948339139940767e-06,
    "(1.8, 10000)": 2.752573756579781e-06,
    "(1.1, 20000)": 6.362462721357559e-06,
    "(1.5, 20000)": 3.239491515082251e-06,
    "(1.8, 20000)": 2.4337631047863205e-06,
    "(1.1, 50000)": 6.349402946455768e-06,
    "(1.5, 50000)": 2.7807421374902887e-06,
    "(1.8, 50000)": 1.961514381726079e-06,
    "(1.1, 100000)": 6.202722103141934e-06,
    "(1.5, 100000)": 2.4128537590220066e-06,
    "(1.8, 100000)": 1.6240406506177167e-06,
    "(1.1, 200000)": 5.983750774443021e-06,
    "(1.5, 200000)": 2.060299712132981e-06,
    "(1.8, 200000)": 1.322617501727506e-06,
    "(1.1, 500000)": 5.6307556136885575e-06,
    "(1.5, 500000)": 1.641274238157013e-06,
    "(1.8, 500000)": 9.88681646166028e-07
}