{
    "(1.1, 10)": -0.00014871176110850044,
    "(1.5, 10)": -0.00016717227760106127,
    "(1.8, 10)": -0.00019322095693441175,
    "(1.1, 100)": -2.4548276294656485e-05,
    "(1.5, 100)": -2.6243262124546565e-05,
    "(1.8, 100)": -2.719260467728628e-05,
    "(1.1, 500)": -4.882499994140772e-06,
    "(1.5, 500)": -5.333735989497081e-06,
    "(1.8, 500)": -5.468863135422723e-06,
    "(1.1, 1000)": -5.036521724652579e-07,
    "(1.5, 1000)": -1.3849648758215314e-06,
    "(1.8, 1000)": -1.6594525815624695e-06,
    "(1.1, 5000)": 4.759567411272855e-06,
    "(1.5, 5000)": 2.3996151052530506e-06,
    "(1.8, 5000)": 1.7116264172408147e-06,
    "(1.1, 10000)": 5.7626899516889685e-06,
    "(1.5, 10000)": 2.809097583609809e-06,
    "(1.8, 10000)": 2.0077680612529102e-06,
    "(1.1, 20000)": 6.325877768800036e-06,
    "(1.5, 20000)": 2.869369926666667e-06,
    "(1.8, 20000)": 2.005898521666386e-06,
    "(1.1, 50000)": 6.623279696767985e-06,
    "(1.5, 50000)": 2.6594389390632206e-06,
    "(1.8, 50000)": 1.7812417017405638e-06,
    "(1.1, 100000)": 6.628195277628955e-06,
    "(1.5, 100000)": 2.397001575363265e-06,
    "(1.8, 100000)": 1.5462637106731695e-06,
    "(1.1, 200000)": 6.512923608478643e-06,
    "(1.5, 200000)": 2.104886805435994e-06,
    "(1.8, 200000)": 1.3040919260627152e-06,
    "(1.1, 500000)": 6.246380045758216e-06,
    "(1.5, 500000)": 1.7233525686258665e-06,
    "(1.8, 500000)": 1.0090195907612354e-06
}