{
    "(1.1, 10)": -0.0006674090421604699,
    "(1.5, 10)": -0.00046559371182265923,
    "(1.8, 10)": -0.00046920486122950533,
    "(1.1, 100)": 1.1007466949112526e-05,
    "(1.5, 100)": 5.9593814496770495e-06,
    "(1.8, 100)": 6.862069444592292e-06,
    "(1.1, 500)": 6.0167832538133765e-05,
    "(1.5, 500)": 3.459459906534807e-05,
    "(1.8, 500)": 2.7684773312456277e-05,
    "(1.1, 1000)": 6.929498368873587e-05,
    "(1.5, 1000)": 3.6415807897978256e-05,
    "(1.8, 1000)": 2.77705562084263e-05,
    "(1.1, 5000)": 7.622044858272823e-05,
    "(1.5, 5000)": 3.1422935492713e-05,
    "(1.8, 5000)": 2.1546457244142926e-05,
    "(1.1, 10000)": 7.56489516663977e-05,
    "(1.5, 10000)": 2.779852789801833e-05,
    "(1.8, 10000)": 1.8204110346088292e-05,
    "(1.1, 20000)": 7.391917888185972e-05,
    "(1.5, 20000)": 2.4086012495016363e-05,
    "(1.8, 20000)": 1.5054602848459695e-05,
    "(1.1, 50000)": 7.054844482652504e-05,
    "(1.5, 50000)": 1.9470629354760823e-05,
    "(1.8, 50000)": 1.1429897539360586e-05,
    "(1.1, 100000)": 6.753407627877356e-05,
    "(1.5, 100000)": 1.6358800881896457e-05,
    "(1.8, 100000)": 9.149782496041743e-06,
    "(1.1, 200000)": 6.432502351537173e-05,
    "(1.5, 200000)": 1.3623946893553971e-05,
    "(1.8, 200000)": 7.254468576142413e-06
}