{
    "(1.1, 10)": -4.363772371118975e-05,
    "(1.5, 10)": -6.121624307166164e-05,
    "(1.8, 10)": -7.947731793854262e-05,
    "(1.1, 100)": -1.0424334125061371e-05,
    "(1.5, 100)": -1.2247684714347295e-05,
    "(1.8, 100)": -1.3113445344597491e-05,
    "(1.1, 500)": -3.8222268833815915e-06,
    "(1.5, 500)": -3.995295815863139e-06,
    "(1.8, 500)": -3.958586459228597e-06,
    "(1.1, 1000)": -2.296147834060749e-06,
    "(1.5, 1000)": -2.2702576603073445e-06,
    "(1.8, 1000)": -2.164675643975887e-06,
    "(1.1, 5000)": -3.39400741939281e-07,
    "(1.5, 5000)": -3.1267927712167765e-07,
    "(1.8, 5000)": -2.613951821848222e-07,
    "(1.1, 10000)": 9.063301699795627e-08,
    "(1.5, 10000)": 3.786389699636252e-08,
    "(1.8, 10000)": 4.500310560000874e-08,
    "(1.1, 20000)": 3.74563898540886e-07,
    "(1.5, 20000)": 2.3237229535886276e-07,
    "(1.8, 20000)": 2.0079366645353135e-07,
    "(1.1, 50000)": 5.986011879191655e-07,
    "(1.5, 50000)": 3.4364307165336537e-07,
    "(1.8, 50000)": 2.7476366483552236e-07,
    "(1.1, 100000)": 6.915209130233411e-07,
    "(1.5, 100000)": 3.632553017100762e-07,
    "(1.8, 100000)": 2.7694953351367694e-07
}