{
    "(1.1, 10)": -0.00015848779467124774,
    "(1.5, 10)": -0.0001748012066046127,
    "(1.8, 10)": -0.00020314049008618597,
    "(1.1, 100)": -2.274155564723563e-05,
    "(1.5, 100)": -2.227255492218918e-05,
    "(1.8, 100)": -2.1042858287549803e-05,
    "(1.1, 500)": -3.359453344340492e-06,
    "(1.5, 500)": -3.0815908599141445e-06,
    "(1.8, 500)": -2.5611145068072527e-06,
    "(1.1, 1000)": 9.223606179270263e-07,
    "(1.5, 1000)": 3.9633976174732917e-07,
    "(1.8, 1000)": 4.69177201363701e-07,
    "(1.1, 5000)": 5.9887553782090205e-06,
    "(1.5, 5000)": 3.4384790378587833e-06,
    "(1.8, 5000)": 2.7494885847703284e-06,
    "(1.1, 10000)": 6.916495578312032e-06,
    "(1.5, 10000)": 3.6333648100488927e-06,
    "(1.8, 10000)": 2.770174852960936e-06,
    "(1.1, 20000)": 7.40907298007667e-06,
    "(1.5, 20000)": 3.523480490903106e-06,
    "(1.8, 20000)": 2.5660621031855503e-06,
    "(1.1, 50000)": 7.619819521635599e-06,
    "(1.5, 50000)": 3.141342802732263e-06,
    "(1.8, 50000)": 2.153980172974983e-06,
    "(1.1, 100000)": 7.563851688940988e-06,
    "(1.5, 100000)": 2.779475988893508e-06,
    "(1.8, 100000)": 1.8201668285647005e-06,
    "(1.1, 200000)": 7.39142830250933e-06,
    "(1.5, 200000)": 2.408451815696119e-06,
    "(1.8, 200000)": 1.5053706177230176e-06,
    "(1.1, 500000)": 7.054664364509895e-06,
    "(1.5, 500000)": 1.947018911595762e-06,
    "(1.8, 500000)": 1.14296589507239e-06
}