{
    "(1.5, 10)": 4.3753944606052933e-07,
    "(1.9, 10)": 4.3753944606052933e-07,
    "(2.5, 10)": 4.3753944606052933e-07,
    "(1.5, 100)": 4.679068305533009e-06,
    "(1.9, 100)": 4.307975118582994e-06,
    "(2.5, 100)": 4.077607661045692e-06,
    "(1.5, 500)": 1.942933496033511e-05,
    "(1.9, 500)": 1.747268313778491e-05,
    "(2.5, 500)": 1.6317049854076887e-05,
    "(1.5, 1000)": 3.086720219210686e-05,
    "(1.9, 1000)": 2.726397183123585e-05,
    "(2.5, 1000)": 2.5106771905369298e-05,
    "(1.5, 5000)": 4.5417326547421335e-05,
    "(1.9, 5000)": 3.554015987672824e-05,
    "(2.5, 5000)": 2.926935551686898e-05,
    "(1.5, 10000)": 4.33381729422558e-05,
    "(1.9, 10000)": 3.1669643363136526e-05,
    "(2.5, 10000)": 2.430084398582018e-05,
    "(1.5, 20000)": 3.962598951780015e-05,
    "(1.9, 20000)": 2.7260464500542583e-05,
    "(2.5, 20000)": 1.990050440533131e-05,
    "(1.5, 50000)": 3.3644995735793845e-05,
    "(1.9, 50000)": 2.1374208876596174e-05,
    "(2.5, 50000)": 1.4632374925763072e-05,
    "(1.5, 100000)": 2.9038755936877912e-05,
    "(1.9, 100000)": 1.7372977480922846e-05,
    "(2.5, 100000)": 1.1359432857526853e-05,
    "(1.5, 200000)": 2.469889055453399e-05,
    "(1.9, 200000)": 1.3911392045580878e-05,
    "(2.5, 200000)": 8.699654370589691e-06,
    "(1.5, 500000)": 1.9604945261167e-05,
    "(1.9, 500000)": 1.0187580758380926e-05,
    "(2.5, 500000)": 6.017038038179527e-06
}