{
    "1.4": 0.0011645737222599258,
    "1.9": 0.0010929266347332596,
    "2.5": 0.0029350155211869487
}