{
    "1.4": {
        "0.0001": 0.006298590944047881,
        "0.0001668100537200059": 0.0026429371045313416,
        "0.0002782559402207126": 0.0011326381655160501,
        "0.00046415888336127773": 0.0005233372554117966,
        "0.000774263682681127": 0.0002974325918439695,
        "0.001291549665014884": 0.00024356616867503788,
        "0.002154434690031882": 0.0002783638694563261,
        "0.003593813663804626": 0.0003719868240501259,
        "0.005994842503189409": 0.0005157654959380957,
        "0.01": 0.0007072668320565733
    },
    "1.9": {
        "0.0001": 0.006972961923717637,
        "0.0001668100537200059": 0.0032131421928033666,
        "0.0002782559402207126": 0.0014840499138224401,
        "0.00046415888336127773": 0.000708133149369939,
        "0.000774263682681127": 0.00036380892423448037,
        "0.001291549665014884": 0.00022268295554528508,
        "0.002154434690031882": 0.00018091450551462073,
        "0.003593813663804626": 0.00019330577197109174,
        "0.005994842503189409": 0.00024224332559815166,
        "0.01": 0.0003237259150304183
    },
    "2.5": {
        "0.0001": 0.0070262637613458705,
        "0.0001668100537200059": 0.003554420116417461,
        "0.0002782559402207126": 0.0016951594442440473,
        "0.00046415888336127773": 0.000851747498093666,
        "0.000774263682681127": 0.0004413654583566021,
        "0.001291549665014884": 0.00024997052015864854,
        "0.002154434690031882": 0.0001689652310445841,
        "0.003593813663804626": 0.00014601591417660794,
        "0.005994842503189409": 0.00015696856022160276,
        "0.01": 0.00019181319362925273
    }
}