{
    "(1.5, 10)": 0.0020726521850526966,
    "(1.9, 10)": 0.019615016734609903,
    "(2.5, 10)": 0.005090389781910499,
    "(1.5, 100)": 0.0009621116842241053,
    "(1.9, 100)": 0.006590352666426265,
    "(2.5, 100)": 0.001609722588888496,
    "(1.5, 500)": 0.0005626711695259187,
    "(1.9, 500)": 0.0030748185166119763,
    "(2.5, 500)": 0.0007198898267343249,
    "(1.5, 1000)": 0.000446598011250612,
    "(1.9, 1000)": 0.002214251501576212,
    "(2.5, 1000)": 0.0005090389781910498,
    "(1.5, 5000)": 0.00026117728006072073,
    "(1.9, 5000)": 0.001033086266060595,
    "(2.5, 5000)": 0.0002276491516864441,
    "(1.5, 10000)": 0.00020729775426954288,
    "(1.9, 10000)": 0.0007439497443010588,
    "(2.5, 10000)": 0.0001609722588888496,
    "(1.5, 20000)": 0.0001645330984759886,
    "(1.9, 20000)": 0.0005357356818108008,
    "(2.5, 20000)": 0.00011382457584322205,
    "(1.5, 50000)": 0.00012122958858364862,
    "(1.9, 50000)": 0.00034709854146911553,
    "(2.5, 50000)": 7.19889826734325e-05,
    "(1.5, 100000)": 9.622024655922235e-05,
    "(1.9, 100000)": 0.0002499537700882975,
    "(2.5, 100000)": 5.090389781910499e-05,
    "(1.5, 200000)": 7.637022253018586e-05,
    "(1.9, 200000)": 0.00017999754345004245,
    "(2.5, 200000)": 3.599449133671625e-05,
    "(1.5, 500000)": 5.627018255232871e-05,
    "(1.9, 500000)": 0.00011661884009744652,
    "(2.5, 500000)": 2.276491516864441e-05
}