{
    "(1.1, 1000)": 1.496969959576655e-05,
    "(1.3, 1000)": 8.333552268336361e-06,
    "(1.7, 1000)": 3.682871421253226e-06,
    "(1.1, 2000)": 1.245062339058954e-05,
    "(1.3, 2000)": 6.690024811341369e-06,
    "(1.7, 2000)": 2.9202034582582875e-06,
    "(1.1, 5000)": 9.915437550399766e-06,
    "(1.3, 5000)": 5.0537119807707105e-06,
    "(1.7, 5000)": 2.085133138577229e-06,
    "(1.1, 10000)": 8.192472876186017e-06,
    "(1.3, 10000)": 4.047638768441253e-06,
    "(1.7, 10000)": 1.610176236640639e-06,
    "(1.1, 20000)": 6.8257686704352335e-06,
    "(1.3, 20000)": 3.2477224706832077e-06,
    "(1.7, 20000)": 1.2194248843821518e-06,
    "(1.1, 50000)": 5.295965903825467e-06,
    "(1.3, 50000)": 2.3964449610682594e-06,
    "(1.7, 50000)": 8.548228755396498e-07,
    "(1.1, 100000)": 4.373914976360488e-06,
    "(1.3, 100000)": 1.8933871469103776e-06,
    "(1.7, 100000)": 6.447472276048115e-07
}