{
    "(1.1, 1000)": 9.291455769524659e-05,
    "(1.3, 1000)": 6.47601898452313e-05,
    "(1.7, 1000)": 4.38014048054368e-05,
    "(1.1, 2000)": 9.38679236711484e-05,
    "(1.3, 2000)": 6.631449327788488e-05,
    "(1.7, 2000)": 3.9679392960234364e-05,
    "(1.1, 5000)": 9.342346247192712e-05,
    "(1.3, 5000)": 5.885496458602103e-05,
    "(1.7, 5000)": 3.23017198303714e-05,
    "(1.1, 10000)": 9.064077846470773e-05,
    "(1.3, 10000)": 5.309096118736022e-05,
    "(1.7, 10000)": 2.7798817138946758e-05,
    "(1.1, 20000)": 8.79399844894093e-05,
    "(1.3, 20000)": 4.744246526336777e-05,
    "(1.7, 20000)": 2.2505207559261115e-05,
    "(1.1, 50000)": 8.331820563415255e-05,
    "(1.3, 50000)": 4.0555207745356325e-05,
    "(1.7, 50000)": 1.7020283378089484e-05
}