{
    "(1.1, 1000)": 3.8251448287795183e-07,
    "(1.3, 1000)": 1.739425930252765e-07,
    "(1.7, 1000)": 7.650773320945954e-09,
    "(1.1, 2000)": 1.5005368134750655e-06,
    "(1.3, 2000)": 1.0665743535962236e-06,
    "(1.7, 2000)": 6.644621053970105e-07,
    "(1.1, 5000)": 2.3819372006075694e-06,
    "(1.3, 5000)": 1.6553566778018496e-06,
    "(1.7, 5000)": 1.0118658587965682e-06,
    "(1.1, 10000)": 2.7469160763458196e-06,
    "(1.3, 10000)": 1.8213583809563807e-06,
    "(1.7, 10000)": 1.0552074443225037e-06,
    "(1.1, 20000)": 2.9401011379239285e-06,
    "(1.3, 20000)": 1.8425317425371488e-06,
    "(1.7, 20000)": 1.0015056524653496e-06,
    "(1.1, 50000)": 3.021764270574961e-06,
    "(1.3, 50000)": 1.7418327573080465e-06,
    "(1.7, 50000)": 8.626425303490771e-07,
    "(1.1, 100000)": 2.998643688843775e-06,
    "(1.3, 100000)": 1.6142291674452638e-06,
    "(1.7, 100000)": 7.416070621017363e-07
}