{
    "(1.1, 1000)": 0.00029986436888437763,
    "(1.3, 1000)": 0.0001614229167445265,
    "(1.7, 1000)": 7.416070621017374e-05,
    "(1.1, 2000)": 0.00029296574636885833,
    "(1.3, 2000)": 0.0001467448840411687,
    "(1.7, 2000)": 6.233395952190045e-05,
    "(1.1, 5000)": 0.0002795640056397941,
    "(1.3, 5000)": 0.00012669716189202967,
    "(1.7, 5000)": 4.8305558974680554e-05,
    "(1.1, 10000)": 0.0002675957025180098,
    "(1.3, 10000)": 0.00011207579635789024,
    "(1.7, 10000)": 3.925729450898779e-05,
    "(1.1, 20000)": 0.0002548632439028867,
    "(1.3, 20000)": 9.841285492446745e-05,
    "(1.7, 20000)": 3.159286594828853e-05,
    "(1.1, 50000)": 0.0002376599998550717,
    "(1.3, 50000)": 8.21609098069103e-05,
    "(1.7, 50000)": 2.3422608589064852e-05,
    "(1.1, 100000)": 0.00022476047819646169,
    "(1.3, 100000)": 7.131465106828732e-05,
    "(1.7, 100000)": 1.8538410822620275e-05,
    "(1.1, 200000)": 0.00021217594261548948,
    "(1.3, 200000)": 6.16912915042547e-05,
    "(1.7, 200000)": 1.4594096084960295e-05
}