{
    "(1.1, 1000)": 1.6068036466990437e-06,
    "(1.3, 1000)": 1.37055483022424e-06,
    "(1.7, 1000)": 1.147279792108395e-06,
    "(1.1, 2000)": 2.288663013005071e-06,
    "(1.3, 2000)": 1.883619074850094e-06,
    "(1.7, 2000)": 1.5061088965714406e-06,
    "(1.1, 5000)": 2.8704031472782695e-06,
    "(1.3, 5000)": 2.191479094804582e-06,
    "(1.7, 5000)": 1.578362872601843e-06,
    "(1.1, 10000)": 3.0586641176366653e-06,
    "(1.3, 10000)": 2.191097164902512e-06,
    "(1.7, 10000)": 1.4499227494879474e-06,
    "(1.1, 20000)": 3.116229507697576e-06,
    "(1.3, 20000)": 2.095501426506915e-06,
    "(1.7, 20000)": 1.2803806446749357e-06,
    "(1.1, 50000)": 3.056117278927512e-06,
    "(1.3, 50000)": 1.8877247090555758e-06,
    "(1.7, 50000)": 1.0378786240751886e-06,
    "(1.1, 100000)": 2.9400336455277475e-06,
    "(1.3, 100000)": 1.7035606218782678e-06,
    "(1.7, 100000)": 8.647249906688247e-07,
    "(1.1, 200000)": 2.780344761347561e-06,
    "(1.3, 200000)": 1.513738471834944e-06,
    "(1.7, 200000)": 7.094430126221725e-07,
    "(1.1, 500000)": 2.5201964947847915e-06,
    "(1.3, 500000)": 1.2703229134818857e-06,
    "(1.7, 500000)": 5.363415054416618e-07
}