{
    "(1.1, 1000)": 3.956915128196829e-06,
    "(1.3, 1000)": 3.2225751199275806e-06,
    "(1.7, 1000)": 1.6898895925679456e-06,
    "(1.1, 2000)": 4.138953687436554e-06,
    "(1.3, 2000)": 2.8144761582480032e-06,
    "(1.7, 2000)": 1.1949323903613662e-06,
    "(1.1, 5000)": 3.590409136896151e-06,
    "(1.3, 5000)": 2.0673944838317913e-06,
    "(1.7, 5000)": 1.0260955955922696e-06,
    "(1.1, 10000)": 3.0947309141750693e-06,
    "(1.3, 10000)": 1.7998974347617432e-06,
    "(1.7, 10000)": 8.684225979238847e-07,
    "(1.1, 20000)": 2.6293089629516247e-06,
    "(1.3, 20000)": 1.5587903459882152e-06,
    "(1.7, 20000)": 6.954822204082949e-07,
    "(1.1, 50000)": 2.117035219298409e-06,
    "(1.3, 50000)": 1.1785422640626354e-06,
    "(1.7, 50000)": 5.208366712412588e-07,
    "(1.1, 100000)": 1.7607840458971417e-06,
    "(1.3, 100000)": 9.461123820811472e-07,
    "(1.7, 100000)": 4.1297913355576845e-07,
    "(1.1, 200000)": 1.4805058620761264e-06,
    "(1.3, 200000)": 7.693097706887878e-07,
    "(1.7, 200000)": 3.181235620522658e-07
}