{
    "(1.1, 1000)": 1.6010587124707854e-05,
    "(1.3, 1000)": 9.964157460932371e-06,
    "(1.7, 1000)": 4.662499439996174e-06,
    "(1.1, 2000)": 1.3680600293006722e-05,
    "(1.3, 2000)": 8.13382071156408e-06,
    "(1.7, 2000)": 3.6901769751381573e-06,
    "(1.1, 5000)": 1.0834228653353997e-05,
    "(1.3, 5000)": 6.1621392126028e-06,
    "(1.7, 5000)": 2.663358697590498e-06,
    "(1.1, 10000)": 9.099584395847232e-06,
    "(1.3, 10000)": 4.9775068579608115e-06,
    "(1.7, 10000)": 2.062082152728806e-06,
    "(1.1, 20000)": 7.576149285714269e-06,
    "(1.3, 20000)": 4.03243518770514e-06,
    "(1.7, 20000)": 1.5879998690054582e-06,
    "(1.1, 50000)": 5.93957296726085e-06,
    "(1.3, 50000)": 3.012625978331844e-06,
    "(1.7, 50000)": 1.1108273739867024e-06,
    "(1.1, 100000)": 4.9338731570432286e-06,
    "(1.3, 100000)": 2.4130011076200157e-06,
    "(1.7, 100000)": 8.51711783264271e-07,
    "(1.1, 200000)": 4.086556190501226e-06,
    "(1.3, 200000)": 1.925420846373584e-06,
    "(1.7, 200000)": 6.464168370721407e-07
}