{
    "(1.1, 1000)": 9.291455769524659e-05,
    "(1.3, 1000)": 6.47601898452313e-05,
    "(1.7, 1000)": 4.3801404805436794e-05,
    "(1.1, 2000)": 9.386792367114838e-05,
    "(1.3, 2000)": 6.631449327788486e-05,
    "(1.7, 2000)": 3.967939296023437e-05,
    "(1.1, 5000)": 9.342346247192709e-05,
    "(1.3, 5000)": 5.885496458602099e-05,
    "(1.7, 5000)": 3.2301719830371384e-05,
    "(1.1, 10000)": 9.064077846470772e-05,
    "(1.3, 10000)": 5.309096118736022e-05,
    "(1.7, 10000)": 2.779881713894671e-05,
    "(1.1, 20000)": 8.79399844894093e-05,
    "(1.3, 20000)": 4.744246526336779e-05,
    "(1.7, 20000)": 2.2505207559261098e-05,
    "(1.1, 50000)": 8.331820563415256e-05,
    "(1.3, 50000)": 4.055520774535636e-05,
    "(1.7, 50000)": 1.702028337808945e-05,
    "(1.1, 100000)": 7.937984985998242e-05,
    "(1.3, 100000)": 3.558765491081239e-05,
    "(1.7, 100000)": 1.3685894019137631e-05,
    "(1.1, 200000)": 7.5408445889128e-05,
    "(1.3, 200000)": 3.105182973319615e-05,
    "(1.7, 200000)": 1.087273184605317e-05
}