{
    "(1.1, 1000)": 3.4131672031638354e-07,
    "(1.3, 1000)": 1.2209144320002868e-07,
    "(1.7, 1000)": -1.6877192487330358e-07,
    "(1.1, 2000)": 1.4711226487359024e-06,
    "(1.3, 2000)": 1.029730107577254e-06,
    "(1.7, 2000)": 5.576148611464294e-07,
    "(1.1, 5000)": 2.3636084175102654e-06,
    "(1.3, 5000)": 1.6315279052835801e-06,
    "(1.7, 5000)": 9.578297608117222e-07,
    "(1.1, 10000)": 2.734115267064199e-06,
    "(1.3, 10000)": 1.8045375943218895e-06,
    "(1.7, 10000)": 1.0145620241102177e-06,
    "(1.1, 20000)": 2.9311140537451262e-06,
    "(1.3, 20000)": 1.8308969791545971e-06,
    "(1.7, 20000)": 9.726017398990322e-07,
    "(1.1, 50000)": 3.0160692292552287e-06,
    "(1.3, 50000)": 1.7345191057054417e-06,
    "(1.7, 50000)": 8.454662311641657e-07,
    "(1.1, 100000)": 2.994623831062273e-06,
    "(1.3, 100000)": 1.609058056400923e-06,
    "(1.7, 100000)": 7.29392537236123e-07,
    "(1.1, 200000)": 2.9268134856864077e-06,
    "(1.3, 200000)": 1.4637838980716949e-06,
    "(1.7, 200000)": 6.147361305703411e-07,
    "(1.1, 500000)": 2.793842269491152e-06,
    "(1.3, 500000)": 1.2646579600529232e-06,
    "(1.7, 500000)": 4.77640171645301e-07,
    "(1.1, 800000)": 2.7141876725466746e-06,
    "(1.3, 800000)": 1.16510482041609e-06,
    "(1.7, 800000)": 4.1590238958818915e-07
}