{
    "(1.1, 100)": 1.5792880847393222e-07,
    "(1.3, 100)": 1.5792880847393222e-07,
    "(1.7, 100)": 1.5792880847393222e-07,
    "(1.1, 1000)": 1.5532747763114906e-06,
    "(1.3, 1000)": 1.3385260253331474e-06,
    "(1.7, 1000)": 1.130921808690466e-06,
    "(1.1, 2000)": 2.237482190205636e-06,
    "(1.3, 2000)": 1.8535350482511434e-06,
    "(1.7, 2000)": 1.4928990148197006e-06,
    "(1.1, 5000)": 2.8284839156415024e-06,
    "(1.3, 5000)": 2.1687388246875594e-06,
    "(1.7, 5000)": 1.570859258231344e-06,
    "(1.1, 10000)": 3.029153996061413e-06,
    "(1.3, 10000)": 2.174306446551921e-06,
    "(1.7, 10000)": 1.4441754885887092e-06,
    "(1.1, 20000)": 3.106861633626836e-06,
    "(1.3, 20000)": 2.0837909132650186e-06,
    "(1.7, 20000)": 1.2759577488630732e-06,
    "(1.1, 50000)": 3.082741887640483e-06,
    "(1.3, 50000)": 1.8841904165451634e-06,
    "(1.7, 50000)": 1.0349905150975863e-06
}