{
    "(1.1, 1000)": 1.6329952374092165e-06,
    "(1.3, 1000)": 1.3787488276844878e-06,
    "(1.7, 1000)": 1.1488874575687742e-06,
    "(1.1, 2000)": 2.3225364321241e-06,
    "(1.3, 2000)": 1.893798810296559e-06,
    "(1.7, 2000)": 1.5077591997605747e-06,
    "(1.1, 5000)": 2.919156797213614e-06,
    "(1.3, 5000)": 2.204999650968895e-06,
    "(1.7, 5000)": 1.5801247951178462e-06,
    "(1.1, 10000)": 3.1206552921693296e-06,
    "(1.3, 10000)": 2.2076422578949633e-06,
    "(1.7, 10000)": 1.451802457995687e-06,
    "(1.1, 20000)": 3.1940599425834628e-06,
    "(1.3, 20000)": 2.115052630064919e-06,
    "(1.7, 20000)": 1.2823938384716136e-06,
    "(1.1, 50000)": 3.1529900699742344e-06,
    "(1.3, 50000)": 1.912253840724976e-06,
    "(1.7, 50000)": 1.040183039380763e-06,
    "(1.1, 100000)": 3.0417929104138617e-06,
    "(1.3, 100000)": 1.7315111471606459e-06,
    "(1.7, 100000)": 8.67104059511635e-07,
    "(1.1, 200000)": 2.8650103503496503e-06,
    "(1.3, 200000)": 1.5440649595838134e-06,
    "(1.7, 200000)": 7.120346016440489e-07
}