{
    "(2.2, 1000)": 1.0180709827910003e-06,
    "(2.8, 1000)": 9.801990218690642e-07,
    "(3.5, 1000)": 9.486316331155236e-07,
    "(2.2, 2000)": 1.3046358629982565e-06,
    "(2.8, 2000)": 1.2163574776526494e-06,
    "(3.5, 2000)": 1.181778150541471e-06,
    "(2.2, 5000)": 1.2613314205706518e-06,
    "(2.8, 5000)": 1.1058461133190432e-06,
    "(3.5, 5000)": 1.027169352369298e-06,
    "(2.2, 10000)": 1.0842813212295646e-06,
    "(2.8, 10000)": 8.924088092510305e-07,
    "(3.5, 10000)": 7.8642193685514e-07,
    "(2.2, 20000)": 9.071180611368374e-07,
    "(2.8, 20000)": 7.180373876846286e-07,
    "(3.5, 20000)": 6.100868062557662e-07,
    "(2.2, 50000)": 6.850971150236426e-07,
    "(2.8, 50000)": 5.181209573575229e-07,
    "(3.5, 50000)": 4.2952895589425596e-07
}