{
    "(2.2, 1000)": 1.4295320113527708e-06,
    "(2.8, 1000)": 1.2796108067535977e-07,
    "(3.5, 1000)": 1.1791609248518964e-06,
    "(2.2, 2000)": 1.244882341266245e-06,
    "(2.8, 2000)": 7.006295515633441e-07,
    "(3.5, 2000)": 3.422788288702577e-07,
    "(2.2, 5000)": 1.0522573673127054e-06,
    "(2.8, 5000)": 5.383033478012193e-07,
    "(3.5, 5000)": 3.9135296180473807e-07,
    "(2.2, 10000)": 8.437625326835038e-07,
    "(2.8, 10000)": 5.179810694748159e-07,
    "(3.5, 10000)": 4.088203431661563e-07,
    "(2.2, 20000)": 7.341417278422868e-07,
    "(2.8, 20000)": 4.6105406984235135e-07,
    "(3.5, 20000)": 3.310090527091945e-07,
    "(2.2, 50000)": 5.864015147395251e-07,
    "(2.8, 50000)": 3.480898187000113e-07,
    "(3.5, 50000)": 2.533511426203743e-07
}