{
    "(1.1, 1000)": 1.530480189117039e-06,
    "(1.3, 1000)": 1.3134048509788063e-06,
    "(1.7, 1000)": 1.1167321528958807e-06,
    "(1.1, 2000)": 2.2236746048594977e-06,
    "(1.3, 2000)": 1.8470276091041475e-06,
    "(1.7, 2000)": 1.4856432205437326e-06,
    "(1.1, 5000)": 2.8302380973772605e-06,
    "(1.3, 5000)": 2.165096768953787e-06,
    "(1.7, 5000)": 1.5651249567843734e-06,
    "(1.1, 10000)": 3.039582032866807e-06,
    "(1.3, 10000)": 2.173235914834695e-06,
    "(1.7, 10000)": 1.4424735172099423e-06,
    "(1.1, 20000)": 3.126745656588334e-06,
    "(1.3, 20000)": 2.08606399457025e-06,
    "(1.7, 20000)": 1.2747785641489404e-06,
    "(1.1, 50000)": 3.1159211098028406e-06,
    "(1.3, 50000)": 1.8908227408094328e-06,
    "(1.7, 50000)": 1.0349447099207529e-06,
    "(1.1, 100000)": 3.0473436347116476e-06,
    "(1.3, 100000)": 1.7160489372410005e-06,
    "(1.7, 100000)": 8.632773663604599e-07,
    "(1.1, 200000)": 2.9474557253419904e-06,
    "(1.3, 200000)": 1.5364388453971308e-06,
    "(1.7, 200000)": 7.091517381249601e-07
}