{"(1.1, 1000)": 1.5530933070112039e-06, "(1.3, 1000)": 1.3549946822393954e-06, "(1.7, 1000)": 1.1464505117984347e-06, "(1.1, 2000)": 2.25171780089738e-06, "(1.3, 2000)": 1.8775215306233919e-06, "(1.7, 2000)": 1.5067769532813181e-06, "(1.1, 5000)": 2.8616817262601387e-06, "(1.3, 5000)": 2.1955427156281343e-06, "(1.7, 5000)": 1.5798429889285344e-06, "(1.1, 10000)": 3.074732774950113e-06, "(1.3, 10000)": 2.2016745236006353e-06, "(1.7, 10000)": 1.4516961614038703e-06, "(1.1, 20000)": 3.1628415828622942e-06, "(1.3, 20000)": 2.111759860622956e-06, "(1.7, 20000)": 1.2823570302458208e-06, "(1.1, 50000)": 3.152990069974234e-06, "(1.3, 50000)": 1.9122538407249727e-06, "(1.7, 50000)": 1.0401830393807638e-06, "(1.1, 100000)": 3.0848997942195257e-06, "(1.3, 100000)": 1.734814269096409e-06, "(1.7, 100000)": 8.671227346060912e-07}