{
    "(1.1, 1000)": 7.73692764238933e-10,
    "(1.3, 1000)": 3.7100754409939394e-10,
    "(1.7, 1000)": 1.275369582728453e-10,
    "(1.1, 2000)": 2.702571983976859e-10,
    "(1.3, 2000)": 1.21894490240593e-10,
    "(1.7, 2000)": 4.274275883242563e-11,
    "(1.1, 5000)": 6.573534683870356e-11,
    "(1.3, 5000)": 2.74139016932043e-11,
    "(1.7, 5000)": 9.073719054592929e-12,
    "(1.1, 10000)": 2.2334376696095528e-11,
    "(1.3, 10000)": 8.660700170929829e-12,
    "(1.7, 10000)": 2.7552107070796845e-12,
    "(1.1, 20000)": 7.545138308717924e-12,
    "(1.3, 20000)": 2.7130708022727574e-12,
    "(1.7, 20000)": 8.052194684227745e-13,
    "(1.1, 50000)": 1.7851039147622446e-12,
    "(1.3, 50000)": 5.780736176929362e-13,
    "(1.7, 50000)": 1.56699499602732e-13
}