{
    "(1.1, 1000)": 3.8171325241140294e-07,
    "(1.3, 1000)": 1.7389255130904325e-07,
    "(1.7, 1000)": 7.650542058250192e-09,
    "(1.1, 2000)": 1.4989348912246585e-06,
    "(1.3, 2000)": 1.066474280432548e-06,
    "(1.7, 2000)": 6.64461642875828e-07,
    "(1.1, 5000)": 2.3779364309110296e-06,
    "(1.3, 5000)": 1.6551065718850633e-06,
    "(1.7, 5000)": 1.0118647025250692e-06,
    "(1.1, 10000)": 2.7389279621659004e-06,
    "(1.3, 10000)": 1.820858425607289e-06,
    "(1.7, 10000)": 1.055205131884311e-06,
    "(1.1, 20000)": 2.924178402068474e-06,
    "(1.3, 20000)": 1.8415328566017007e-06,
    "(1.7, 20000)": 1.0015010280081338e-06,
    "(1.1, 50000)": 2.982354496915463e-06,
    "(1.3, 50000)": 1.7393432047509606e-06,
    "(1.7, 50000)": 8.626309723489545e-07
}