{
    "(1.1, 1000)": 5.017452863867796e-05,
    "(1.3, 1000)": 3.6894354072526625e-05,
    "(1.7, 1000)": 2.259553521862407e-05,
    "(1.1, 2000)": 7.459250802033341e-05,
    "(1.3, 2000)": 4.560771861144045e-05,
    "(1.7, 2000)": 3.0833050936995305e-05,
    "(1.1, 5000)": 0.00010760118728885718,
    "(1.3, 5000)": 5.446045988057646e-05,
    "(1.7, 5000)": 2.71759091675913e-05,
    "(1.1, 10000)": 0.0001352375018421308,
    "(1.3, 10000)": 5.832485506894128e-05,
    "(1.7, 10000)": 2.5560982495677947e-05,
    "(1.1, 20000)": 0.00016222626761126132,
    "(1.3, 20000)": 5.964504892055364e-05,
    "(1.7, 20000)": 2.2147106792655546e-05,
    "(1.1, 50000)": 0.00018838096900080677,
    "(1.3, 50000)": 5.92770815719773e-05,
    "(1.7, 50000)": 1.8056981370289677e-05
}