{
    "(1.1, 100)": 7.500598512165472e-05,
    "(1.3, 100)": 7.500598512165472e-05,
    "(1.7, 100)": 7.500598512165472e-05,
    "(1.1, 1000)": 9.29145576952466e-05,
    "(1.3, 1000)": 6.47601898452313e-05,
    "(1.7, 1000)": 4.380140480543682e-05,
    "(1.1, 2000)": 9.386792367114834e-05,
    "(1.3, 2000)": 6.63144932778849e-05,
    "(1.7, 2000)": 3.967939296023435e-05,
    "(1.1, 5000)": 9.342346247192709e-05,
    "(1.3, 5000)": 5.885496458602103e-05,
    "(1.7, 5000)": 3.23017198303714e-05,
    "(1.1, 10000)": 9.064077846470776e-05,
    "(1.3, 10000)": 5.309096118736026e-05,
    "(1.7, 10000)": 2.7798817138946748e-05,
    "(1.1, 20000)": 8.793998448940935e-05,
    "(1.3, 20000)": 4.744246526336778e-05,
    "(1.7, 20000)": 2.250520755926106e-05,
    "(1.1, 50000)": 8.331820563415261e-05,
    "(1.3, 50000)": 4.055520774535635e-05,
    "(1.7, 50000)": 1.7020283378089484e-05
}