{
    "(2.2, 1000)": 1.0367773616953295e-06,
    "(2.8, 1000)": 9.846269710634845e-07,
    "(3.5, 1000)": 9.618443184218068e-07,
    "(2.2, 2000)": 1.3169576362017579e-06,
    "(2.8, 2000)": 1.2250651393906321e-06,
    "(3.5, 2000)": 1.1835082849863264e-06,
    "(2.2, 5000)": 1.268063953478252e-06,
    "(2.8, 5000)": 1.1074493551041789e-06,
    "(3.5, 5000)": 1.0278014184130825e-06,
    "(2.2, 10000)": 1.0872484945250883e-06,
    "(2.8, 10000)": 8.936965517380033e-07,
    "(3.5, 10000)": 7.876806621502928e-07,
    "(2.2, 20000)": 9.092087876999271e-07,
    "(2.8, 20000)": 7.192322566015919e-07,
    "(3.5, 20000)": 6.106746799553324e-07,
    "(2.2, 50000)": 6.865613797061114e-07,
    "(2.8, 50000)": 5.186373399146619e-07,
    "(3.5, 50000)": 4.299768446352288e-07,
    "(2.2, 100000)": 5.430653426842514e-07,
    "(2.8, 100000)": 3.9704957147313715e-07,
    "(3.5, 100000)": 3.2137923452919184e-07,
    "(2.2, 200000)": 4.234540895246742e-07,
    "(2.8, 200000)": 3.001283417647376e-07,
    "(3.5, 200000)": 2.3845491873855123e-07
}