{
    "(1.1, 1000)": 1.5304801891170386e-06,
    "(1.3, 1000)": 1.3134048509788074e-06,
    "(1.7, 1000)": 1.1167321528958805e-06,
    "(1.1, 2000)": 2.1821198487873902e-06,
    "(1.3, 2000)": 1.8150385552045752e-06,
    "(1.7, 2000)": 1.4726720941418324e-06,
    "(1.1, 5000)": 2.6992668222369933e-06,
    "(1.3, 5000)": 2.093285658923251e-06,
    "(1.7, 5000)": 1.5441982014496533e-06,
    "(1.1, 10000)": 2.842712950729852e-06,
    "(1.3, 10000)": 2.0775499034004288e-06,
    "(1.7, 10000)": 1.4027217558133528e-06,
    "(1.1, 20000)": 2.8237276399849928e-06,
    "(1.3, 20000)": 1.9467424154745097e-06,
    "(1.7, 20000)": 1.228617184884629e-06,
    "(1.1, 50000)": 2.6564095405885223e-06,
    "(1.3, 50000)": 1.694158046319616e-06,
    "(1.7, 50000)": 9.758432200155339e-07,
    "(1.1, 100000)": 2.4311843173502683e-06,
    "(1.3, 100000)": 1.4708222320561413e-06,
    "(1.7, 100000)": 7.96316294451189e-07,
    "(1.1, 200000)": 2.1725765447884236e-06,
    "(1.3, 200000)": 1.2475570318996678e-06,
    "(1.7, 200000)": 6.309802467667885e-07
}