{
    "(1.1, 1000)": 8.028398897136144e-06,
    "(1.3, 1000)": 4.622834602155976e-06,
    "(1.7, 1000)": 2.294419503157449e-06,
    "(1.1, 2000)": 6.920028696165523e-06,
    "(1.3, 2000)": 4.02469301665475e-06,
    "(1.7, 2000)": 1.9418519621547737e-06,
    "(1.1, 5000)": 5.4581391330652045e-06,
    "(1.3, 5000)": 3.1175806919764303e-06,
    "(1.7, 5000)": 1.5281115552500792e-06,
    "(1.1, 10000)": 4.733834661112417e-06,
    "(1.3, 10000)": 2.63530061680056e-06,
    "(1.7, 10000)": 1.1646262020701644e-06,
    "(1.1, 20000)": 3.937232820323118e-06,
    "(1.3, 20000)": 2.115571600687699e-06,
    "(1.7, 20000)": 9.234494159196626e-07,
    "(1.1, 50000)": 3.1355366656423866e-06,
    "(1.3, 50000)": 1.598124049771651e-06,
    "(1.7, 50000)": 6.59376994259955e-07,
    "(1.1, 100000)": 2.590687395789843e-06,
    "(1.3, 100000)": 1.2799757653873226e-06,
    "(1.7, 100000)": 5.091824342062687e-07,
    "(1.1, 200000)": 2.1584975779994567e-06,
    "(1.3, 200000)": 1.0270200215468362e-06,
    "(1.7, 200000)": 3.8561600701350885e-07
}