{
    "(1.1, 1000)": 1.632995237409217e-06,
    "(1.3, 1000)": 1.3787488276844899e-06,
    "(1.7, 1000)": 1.1488874575687742e-06,
    "(1.1, 2000)": 2.3225364321241003e-06,
    "(1.3, 2000)": 1.8937988102965637e-06,
    "(1.7, 2000)": 1.507759199760578e-06,
    "(1.1, 5000)": 2.9191567972136143e-06,
    "(1.3, 5000)": 2.2049996509688967e-06,
    "(1.7, 5000)": 1.580124795117847e-06,
    "(1.1, 10000)": 3.1206552921693283e-06,
    "(1.3, 10000)": 2.2076422578949667e-06,
    "(1.7, 10000)": 1.4518024579956857e-06,
    "(1.1, 20000)": 3.194059942583463e-06,
    "(1.3, 20000)": 2.1150526300649223e-06,
    "(1.7, 20000)": 1.2823938384716134e-06,
    "(1.1, 50000)": 3.152990069974235e-06,
    "(1.3, 50000)": 1.912253840724974e-06,
    "(1.7, 50000)": 1.0401830393807638e-06
}