{
    "(2.2, 1000)": 1.03709569633372e-06,
    "(2.8, 1000)": 9.846840793168139e-07,
    "(3.5, 1000)": 9.618715667102054e-07,
    "(2.2, 2000)": 1.3172726559095487e-06,
    "(2.8, 2000)": 1.2251275284524442e-06,
    "(3.5, 2000)": 1.1835258002456251e-06,
    "(2.2, 5000)": 1.2683292547016165e-06,
    "(2.8, 5000)": 1.1075034341127335e-06,
    "(3.5, 5000)": 1.0278180434517068e-06,
    "(2.2, 10000)": 1.087530969086255e-06,
    "(2.8, 10000)": 8.937420499257723e-07,
    "(3.5, 10000)": 7.876950346364089e-07,
    "(2.2, 20000)": 9.094500986499867e-07,
    "(2.8, 20000)": 7.192764558148789e-07,
    "(3.5, 20000)": 6.106816763144354e-07,
    "(2.2, 50000)": 6.868024152500955e-07,
    "(2.8, 50000)": 5.186710361891459e-07,
    "(3.5, 50000)": 4.299825634230821e-07,
    "(2.2, 100000)": 5.432991999193277e-07,
    "(2.8, 100000)": 3.9708227991074085e-07,
    "(3.5, 100000)": 3.2138626908072104e-07,
    "(2.2, 200000)": 4.2367495356744405e-07,
    "(2.8, 200000)": 3.0015723906697405e-07,
    "(3.5, 200000)": 2.3845879169589833e-07
}