{
    "(1.1, 1000)": 2.4466313441866987e-05,
    "(1.3, 1000)": 1.1732288684594483e-05,
    "(1.7, 1000)": 4.0330727399204545e-06,
    "(1.1, 2000)": 2.4172538681034917e-05,
    "(1.3, 2000)": 1.0902574650426028e-05,
    "(1.7, 2000)": 3.82302857180733e-06,
    "(1.1, 5000)": 2.324095475664848e-05,
    "(1.3, 5000)": 9.69227789302307e-06,
    "(1.7, 5000)": 3.2080441370421246e-06,
    "(1.1, 10000)": 2.2334376696095527e-05,
    "(1.3, 10000)": 8.660700170929829e-06,
    "(1.7, 10000)": 2.7552107070796837e-06,
    "(1.1, 20000)": 2.134087385233937e-05,
    "(1.3, 20000)": 7.673723048505174e-06,
    "(1.7, 20000)": 2.2775045858606835e-06,
    "(1.1, 50000)": 1.995806850154685e-05,
    "(1.3, 50000)": 6.463059525803153e-06,
    "(1.7, 50000)": 1.7519536657595496e-06
}