{"(1.1, 1000)": 1.553093307011203e-06, "(1.3, 1000)": 1.3549946822393954e-06, "(1.7, 1000)": 1.146450511798435e-06, "(1.1, 2000)": 2.2517178008973774e-06, "(1.3, 2000)": 1.8775215306233934e-06, "(1.7, 2000)": 1.5067769532813173e-06, "(1.1, 5000)": 2.861681726260139e-06, "(1.3, 5000)": 2.1955427156281355e-06, "(1.7, 5000)": 1.5798429889285353e-06, "(1.1, 10000)": 3.074732774950113e-06, "(1.3, 10000)": 2.2016745236006345e-06, "(1.7, 10000)": 1.451696161403869e-06, "(1.1, 20000)": 3.1628415828622964e-06, "(1.3, 20000)": 2.1117598606229567e-06, "(1.7, 20000)": 1.282357030245821e-06, "(1.1, 50000)": 3.1529900699742344e-06, "(1.3, 50000)": 1.912253840724975e-06, "(1.7, 50000)": 1.0401830393807631e-06, "(1.1, 100000)": 3.084899794219523e-06, "(1.3, 100000)": 1.7348142690964096e-06, "(1.7, 100000)": 8.671227346060921e-07, "(1.1, 200000)": 2.984973664590435e-06, "(1.3, 200000)": 1.5527715159999468e-06, "(1.7, 200000)": 7.120790013792554e-07, "(1.1, 500000)": 2.8245844429854755e-06, "(1.3, 500000)": 1.3209810679453332e-06, "(1.7, 500000)": 5.391709998033428e-07}