{
    "(2.2, 1000)": 2.659855145575404e-05,
    "(2.8, 1000)": 1.6698092692941483e-05,
    "(3.5, 1000)": 1.0920950209073436e-05,
    "(2.2, 2000)": 1.8808016104102993e-05,
    "(2.8, 2000)": 1.1807334576060463e-05,
    "(3.5, 2000)": 7.722277949836471e-06,
    "(2.2, 5000)": 1.1895233831618402e-05,
    "(2.8, 5000)": 7.467614071201936e-06,
    "(3.5, 5000)": 4.883997409275749e-06,
    "(2.2, 10000)": 8.411200506137011e-06,
    "(2.8, 10000)": 5.2804005490309706e-06,
    "(3.5, 10000)": 3.4535076873964124e-06,
    "(2.2, 20000)": 5.947616915809201e-06,
    "(2.8, 20000)": 3.733807035600968e-06,
    "(3.5, 20000)": 2.4419987046378743e-06,
    "(2.2, 50000)": 3.7616032208205987e-06,
    "(2.8, 50000)": 2.3614669152120925e-06,
    "(3.5, 50000)": 1.5444555899672942e-06,
    "(2.2, 100000)": 2.659855145575404e-06,
    "(2.8, 100000)": 1.6698092692941484e-06,
    "(3.5, 100000)": 1.0920950209073436e-06,
    "(2.2, 200000)": 1.8808016104102993e-06,
    "(2.8, 200000)": 1.1807334576060463e-06,
    "(3.5, 200000)": 7.722277949836471e-07
}