{
    "(1.1, 1000)": 9.29145576952466e-05,
    "(1.3, 1000)": 6.476018984523133e-05,
    "(1.7, 1000)": 4.380140480543682e-05,
    "(1.1, 2000)": 9.386792367114841e-05,
    "(1.3, 2000)": 6.631449327788486e-05,
    "(1.7, 2000)": 3.967939296023439e-05,
    "(1.1, 5000)": 9.342346247192713e-05,
    "(1.3, 5000)": 5.885496458602106e-05,
    "(1.7, 5000)": 3.2301719830371424e-05,
    "(1.1, 10000)": 9.064077846470772e-05,
    "(1.3, 10000)": 5.3090961187360236e-05,
    "(1.7, 10000)": 2.779881713894675e-05,
    "(1.1, 20000)": 8.793998448940932e-05,
    "(1.3, 20000)": 4.744246526336775e-05,
    "(1.7, 20000)": 2.2505207559261064e-05,
    "(1.1, 50000)": 8.331820563415255e-05,
    "(1.3, 50000)": 4.055520774535638e-05,
    "(1.7, 50000)": 1.7020283378089464e-05
}