{
    "(1.1, 1000)": 1.5971701061025144e-06,
    "(1.3, 1000)": 1.3705548302242415e-06,
    "(1.7, 1000)": 1.1483951965211589e-06,
    "(1.1, 2000)": 2.2917617389166287e-06,
    "(1.3, 2000)": 1.8883453401604663e-06,
    "(1.7, 2000)": 1.507567250157619e-06,
    "(1.1, 5000)": 2.895937203182421e-06,
    "(1.3, 5000)": 2.202002418670231e-06,
    "(1.7, 5000)": 1.5800716065775505e-06,
    "(1.1, 10000)": 3.104856527805769e-06,
    "(1.3, 10000)": 2.2059891281517935e-06,
    "(1.7, 10000)": 1.4517840447565708e-06,
    "(1.1, 20000)": 3.1892214073864924e-06,
    "(1.3, 20000)": 2.114626252878636e-06,
    "(1.7, 20000)": 1.2823905757620027e-06,
    "(1.1, 50000)": 3.1750562076532385e-06,
    "(1.3, 50000)": 1.913916356666283e-06,
    "(1.7, 50000)": 1.0401923818838857e-06,
    "(1.1, 100000)": 3.1041555354984497e-06,
    "(1.3, 100000)": 1.7359135697074046e-06,
    "(1.7, 100000)": 8.671262801994664e-07,
    "(1.1, 200000)": 3.0017683475597662e-06,
    "(1.3, 200000)": 1.5534978755646951e-06,
    "(1.7, 200000)": 7.12080345972561e-07
}