{
    "(1.1, 1000)": 1.602656106852383e-06,
    "(1.3, 1000)": 1.3645106074046874e-06,
    "(1.7, 1000)": 1.143465090151054e-06,
    "(1.1, 2000)": 2.28051535455072e-06,
    "(1.3, 2000)": 1.8746355112983114e-06,
    "(1.7, 2000)": 1.5016215370824913e-06,
    "(1.1, 5000)": 2.8586883082229854e-06,
    "(1.3, 5000)": 2.1783738119849237e-06,
    "(1.7, 5000)": 1.5722409185354298e-06,
    "(1.1, 10000)": 3.0395820328668088e-06,
    "(1.3, 10000)": 2.173235914834695e-06,
    "(1.7, 10000)": 1.4424735172099432e-06,
    "(1.1, 20000)": 3.090618501608487e-06,
    "(1.3, 20000)": 2.071786830648827e-06,
    "(1.7, 20000)": 1.270378345065607e-06,
    "(1.1, 50000)": 3.014691044044347e-06,
    "(1.3, 50000)": 1.853075492509556e-06,
    "(1.7, 50000)": 1.0252743561306626e-06,
    "(1.1, 100000)": 2.8830471399866936e-06,
    "(1.3, 100000)": 1.657292692858407e-06,
    "(1.7, 100000)": 8.486468068443322e-07
}