{
    "(1.1, 1000)": 0.00010584204282996075,
    "(1.3, 1000)": 9.392079625558162e-05,
    "(1.7, 1000)": 7.346770097278949e-05,
    "(1.1, 2000)": 7.459250802033344e-05,
    "(1.3, 2000)": 6.631449327788488e-05,
    "(1.7, 2000)": 5.324692619559516e-05,
    "(1.1, 5000)": 4.7036657496368204e-05,
    "(1.3, 5000)": 4.182194757067386e-05,
    "(1.7, 5000)": 3.370286743665616e-05,
    "(1.1, 10000)": 3.321134406744703e-05,
    "(1.3, 10000)": 2.953106779764598e-05,
    "(1.7, 10000)": 2.379935412293362e-05,
    "(1.1, 20000)": 2.346001464205125e-05,
    "(1.3, 20000)": 2.0861165863958563e-05,
    "(1.7, 20000)": 1.6812743548395273e-05,
    "(1.1, 50000)": 1.4824124881034793e-05,
    "(1.3, 50000)": 1.3182414801609937e-05,
    "(1.7, 50000)": 1.0624474376933406e-05,
    "(1.1, 100000)": 1.0477540279904835e-05,
    "(1.3, 100000)": 9.317365100808528e-06,
    "(1.7, 100000)": 7.509515124686932e-06,
    "(1.1, 200000)": 7.406401072940841e-06,
    "(1.3, 200000)": 6.586376646768005e-06,
    "(1.7, 200000)": 5.308475400145585e-06
}