{
    "(1.1, 1000)": 1.530480189117038e-06,
    "(1.3, 1000)": 1.3134048509788071e-06,
    "(1.7, 1000)": 1.1167321528958807e-06,
    "(1.1, 2000)": 2.2236746048594972e-06,
    "(1.3, 2000)": 1.8470276091041482e-06,
    "(1.7, 2000)": 1.4856432205437338e-06,
    "(1.1, 5000)": 2.83023809737726e-06,
    "(1.3, 5000)": 2.165096768953787e-06,
    "(1.7, 5000)": 1.5651249567843743e-06,
    "(1.1, 10000)": 3.0395820328668066e-06,
    "(1.3, 10000)": 2.1732359148346953e-06,
    "(1.7, 10000)": 1.4424735172099438e-06,
    "(1.1, 20000)": 3.126745656588335e-06,
    "(1.3, 20000)": 2.0860639945702517e-06,
    "(1.7, 20000)": 1.274778564148941e-06,
    "(1.1, 50000)": 3.115921109802841e-06,
    "(1.3, 50000)": 1.8908227408094318e-06,
    "(1.7, 50000)": 1.0349447099207527e-06,
    "(1.1, 100000)": 3.0473436347116446e-06,
    "(1.3, 100000)": 1.7160489372410007e-06,
    "(1.7, 100000)": 8.632773663604606e-07,
    "(1.1, 200000)": 2.9474557253419887e-06,
    "(1.3, 200000)": 1.5364388453971293e-06,
    "(1.7, 200000)": 7.091517381249598e-07,
    "(1.1, 500000)": 2.7874685502599426e-06,
    "(1.3, 500000)": 1.307489451893798e-06,
    "(1.7, 500000)": 5.371472561265527e-07
}