{
    "(1.1, 1000)": 2.697337396530507e-07,
    "(1.3, 1000)": -1.7862371338788212e-08,
    "(1.7, 1000)": -6.078085501150516e-07,
    "(1.1, 2000)": 1.4205959298122586e-06,
    "(1.3, 2000)": 9.659179975693113e-07,
    "(1.7, 2000)": 3.24930046962611e-07,
    "(1.1, 5000)": 2.3325111115679685e-06,
    "(1.3, 5000)": 1.5902871994138606e-06,
    "(1.7, 5000)": 8.210885708995532e-07,
    "(1.1, 10000)": 2.7113468140008195e-06,
    "(1.3, 10000)": 1.7751261884184884e-06,
    "(1.7, 10000)": 9.503067966732589e-07,
    "(1.1, 20000)": 2.9152533596913946e-06,
    "(1.3, 20000)": 1.8098951902368566e-06,
    "(1.7, 20000)": 9.227003989278029e-07,
    "(1.1, 50000)": 3.0061434563402353e-06,
    "(1.3, 50000)": 1.7217195770205026e-06,
    "(1.7, 50000)": 8.13713368793801e-07,
    "(1.1, 100000)": 2.9875878324034874e-06,
    "(1.3, 100000)": 1.6000307494096338e-06,
    "(1.7, 100000)": 7.082660634094248e-07
}