{
    "(2.2, 1000)": -5.7403232451938336e-08,
    "(2.8, 1000)": -8.000286949458452e-08,
    "(3.5, 1000)": -8.39068136931476e-08,
    "(2.2, 2000)": 4.466041343189473e-07,
    "(2.8, 2000)": 3.179889869660159e-07,
    "(3.5, 2000)": 2.3720831736668808e-07,
    "(2.2, 5000)": 6.751297158582029e-07,
    "(2.8, 5000)": 4.803780836106363e-07,
    "(3.5, 5000)": 3.587935184631982e-07,
    "(2.2, 10000)": 6.798963579757721e-07,
    "(2.8, 10000)": 4.727872999471635e-07,
    "(3.5, 10000)": 3.4763570814307684e-07,
    "(2.2, 20000)": 6.195038587010949e-07,
    "(2.8, 20000)": 4.195588413048461e-07,
    "(3.5, 20000)": 3.030627985473501e-07,
    "(2.2, 50000)": 5.036488246521499e-07,
    "(2.8, 50000)": 3.289063325776392e-07,
    "(3.5, 50000)": 2.319799683227738e-07,
    "(2.2, 100000)": 4.1380588467458056e-07,
    "(2.8, 100000)": 2.628653291004368e-07,
    "(3.5, 100000)": 1.821700551662172e-07,
    "(2.2, 200000)": 3.3212118408239057e-07,
    "(2.8, 200000)": 2.0527563199292995e-07,
    "(3.5, 200000)": 1.3986631511390986e-07,
    "(2.2, 500000)": 2.419039575303807e-07,
    "(2.8, 500000)": 1.4429160628335325e-07,
    "(3.5, 500000)": 9.624162113986885e-08
}