{
    "(1.1, 1000)": 1.553093307011203e-06,
    "(1.3, 1000)": 1.3549946822393952e-06,
    "(1.7, 1000)": 1.1464505117984343e-06,
    "(1.1, 2000)": 2.251717800897377e-06,
    "(1.3, 2000)": 1.8775215306233919e-06,
    "(1.7, 2000)": 1.5067769532813175e-06,
    "(1.1, 5000)": 2.861681726260138e-06,
    "(1.3, 5000)": 2.1955427156281347e-06,
    "(1.7, 5000)": 1.5798429889285346e-06,
    "(1.1, 10000)": 3.074732774950112e-06,
    "(1.3, 10000)": 2.201674523600634e-06,
    "(1.7, 10000)": 1.4516961614038703e-06,
    "(1.1, 20000)": 3.162841582862297e-06,
    "(1.3, 20000)": 2.111759860622957e-06,
    "(1.7, 20000)": 1.28235703024582e-06,
    "(1.1, 50000)": 3.1529900699742353e-06,
    "(1.3, 50000)": 1.912253840724975e-06,
    "(1.7, 50000)": 1.040183039380764e-06,
    "(1.1, 100000)": 3.0848997942195245e-06,
    "(1.3, 100000)": 1.7348142690964106e-06,
    "(1.7, 100000)": 8.671227346060907e-07,
    "(1.1, 200000)": 2.9849736645904345e-06,
    "(1.3, 200000)": 1.5527715159999462e-06,
    "(1.7, 200000)": 7.120790013792545e-07
}