{
    "(1.1, 1000)": -0.007735810663413402,
    "(1.3, 1000)": -0.016222142270488113,
    "(1.7, 1000)": -0.1476303268692495,
    "(1.1, 2000)": -0.0019114940229886222,
    "(1.3, 2000)": -0.005341776898709553,
    "(1.7, 2000)": -0.017875272285592166,
    "(1.1, 5000)": -0.0001638752610933443,
    "(1.3, 5000)": -0.0011351456350025516,
    "(1.7, 5000)": -0.007609035764191902,
    "(1.1, 10000)": 0.000142267765275877,
    "(1.3, 10000)": -0.00031990240989389563,
    "(1.7, 10000)": -0.002575796693866631,
    "(1.1, 20000)": 0.00022384633973981415,
    "(1.3, 20000)": -5.807651687324554e-05,
    "(1.7, 20000)": -0.0012236949974984348,
    "(1.1, 50000)": 0.00023408472181184745,
    "(1.3, 50000)": 4.543722747087382e-05,
    "(1.7, 50000)": -0.0004007134116295001
}