{
    "(2.2, 1000)": 2.479345206320804e-06,
    "(2.8, 1000)": 1.4912737685018411e-06,
    "(3.5, 1000)": 9.437782352755329e-07,
    "(2.2, 2000)": 1.8808016104102991e-06,
    "(2.8, 2000)": 1.095338312200021e-06,
    "(3.5, 2000)": 6.998687087576818e-07,
    "(2.2, 5000)": 1.3078930938410733e-06,
    "(2.8, 5000)": 7.316012591165877e-07,
    "(3.5, 5000)": 4.5706322597329045e-07,
    "(2.2, 10000)": 9.718518205018531e-07,
    "(2.8, 10000)": 5.373557222190078e-07,
    "(3.5, 10000)": 3.307937686742247e-07,
    "(2.2, 20000)": 7.303795358143451e-07,
    "(2.8, 20000)": 3.9092464667490656e-07,
    "(3.5, 20000)": 2.414402342163901e-07,
    "(2.2, 50000)": 4.904202943123345e-07,
    "(2.8, 50000)": 2.5744560317981245e-07,
    "(3.5, 50000)": 1.5590989720761494e-07,
    "(2.2, 100000)": 3.621624013394389e-07,
    "(2.8, 100000)": 1.8605030564403808e-07,
    "(3.5, 100000)": 1.1112773023993107e-07,
    "(2.2, 200000)": 2.67069070917902e-07,
    "(2.8, 200000)": 1.345256653717624e-07,
    "(3.5, 200000)": 8.000565191093749e-08
}