{"(1.1, 1000)": 9.75626771535317e-07, "(1.3, 1000)": 9.75626771535317e-07, "(1.7, 1000)": 9.75626771535317e-07, "(1.1, 2000)": 1.5067769532813188e-06, "(1.3, 2000)": 1.5067769532813188e-06, "(1.7, 2000)": 1.5067769532813188e-06, "(1.1, 5000)": 1.5798429889285349e-06, "(1.3, 5000)": 1.5798429889285349e-06, "(1.7, 5000)": 1.5798429889285349e-06, "(1.1, 10000)": 1.4516961614038706e-06, "(1.3, 10000)": 1.4516961614038706e-06, "(1.7, 10000)": 1.4516961614038706e-06, "(1.1, 20000)": 1.2823570302458206e-06, "(1.3, 20000)": 1.2823570302458206e-06, "(1.7, 20000)": 1.2823570302458206e-06, "(1.1, 50000)": 1.0401830393807642e-06, "(1.3, 50000)": 1.0401830393807642e-06, "(1.7, 50000)": 1.0401830393807642e-06, "(1.1, 100000)": 8.671227346060917e-07, "(1.3, 100000)": 8.671227346060917e-07, "(1.7, 100000)": 8.671227346060917e-07, "(1.1, 200000)": 7.120790013792553e-07, "(1.3, 200000)": 7.120790013792553e-07, "(1.7, 200000)": 7.120790013792553e-07}