{
    "(1.1, 100)": -9.027938448932129e-06,
    "(1.3, 100)": -8.952638407394652e-06,
    "(1.7, 100)": -8.568031416964631e-06,
    "(1.1, 1000)": 3.8251448287795373e-07,
    "(1.3, 1000)": 1.7394259302527895e-07,
    "(1.7, 1000)": 7.650773320934035e-09,
    "(1.1, 2000)": 1.500536813475067e-06,
    "(1.3, 2000)": 1.066574353596225e-06,
    "(1.7, 2000)": 6.644621053970016e-07,
    "(1.1, 5000)": 2.3819372006075715e-06,
    "(1.3, 5000)": 1.6553566778018517e-06,
    "(1.7, 5000)": 1.0118658587965632e-06,
    "(1.1, 10000)": 2.7469160763458217e-06,
    "(1.3, 10000)": 1.8213583809563824e-06,
    "(1.7, 10000)": 1.0552074443225e-06,
    "(1.1, 20000)": 2.940101137923931e-06,
    "(1.3, 20000)": 1.8425317425371503e-06,
    "(1.7, 20000)": 1.0015056524653468e-06,
    "(1.1, 50000)": 3.0217642705749636e-06,
    "(1.3, 50000)": 1.741832757308048e-06,
    "(1.7, 50000)": 8.626425303490754e-07
}