{
    "(2.2, 1000)": 3.1955570214940733e-06,
    "(2.8, 1000)": 1.6698092692941484e-06,
    "(3.5, 1000)": 1.0220244432916251e-06,
    "(2.2, 2000)": 2.4156330621203516e-06,
    "(2.8, 2000)": 1.2362122769892739e-06,
    "(3.5, 2000)": 7.528932383912821e-07,
    "(2.2, 5000)": 1.652626209282895e-06,
    "(2.8, 5000)": 8.205530175694565e-07,
    "(3.5, 5000)": 4.883997409275747e-07,
    "(2.2, 10000)": 1.2336903245706478e-06,
    "(2.8, 10000)": 5.986044610968246e-07,
    "(3.5, 10000)": 3.5141673876295204e-07,
    "(2.2, 20000)": 9.192220125324034e-07,
    "(2.8, 20000)": 4.3600184659403925e-07,
    "(3.5, 20000)": 2.5300008572516523e-07,
    "(2.2, 50000)": 6.173606117025983e-07,
    "(2.8, 50000)": 2.841816173985766e-07,
    "(3.5, 50000)": 1.6305055301423075e-07,
    "(2.2, 100000)": 4.553529566005512e-07,
    "(2.8, 100000)": 2.050084726585499e-07,
    "(3.5, 100000)": 1.1643473699419083e-07,
    "(2.2, 200000)": 3.347163210019601e-07,
    "(2.8, 200000)": 1.477392213460597e-07,
    "(3.5, 200000)": 8.306008392308035e-08
}