{
    "(1.1, 1000)": 9.291455769524658e-05,
    "(1.3, 1000)": 6.476018984523133e-05,
    "(1.7, 1000)": 4.380140480543682e-05,
    "(1.1, 2000)": 9.386792367114836e-05,
    "(1.3, 2000)": 6.631449327788489e-05,
    "(1.7, 2000)": 3.9679392960234364e-05,
    "(1.1, 5000)": 9.342346247192713e-05,
    "(1.3, 5000)": 5.8854964586021066e-05,
    "(1.7, 5000)": 3.2301719830371384e-05,
    "(1.1, 10000)": 9.064077846470772e-05,
    "(1.3, 10000)": 5.30909611873602e-05,
    "(1.7, 10000)": 2.779881713894673e-05,
    "(1.1, 20000)": 8.793998448940927e-05,
    "(1.3, 20000)": 4.7442465263367754e-05,
    "(1.7, 20000)": 2.250520755926109e-05,
    "(1.1, 50000)": 8.33182056341526e-05,
    "(1.3, 50000)": 4.05552077453563e-05,
    "(1.7, 50000)": 1.7020283378089487e-05
}