{
    "(2.2, 1000)": 4.137529610378676e-05,
    "(2.8, 1000)": 2.628521118223989e-05,
    "(3.5, 1000)": 1.821617779047953e-05,
    "(2.2, 2000)": 3.320841556219274e-05,
    "(2.8, 2000)": 2.052662183605957e-05,
    "(3.5, 2000)": 1.3986074968087815e-05,
    "(2.2, 5000)": 2.4188612225723866e-05,
    "(2.8, 5000)": 1.442856071505727e-05,
    "(3.5, 5000)": 9.623828359295915e-06,
    "(2.2, 10000)": 1.8749315294824343e-05,
    "(2.8, 10000)": 1.0891982226434412e-05,
    "(3.5, 10000)": 7.155190962082053e-06,
    "(2.2, 20000)": 1.4398842875174348e-05,
    "(2.8, 20000)": 8.143348495399572e-06,
    "(3.5, 20000)": 5.2728825495837e-06,
    "(2.2, 50000)": 1.016764132025934e-05,
    "(2.8, 50000)": 5.479491620865862e-06,
    "(3.5, 50000)": 3.485121809653327e-06,
    "(2.2, 100000)": 8.373316650305177e-06,
    "(2.8, 100000)": 4.031550492159076e-06,
    "(3.5, 100000)": 2.531950212432163e-06
}