{
    "(1.1, 1000)": 0.00024472349336809943,
    "(1.3, 1000)": 0.00014822882688159838,
    "(1.7, 1000)": 8.041143665076543e-05,
    "(1.1, 2000)": 0.00023801111704419435,
    "(1.3, 2000)": 0.00013321298175596476,
    "(1.7, 2000)": 6.591528081191582e-05,
    "(1.1, 5000)": 0.00022620920108395963,
    "(1.3, 5000)": 0.00011419380940096143,
    "(1.7, 5000)": 5.016258912403663e-05,
    "(1.1, 10000)": 0.0002160187866680077,
    "(1.3, 10000)": 0.00010052497691111818,
    "(1.7, 10000)": 4.0420847117682725e-05,
    "(1.1, 20000)": 0.00020549733024353888,
    "(1.3, 20000)": 8.794758882107317e-05,
    "(1.7, 20000)": 3.2248778467119035e-05,
    "(1.1, 50000)": 0.00019140084570810412,
    "(1.3, 50000)": 7.316702851063899e-05,
    "(1.7, 50000)": 2.370159833310945e-05,
    "(1.1, 100000)": 0.00018090257872845447,
    "(1.3, 100000)": 6.338598374789978e-05,
    "(1.7, 100000)": 1.8671821459450888e-05
}