{
    "(1.1, 1000)": 1.622124028667696e-06,
    "(1.3, 1000)": 1.370554830224241e-06,
    "(1.7, 1000)": 1.1376167319339224e-06,
    "(1.1, 2000)": 2.313184700064536e-06,
    "(1.3, 2000)": 1.886730386471704e-06,
    "(1.7, 2000)": 1.499775813945032e-06,
    "(1.1, 5000)": 2.913042843795558e-06,
    "(1.3, 5000)": 2.199537416758976e-06,
    "(1.7, 5000)": 1.5745716268056354e-06,
    "(1.1, 10000)": 3.1191327085638728e-06,
    "(1.3, 10000)": 2.203231265447439e-06,
    "(1.7, 10000)": 1.4479277206796316e-06,
    "(1.1, 20000)": 3.2010472917791264e-06,
    "(1.3, 20000)": 2.1118600653665873e-06,
    "(1.7, 20000)": 1.2794152752839411e-06,
    "(1.1, 50000)": 3.184152821758149e-06,
    "(1.3, 50000)": 1.9113444126432207e-06,
    "(1.7, 50000)": 1.0382363076399524e-06,
    "(1.1, 100000)": 3.1115283407495946e-06,
    "(1.3, 100000)": 1.7335648835391197e-06,
    "(1.7, 100000)": 8.656370250143049e-07
}