{
    "(1.1, 1000)": 1.5827851833254843e-06,
    "(1.3, 1000)": 1.354994682239395e-06,
    "(1.7, 1000)": 1.1376167319339232e-06,
    "(1.1, 2000)": 2.275029797177143e-06,
    "(1.3, 2000)": 1.8728688470241547e-06,
    "(1.7, 2000)": 1.4997758139450318e-06,
    "(1.1, 5000)": 2.877928002595501e-06,
    "(1.3, 5000)": 2.187507526759055e-06,
    "(1.7, 5000)": 1.5753828575343287e-06,
    "(1.1, 10000)": 3.0863756870898416e-06,
    "(1.3, 10000)": 2.1928988089675743e-06,
    "(1.7, 10000)": 1.4479277206796318e-06,
    "(1.1, 20000)": 3.170404938943024e-06,
    "(1.3, 20000)": 2.103222203055139e-06,
    "(1.7, 20000)": 1.2794152752839413e-06,
    "(1.1, 50000)": 3.1558523302414326e-06,
    "(1.3, 50000)": 1.904367567423862e-06,
    "(1.7, 50000)": 1.0382363076399518e-06,
    "(1.1, 100000)": 3.084980787395677e-06,
    "(1.3, 100000)": 1.727604749844004e-06,
    "(1.7, 100000)": 8.656370250143043e-07,
    "(1.1, 200000)": 2.982721099454523e-06,
    "(1.3, 200000)": 1.5462914360391069e-06,
    "(1.7, 200000)": 7.109595636229358e-07
}