{
    "(1.1, 1000)": 1.5304801891170392e-06,
    "(1.3, 1000)": 1.3134048509788059e-06,
    "(1.7, 1000)": 1.11673215289588e-06,
    "(1.1, 2000)": 2.2236746048594972e-06,
    "(1.3, 2000)": 1.8470276091041475e-06,
    "(1.7, 2000)": 1.4856432205437334e-06,
    "(1.1, 5000)": 2.8302380973772584e-06,
    "(1.3, 5000)": 2.1650967689537874e-06,
    "(1.7, 5000)": 1.5651249567843726e-06,
    "(1.1, 10000)": 3.0395820328668083e-06,
    "(1.3, 10000)": 2.173235914834695e-06,
    "(1.7, 10000)": 1.4424735172099434e-06,
    "(1.1, 20000)": 3.1267456565883343e-06,
    "(1.3, 20000)": 2.08606399457025e-06,
    "(1.7, 20000)": 1.27477856414894e-06,
    "(1.1, 50000)": 3.115921109802841e-06,
    "(1.3, 50000)": 1.8908227408094322e-06,
    "(1.7, 50000)": 1.0349447099207535e-06,
    "(1.1, 100000)": 3.0473436347116463e-06,
    "(1.3, 100000)": 1.7160489372410005e-06,
    "(1.7, 100000)": 8.632773663604607e-07
}