{
    "(1.1, 100)": 9.602232180254092e-06,
    "(1.3, 100)": 9.602232180254092e-06,
    "(1.7, 100)": 9.602232180254092e-06,
    "(1.1, 1000)": 1.9610404136462468e-05,
    "(1.3, 1000)": 1.5991805414935056e-05,
    "(1.7, 1000)": 1.2259312526251549e-05,
    "(1.1, 2000)": 2.124589273437113e-05,
    "(1.3, 2000)": 1.5809256656684076e-05,
    "(1.7, 2000)": 1.0554499577029641e-05,
    "(1.1, 5000)": 2.0562009938706502e-05,
    "(1.3, 5000)": 1.4212244738213101e-05,
    "(1.7, 5000)": 8.755241730982143e-06,
    "(1.1, 10000)": 1.963396783136921e-05,
    "(1.3, 10000)": 1.2847522767246095e-05,
    "(1.7, 10000)": 7.468809409002827e-06,
    "(1.1, 20000)": 1.8505685426772313e-05,
    "(1.3, 20000)": 1.1447720667890819e-05,
    "(1.7, 20000)": 6.142227834303166e-06,
    "(1.1, 50000)": 1.6929442633334106e-05,
    "(1.3, 50000)": 9.537175810075925e-06,
    "(1.7, 50000)": 4.646056459579371e-06,
    "(1.1, 100000)": 1.562137646042085e-05,
    "(1.3, 100000)": 8.260652092545918e-06,
    "(1.7, 100000)": 3.7073337704758576e-06
}