{
    "(1.1, 1000)": 1.6068036466990441e-06,
    "(1.3, 1000)": 1.3705548302242409e-06,
    "(1.7, 1000)": 1.1472797921083944e-06,
    "(1.1, 2000)": 2.28866301300507e-06,
    "(1.3, 2000)": 1.8836190748500933e-06,
    "(1.7, 2000)": 1.5061088965714418e-06,
    "(1.1, 5000)": 2.8704031472782712e-06,
    "(1.3, 5000)": 2.191479094804582e-06,
    "(1.7, 5000)": 1.5783628726018427e-06,
    "(1.1, 10000)": 3.0586641176366657e-06,
    "(1.3, 10000)": 2.1910971649025114e-06,
    "(1.7, 10000)": 1.4499227494879483e-06,
    "(1.1, 20000)": 3.116229507697577e-06,
    "(1.3, 20000)": 2.095501426506914e-06,
    "(1.7, 20000)": 1.280380644674935e-06,
    "(1.1, 50000)": 3.0561172789275147e-06,
    "(1.3, 50000)": 1.887724709055575e-06,
    "(1.7, 50000)": 1.0378786240751877e-06,
    "(1.1, 100000)": 2.9400336455277487e-06,
    "(1.3, 100000)": 1.7035606218782688e-06,
    "(1.7, 100000)": 8.647249906688244e-07
}