{
    "(1.1, 1000)": 1.530480189117039e-06,
    "(1.3, 1000)": 1.3134048509788059e-06,
    "(1.7, 1000)": 1.1167321528958805e-06,
    "(1.1, 2000)": 2.2236746048594955e-06,
    "(1.3, 2000)": 1.8470276091041486e-06,
    "(1.7, 2000)": 1.4856432205437328e-06,
    "(1.1, 5000)": 2.830238097377261e-06,
    "(1.3, 5000)": 2.1650967689537874e-06,
    "(1.7, 5000)": 1.5651249567843728e-06,
    "(1.1, 10000)": 3.0395820328668075e-06,
    "(1.3, 10000)": 2.1732359148346958e-06,
    "(1.7, 10000)": 1.442473517209943e-06,
    "(1.1, 20000)": 3.126745656588334e-06,
    "(1.3, 20000)": 2.0860639945702495e-06,
    "(1.7, 20000)": 1.2747785641489406e-06,
    "(1.1, 50000)": 3.1159211098028406e-06,
    "(1.3, 50000)": 1.890822740809434e-06,
    "(1.7, 50000)": 1.0349447099207529e-06,
    "(1.1, 100000)": 3.0473436347116463e-06,
    "(1.3, 100000)": 1.7160489372410013e-06,
    "(1.7, 100000)": 8.632773663604609e-07,
    "(1.1, 200000)": 2.947455725341991e-06,
    "(1.3, 200000)": 1.5364388453971306e-06,
    "(1.7, 200000)": 7.091517381249602e-07,
    "(1.1, 500000)": 2.787468550259944e-06,
    "(1.3, 500000)": 1.3074894518937963e-06,
    "(1.7, 500000)": 5.371472561265539e-07
}