{
    "(2.2, 1000)": 1.0180709827910003e-06,
    "(2.8, 1000)": 9.80199021869064e-07,
    "(3.5, 1000)": 9.486316331155236e-07,
    "(2.2, 2000)": 1.3046358629982557e-06,
    "(2.8, 2000)": 1.2163574776526494e-06,
    "(3.5, 2000)": 1.1817781505414703e-06,
    "(2.2, 5000)": 1.2613314205706518e-06,
    "(2.8, 5000)": 1.1058461133190434e-06,
    "(3.5, 5000)": 1.0271693523692984e-06,
    "(2.2, 10000)": 1.0842813212295652e-06,
    "(2.8, 10000)": 8.924088092510304e-07,
    "(3.5, 10000)": 7.864219368551401e-07,
    "(2.2, 20000)": 9.071180611368377e-07,
    "(2.8, 20000)": 7.180373876846295e-07,
    "(3.5, 20000)": 6.100868062557663e-07,
    "(2.2, 50000)": 6.85097115023643e-07,
    "(2.8, 50000)": 5.181209573575221e-07,
    "(3.5, 50000)": 4.29528955894256e-07,
    "(2.2, 100000)": 5.422704390330593e-07,
    "(2.8, 100000)": 3.966263189464588e-07,
    "(3.5, 100000)": 3.212396722470925e-07,
    "(2.2, 200000)": 4.2291604055572213e-07,
    "(2.8, 200000)": 2.9992427632266926e-07,
    "(3.5, 200000)": 2.383207749180653e-07
}