{
    "(2.2, 1000)": 5.4942509658913654e-05,
    "(2.8, 1000)": 4.0235418585550055e-05,
    "(3.5, 1000)": 3.262091802765241e-05,
    "(2.2, 2000)": 4.267430716021504e-05,
    "(2.8, 2000)": 3.0278528883965872e-05,
    "(3.5, 2000)": 2.4085137309719083e-05,
    "(2.2, 5000)": 3.0099987238635864e-05,
    "(2.8, 5000)": 2.0534158669806972e-05,
    "(3.5, 5000)": 1.5951746953072874e-05,
    "(2.2, 10000)": 2.2895771789025186e-05,
    "(2.8, 10000)": 1.518722135429129e-05,
    "(3.5, 10000)": 1.160967474728145e-05,
    "(2.2, 20000)": 1.7292723282650433e-05,
    "(2.8, 20000)": 1.1169530494876095e-05,
    "(3.5, 20000)": 8.412734536332034e-06,
    "(2.2, 50000)": 1.1810580324457919e-05,
    "(2.8, 50000)": 7.3871891983907255e-06,
    "(3.5, 50000)": 5.465380297222422e-06,
    "(2.2, 100000)": 8.775270045456438e-06,
    "(2.8, 100000)": 5.3781195115726785e-06,
    "(3.5, 100000)": 3.930234410906337e-06
}