{
    "(1.1, 1000)": 1.6068036466990445e-06,
    "(1.3, 1000)": 1.3705548302242404e-06,
    "(1.7, 1000)": 1.1472797921083948e-06,
    "(1.1, 2000)": 2.2886630130050705e-06,
    "(1.3, 2000)": 1.8836190748500926e-06,
    "(1.7, 2000)": 1.5061088965714389e-06,
    "(1.1, 5000)": 2.8704031472782687e-06,
    "(1.3, 5000)": 2.191479094804582e-06,
    "(1.7, 5000)": 1.5783628726018434e-06,
    "(1.1, 10000)": 3.0586641176366653e-06,
    "(1.3, 10000)": 2.191097164902512e-06,
    "(1.7, 10000)": 1.4499227494879472e-06,
    "(1.1, 20000)": 3.1162295076975747e-06,
    "(1.3, 20000)": 2.0955014265069145e-06,
    "(1.7, 20000)": 1.280380644674935e-06,
    "(1.1, 50000)": 3.0561172789275126e-06,
    "(1.3, 50000)": 1.8877247090555733e-06,
    "(1.7, 50000)": 1.0378786240751884e-06,
    "(1.1, 100000)": 2.9400336455277496e-06,
    "(1.3, 100000)": 1.703560621878268e-06,
    "(1.7, 100000)": 8.647249906688251e-07,
    "(1.1, 200000)": 2.780344761347558e-06,
    "(1.3, 200000)": 1.513738471834943e-06,
    "(1.7, 200000)": 7.094430126221723e-07
}