{
    "(1.1, 1000)": 1.3498655617572431e-06,
    "(1.3, 1000)": 1.2486746604015495e-06,
    "(1.7, 1000)": 1.0804238142270087e-06,
    "(1.1, 2000)": 1.9979465560129603e-06,
    "(1.3, 2000)": 1.7237352412916505e-06,
    "(1.7, 2000)": 1.379594741701597e-06,
    "(1.1, 5000)": 2.4619687071520123e-06,
    "(1.3, 5000)": 1.919900454634988e-06,
    "(1.7, 5000)": 1.4421526537491437e-06,
    "(1.1, 10000)": 2.52302287489237e-06,
    "(1.3, 10000)": 1.8785122014214076e-06,
    "(1.7, 10000)": 1.3079923038648123e-06,
    "(1.1, 20000)": 2.4294269972588837e-06,
    "(1.3, 20000)": 1.753741636715915e-06,
    "(1.7, 20000)": 1.1207536510187347e-06,
    "(1.1, 50000)": 2.1668587242821904e-06,
    "(1.3, 50000)": 1.4556577679580928e-06,
    "(1.7, 50000)": 8.742115453377192e-07,
    "(1.1, 100000)": 1.8875317970785508e-06,
    "(1.3, 100000)": 1.2128689690568815e-06,
    "(1.7, 100000)": 7.039129244080097e-07,
    "(1.1, 200000)": 1.6194299343777475e-06,
    "(1.3, 200000)": 1.0004355290819032e-06,
    "(1.7, 200000)": 5.474239225019805e-07
}