{
    "(1.1, 100)": 3.825144828779535e-06,
    "(1.3, 100)": 1.739425930252781e-06,
    "(1.7, 100)": 7.65077332093635e-08,
    "(1.1, 1000)": 2.7469160763458214e-05,
    "(1.3, 1000)": 1.821358380956382e-05,
    "(1.7, 1000)": 1.0552074443225012e-05,
    "(1.1, 2000)": 2.9401011379239302e-05,
    "(1.3, 2000)": 1.84253174253715e-05,
    "(1.7, 2000)": 1.0015056524653485e-05,
    "(1.1, 5000)": 3.021764270574963e-05,
    "(1.3, 5000)": 1.741832757308048e-05,
    "(1.7, 5000)": 8.626425303490759e-06,
    "(1.1, 10000)": 2.9986436888437754e-05,
    "(1.3, 10000)": 1.614229167445265e-05,
    "(1.7, 10000)": 7.416070621017362e-06,
    "(1.1, 20000)": 2.9296574636885827e-05,
    "(1.3, 20000)": 1.4674488404116865e-05,
    "(1.7, 20000)": 6.233395952190037e-06,
    "(1.1, 50000)": 2.7956400563979397e-05,
    "(1.3, 50000)": 1.2669716189202963e-05,
    "(1.7, 50000)": 4.8305558974680505e-06,
    "(1.1, 100000)": 2.6759570251800976e-05,
    "(1.3, 100000)": 1.1207579635789022e-05,
    "(1.7, 100000)": 3.925729450898774e-06
}