{
    "(1.1, 1000)": 9.291455769524658e-05,
    "(1.3, 1000)": 6.47601898452313e-05,
    "(1.7, 1000)": 4.3801404805436834e-05,
    "(1.1, 2000)": 9.386792367114837e-05,
    "(1.3, 2000)": 6.63144932778849e-05,
    "(1.7, 2000)": 3.967939296023442e-05,
    "(1.1, 5000)": 9.342346247192712e-05,
    "(1.3, 5000)": 5.885496458602102e-05,
    "(1.7, 5000)": 3.230171983037139e-05,
    "(1.1, 10000)": 9.064077846470776e-05,
    "(1.3, 10000)": 5.3090961187360215e-05,
    "(1.7, 10000)": 2.7798817138946718e-05,
    "(1.1, 20000)": 8.793998448940928e-05,
    "(1.3, 20000)": 4.744246526336778e-05,
    "(1.7, 20000)": 2.2505207559261064e-05,
    "(1.1, 50000)": 8.331820563415256e-05,
    "(1.3, 50000)": 4.055520774535634e-05,
    "(1.7, 50000)": 1.7020283378089477e-05,
    "(1.1, 100000)": 7.937984985998241e-05,
    "(1.3, 100000)": 3.558765491081235e-05,
    "(1.7, 100000)": 1.3685894019137648e-05
}