{"(1.1, 1000)": 1.629590169704662e-06, "(1.3, 1000)": 1.378341891522928e-06, "(1.7, 1000)": 1.1488813048863688e-06, "(1.1, 2000)": 2.3194574065494765e-06, "(1.3, 2000)": 1.8934804642336517e-06, "(1.7, 2000)": 1.5077557069605854e-06, "(1.1, 5000)": 2.9177400498293367e-06, "(1.3, 5000)": 2.2048749209933993e-06, "(1.7, 5000)": 1.580123829975193e-06, "(1.1, 10000)": 3.1225817395523806e-06, "(1.3, 10000)": 2.207796355883372e-06, "(1.7, 10000)": 1.451803439480518e-06, "(1.1, 20000)": 3.20320688467268e-06, "(1.3, 20000)": 2.115732552143203e-06, "(1.7, 20000)": 1.2823976251104245e-06, "(1.1, 50000)": 3.184539225585556e-06, "(1.3, 50000)": 1.914455326251422e-06, "(1.7, 50000)": 1.0401941268198937e-06, "(1.1, 100000)": 3.110502192510284e-06, "(1.3, 100000)": 1.7361956558397133e-06, "(1.7, 100000)": 8.671268333944019e-07, "(1.1, 200000)": 3.0051566943626795e-06, "(1.3, 200000)": 1.5536161100109227e-06, "(1.7, 200000)": 7.120804879130115e-07}