{
    "(1.1, 1000)": 1.582785183325485e-06,
    "(1.3, 1000)": 1.3549946822393958e-06,
    "(1.7, 1000)": 1.1376167319339232e-06,
    "(1.1, 2000)": 2.2750297971771423e-06,
    "(1.3, 2000)": 1.8728688470241558e-06,
    "(1.7, 2000)": 1.4997758139450303e-06,
    "(1.1, 5000)": 2.8779280025954995e-06,
    "(1.3, 5000)": 2.1875075267590557e-06,
    "(1.7, 5000)": 1.5753828575343287e-06,
    "(1.1, 10000)": 3.0863756870898403e-06,
    "(1.3, 10000)": 2.192898808967573e-06,
    "(1.7, 10000)": 1.4479277206796318e-06,
    "(1.1, 20000)": 3.1704049389430247e-06,
    "(1.3, 20000)": 2.1032222030551412e-06,
    "(1.7, 20000)": 1.2794152752839416e-06,
    "(1.1, 50000)": 3.1558523302414326e-06,
    "(1.3, 50000)": 1.9043675674238613e-06,
    "(1.7, 50000)": 1.0382363076399526e-06,
    "(1.1, 100000)": 3.0849807873956757e-06,
    "(1.3, 100000)": 1.7276047498440043e-06,
    "(1.7, 100000)": 8.656370250143044e-07,
    "(1.1, 200000)": 2.982721099454524e-06,
    "(1.3, 200000)": 1.5462914360391058e-06,
    "(1.7, 200000)": 7.10959563622936e-07,
    "(1.1, 500000)": 2.8199347417023e-06,
    "(1.3, 500000)": 1.315489740230655e-06,
    "(1.7, 500000)": 5.384032815343092e-07,
    "(1.1, 800000)": 2.729852011280274e-06,
    "(1.3, 800000)": 1.20463458740276e-06,
    "(1.7, 800000)": 4.6390005129101754e-07
}