{
    "(1.1, 1000)": 1.6221240286676956e-06,
    "(1.3, 1000)": 1.370554830224241e-06,
    "(1.7, 1000)": 1.1376167319339232e-06,
    "(1.1, 2000)": 2.3131847000645318e-06,
    "(1.3, 2000)": 1.8867303864717054e-06,
    "(1.7, 2000)": 1.499775813945032e-06,
    "(1.1, 5000)": 2.9130428437955575e-06,
    "(1.3, 5000)": 2.199537416758974e-06,
    "(1.7, 5000)": 1.5745716268056362e-06,
    "(1.1, 10000)": 3.119132708563871e-06,
    "(1.3, 10000)": 2.2032312654474385e-06,
    "(1.7, 10000)": 1.4479277206796329e-06,
    "(1.1, 20000)": 3.2010472917791247e-06,
    "(1.3, 20000)": 2.111860065366589e-06,
    "(1.7, 20000)": 1.279415275283942e-06,
    "(1.1, 50000)": 3.184152821758152e-06,
    "(1.3, 50000)": 1.911344412643221e-06,
    "(1.7, 50000)": 1.038236307639952e-06
}