{
    "(1.1, 1000)": 1.6221240286676964e-06,
    "(1.3, 1000)": 1.37055483022424e-06,
    "(1.7, 1000)": 1.1376167319339232e-06,
    "(1.1, 2000)": 2.313184700064534e-06,
    "(1.3, 2000)": 1.8867303864717059e-06,
    "(1.7, 2000)": 1.4997758139450307e-06,
    "(1.1, 5000)": 2.9130428437955566e-06,
    "(1.3, 5000)": 2.199537416758974e-06,
    "(1.7, 5000)": 1.5745716268056356e-06,
    "(1.1, 10000)": 3.119132708563872e-06,
    "(1.3, 10000)": 2.203231265447439e-06,
    "(1.7, 10000)": 1.4479277206796316e-06,
    "(1.1, 20000)": 3.2010472917791234e-06,
    "(1.3, 20000)": 2.111860065366588e-06,
    "(1.7, 20000)": 1.2794152752839411e-06,
    "(1.1, 50000)": 3.18415282175815e-06,
    "(1.3, 50000)": 1.91134441264322e-06,
    "(1.7, 50000)": 1.0382363076399524e-06
}