{
    "(1.1, 1000)": 1.4424374843392396e-06,
    "(1.3, 1000)": 1.0731220058791383e-06,
    "(1.7, 1000)": 7.423957694805797e-07,
    "(1.1, 2000)": 2.138192080004849e-06,
    "(1.3, 2000)": 1.4846413601137087e-06,
    "(1.7, 2000)": 9.126308427477162e-07,
    "(1.1, 5000)": 2.654960856736096e-06,
    "(1.3, 5000)": 1.6934279701704361e-06,
    "(1.7, 5000)": 9.25212027795341e-07,
    "(1.1, 10000)": 2.8433700341608538e-06,
    "(1.3, 10000)": 1.698083977158684e-06,
    "(1.7, 10000)": 8.540532482519718e-07,
    "(1.1, 20000)": 2.9176009171136334e-06,
    "(1.3, 20000)": 1.6273704494207752e-06,
    "(1.7, 20000)": 7.541193804077095e-07,
    "(1.1, 50000)": 2.9018719686191045e-06,
    "(1.3, 50000)": 1.4727112617064358e-06,
    "(1.7, 50000)": 6.11790938708176e-07,
    "(1.1, 100000)": 2.8355094216666327e-06,
    "(1.3, 100000)": 1.335646745313096e-06,
    "(1.7, 100000)": 5.100289797537302e-07,
    "(1.1, 200000)": 2.7407317374014632e-06,
    "(1.3, 200000)": 1.1952267552821894e-06,
    "(1.7, 200000)": 4.1884742820377395e-07
}