{"(1.1, 1000)": 1.6334471245226976e-06, "(1.1, 2000)": 2.3234395519346264e-06, "(1.1, 5000)": 2.921411050330176e-06, "(1.1, 10000)": 3.1251529066592913e-06, "(1.1, 20000)": 3.203012470502552e-06, "(1.1, 50000)": 3.175056207653238e-06, "(1.1, 100000)": 3.0848997942195245e-06, "(1.1, 200000)": 2.9472984895942364e-06, "(1.1, 500000)": 2.6880808626964855e-06, "(1.3, 1000)": 1.3787823107501208e-06, "(1.3, 2000)": 1.8938657508021805e-06, "(1.3, 5000)": 2.205166910645954e-06, "(1.3, 10000)": 2.2079765391018794e-06, "(1.3, 20000)": 2.1157202912200303e-06, "(1.3, 50000)": 1.9139163566662817e-06, "(1.3, 100000)": 1.7348142690964092e-06, "(1.3, 200000)": 1.5505846984234955e-06, "(1.3, 500000)": 1.3135289802193677e-06, "(1.7, 1000)": 1.148887644606815e-06, "(1.7, 2000)": 1.507759573739122e-06, "(1.7, 5000)": 1.5801257298944075e-06, "(1.7, 10000)": 1.451804327357043e-06, "(1.7, 20000)": 1.2823975767077861e-06, "(1.7, 50000)": 1.0401923818838848e-06, "(1.7, 100000)": 8.671227346060912e-07, "(1.7, 200000)": 7.120719125061831e-07, "(1.7, 500000)": 5.391496084715712e-07}