{
    "(2.2, 1000)": 5.3591568690124643e-05,
    "(2.8, 1000)": 4.016690477819257e-05,
    "(3.5, 1000)": 3.261889650842585e-05,
    "(2.2, 2000)": 4.041982303803848e-05,
    "(2.8, 2000)": 3.0148139409100542e-05,
    "(3.5, 2000)": 2.408113484439163e-05,
    "(2.2, 5000)": 2.654103652419986e-05,
    "(2.8, 5000)": 2.0251521534913908e-05,
    "(3.5, 5000)": 1.594203111450086e-05,
    "(2.2, 10000)": 1.8835285127341075e-05,
    "(2.8, 10000)": 1.4733303762865138e-05,
    "(3.5, 10000)": 1.159115683909149e-05,
    "(2.2, 20000)": 1.3308410252201775e-05,
    "(2.8, 20000)": 1.0547504031589458e-05,
    "(3.5, 20000)": 8.379009488197456e-06,
    "(2.2, 50000)": 8.409820457713296e-06,
    "(2.8, 50000)": 6.68328378924684e-06,
    "(3.5, 50000)": 5.4004232803181716e-06,
    "(2.2, 100000)": 5.944111187030772e-06,
    "(2.8, 100000)": 4.723738116399745e-06,
    "(3.5, 100000)": 3.840874500123422e-06,
    "(2.2, 200000)": 4.2018626825187665e-06,
    "(2.8, 200000)": 3.339105461407665e-06,
    "(3.5, 200000)": 2.718512146400589e-06
}