{
    "(2.2, 1000)": 1.0371019963100774e-06,
    "(2.8, 1000)": 9.84686533749843e-07,
    "(3.5, 1000)": 9.618735901627239e-07,
    "(2.2, 2000)": 1.317277279049714e-06,
    "(2.8, 2000)": 1.225129664240561e-06,
    "(3.5, 2000)": 1.1835258002456253e-06,
    "(2.2, 5000)": 1.268333096767806e-06,
    "(2.8, 5000)": 1.1075044402085721e-06,
    "(3.5, 5000)": 1.027818470835791e-06,
    "(2.2, 10000)": 1.0875338098941465e-06,
    "(2.8, 10000)": 8.937428063304796e-07,
    "(3.5, 10000)": 7.876953000591382e-07,
    "(2.2, 20000)": 9.094521424935543e-07,
    "(2.8, 20000)": 7.192769209564523e-07,
    "(3.5, 20000)": 6.106818004029767e-07,
    "(2.2, 50000)": 6.868038317902622e-07,
    "(2.8, 50000)": 5.1867133794588e-07,
    "(3.5, 50000)": 4.2998264304817304e-07,
    "(2.2, 100000)": 5.43300262120811e-07,
    "(2.8, 100000)": 3.970825086530924e-07,
    "(3.5, 100000)": 3.2138631710360153e-07,
    "(2.2, 200000)": 4.236757562472591e-07,
    "(2.8, 200000)": 3.0015737851409217e-07,
    "(3.5, 200000)": 2.3845882872710024e-07,
    "(2.2, 500000)": 2.9980131143036623e-07,
    "(2.8, 500000)": 2.04295491143358e-07,
    "(3.5, 500000)": 1.5856841257413196e-07
}