{
    "(1.1, 1000)": -0.001292748651529827,
    "(1.3, 1000)": -0.0025827885785396306,
    "(1.7, 1000)": -0.008894634404162029,
    "(1.1, 2000)": -0.000836021893902079,
    "(1.3, 2000)": -0.0012735379181841738,
    "(1.7, 2000)": -0.004813466138154239,
    "(1.1, 5000)": -0.0004177963278734142,
    "(1.3, 5000)": -0.0007923042373942444,
    "(1.7, 5000)": -0.0026746072032940932,
    "(1.1, 10000)": -0.00023463186415512315,
    "(1.3, 10000)": -0.000541013788584557,
    "(1.7, 10000)": -0.0014408332818679711,
    "(1.1, 20000)": -9.57987191828277e-05,
    "(1.3, 20000)": -0.0003625876160275604,
    "(1.7, 20000)": -0.001083208932355488,
    "(1.1, 50000)": 1.7268941244237246e-05,
    "(1.3, 50000)": -0.00020162957554699,
    "(1.7, 50000)": -0.00066818663726174
}