{
    "(1.1, 1000)": 9.233585502279844e-05,
    "(1.3, 1000)": 6.971122352600131e-05,
    "(1.7, 1000)": 4.3222274695354497e-05,
    "(1.1, 2000)": 6.52913092332787e-05,
    "(1.3, 2000)": 4.929327888004671e-05,
    "(1.7, 2000)": 3.056276353539288e-05,
    "(1.1, 5000)": 4.129384971830854e-05,
    "(1.3, 5000)": 3.1175806919764296e-05,
    "(1.7, 5000)": 1.932958887219633e-05,
    "(1.1, 10000)": 2.9199161157114173e-05,
    "(1.3, 10000)": 2.204462448192783e-05,
    "(1.7, 10000)": 1.3668083369078058e-05,
    "(1.1, 20000)": 2.064692485915427e-05,
    "(1.3, 20000)": 1.5587903459882148e-05,
    "(1.7, 20000)": 9.664794436098165e-06,
    "(1.1, 50000)": 1.3058261846655741e-05,
    "(1.3, 50000)": 9.858655776009343e-06,
    "(1.7, 50000)": 6.112552707078577e-06,
    "(1.1, 100000)": 9.233585502279843e-06,
    "(1.3, 100000)": 6.971122352600131e-06,
    "(1.7, 100000)": 4.32222746953545e-06,
    "(1.1, 200000)": 6.529130923327871e-06,
    "(1.3, 200000)": 4.929327888004671e-06,
    "(1.7, 200000)": 3.0562763535392885e-06
}