{
    "(1.5, 10)": 0.3184070970588539,
    "(1.9, 10)": 0.24591794075167828,
    "(2.5, 10)": 0.18607812729123493,
    "(1.5, 100)": 0.0071328115606041475,
    "(1.9, 100)": 0.007472995479690196,
    "(2.5, 100)": 0.007471588736395048,
    "(1.5, 500)": 0.0004994931875908018,
    "(1.9, 500)": 0.0006467777189253065,
    "(2.5, 500)": 0.0007886253060395085,
    "(1.5, 1000)": 0.00015839645394754703,
    "(1.9, 1000)": 0.00022523457877040377,
    "(2.5, 1000)": 0.00029925929233938606,
    "(1.5, 5000)": 1.0950908702111084e-05,
    "(1.9, 5000)": 1.937798913544227e-05,
    "(2.5, 5000)": 3.1478916392178394e-05,
    "(1.5, 10000)": 3.460262692338747e-06,
    "(1.9, 10000)": 6.73298344542107e-06,
    "(2.5, 10000)": 1.1930697474301517e-05,
    "(1.5, 20000)": 1.0926618167491643e-06,
    "(1.9, 20000)": 2.338975752731094e-06,
    "(2.5, 20000)": 4.521714257966211e-06,
    "(1.5, 50000)": 2.3787825436078477e-07,
    "(1.9, 50000)": 5.779571743188978e-07,
    "(2.5, 50000)": 1.2538785146298585e-06,
    "(1.5, 100000)": 7.503670087551973e-08,
    "(1.9, 100000)": 2.0070487432562685e-07,
    "(2.5, 100000)": 4.751606313327634e-07,
    "(1.5, 200000)": 2.366248649496394e-08,
    "(1.9, 200000)": 6.969214358097577e-08,
    "(2.5, 200000)": 1.8006041358775346e-07,
    "(1.5, 500000)": 5.144449521228175e-09,
    "(1.9, 500000)": 1.72141688946897e-08,
    "(2.5, 500000)": 4.992497437901698e-08,
    "(1.5, 1000000)": 1.6215023539105916e-09,
    "(1.9, 1000000)": 5.9767153440204915e-09,
    "(2.5, 1000000)": 1.8918355303047367e-08
}