{
    "(1.1, 1000)": 0.004744676677599294,
    "(1.5, 1000)": 0.004445373076999464,
    "(2.5, 1000)": 0.003393593187940333,
    "(1.1, 5000)": 0.004100480696776004,
    "(1.5, 5000)": 0.0025998511957461513,
    "(2.5, 5000)": 0.0015176610112429608,
    "(1.1, 10000)": 0.003850068074774642,
    "(1.5, 10000)": 0.002063545138985375,
    "(2.5, 10000)": 0.0010731483925923307,
    "(1.1, 20000)": 0.003614947923557717,
    "(1.5, 20000)": 0.0016378369260942605,
    "(2.5, 20000)": 0.0007588305056214804,
    "(1.1, 50000)": 0.003326026314212995,
    "(1.5, 50000)": 0.0012067685650735205,
    "(2.5, 50000)": 0.0004799265511562166,
    "(1.1, 100000)": 0.003122908916088806,
    "(1.5, 100000)": 0.0009578128448399306,
    "(2.5, 100000)": 0.00033935931879403334
}