{
    "(1.4, 1000)": 0.28410700610259576,
    "(1.9, 1000)": 0.20236828671567184,
    "(2.5, 1000)": 0.15395434881956838,
    "(1.4, 5000)": 0.014301934762004309,
    "(1.9, 5000)": 0.014645955524360413,
    "(2.5, 5000)": 0.014220548724176925,
    "(1.4, 10000)": 0.003947654048993982,
    "(1.9, 10000)": 0.004726759519447799,
    "(2.5, 10000)": 0.00509790761817457,
    "(1.4, 20000)": 0.0010896408597765553,
    "(1.9, 20000)": 0.0015254897857315502,
    "(2.5, 20000)": 0.001827542845745323,
    "(1.4, 50000)": 0.00019872473912623537,
    "(1.9, 50000)": 0.00034208872753587686,
    "(2.5, 50000)": 0.0004708866247134535,
    "(1.4, 100000)": 5.4852475144210106e-05,
    "(1.9, 100000)": 0.00011040393688800329,
    "(2.5, 100000)": 0.00016880758668207901
}