{
    "(1.1, 20000)": 0.0007775058686658652,
    "(1.5, 20000)": 0.0007280642364567749,
    "(2.5, 20000)": 0.0005796267441631332
}