{
    "(1.1, 50000)": 0.0004164577617622008,
    "(1.5, 50000)": 0.00037536166636498126,
    "(2.5, 50000)": 0.0002917466629473719
}