{
    "(1.2, 100000)": 5.523496084461686e-05,
    "(1.8, 100000)": 7.128398386383256e-05,
    "(2.5, 100000)": 3.9701888795863925e-05
}