{
    "(1.1, 20000)": 0.0008195088642579846,
    "(1.5, 20000)": 0.0008090470697738018,
    "(2.5, 20000)": 0.000673014068620025
}