{
    "(1.5, 10)": 0.00044648975578462564,
    "(1.9, 10)": 0.005837974914387222,
    "(2.5, 10)": 0.0016097225888884962,
    "(1.5, 100)": 0.00020724448921937387,
    "(1.9, 100)": 0.0019614583049294286,
    "(2.5, 100)": 0.00050903897819105,
    "(1.5, 500)": 0.00012119778865248358,
    "(1.9, 500)": 0.000915141629732005,
    "(2.5, 500)": 0.00022764915168644413,
    "(1.5, 1000)": 9.61950879196438e-05,
    "(1.9, 1000)": 0.0006590149825329609,
    "(2.5, 1000)": 0.0001609722588888496,
    "(1.5, 5000)": 5.6255476929045155e-05,
    "(1.9, 5000)": 0.00030747118539579434,
    "(2.5, 5000)": 7.19889826734325e-05,
    "(1.5, 10000)": 4.4650057660830396e-05,
    "(1.9, 10000)": 0.00022141718646577903,
    "(2.5, 10000)": 5.0903897819105e-05,
    "(1.5, 20000)": 3.5438810010336707e-05,
    "(1.9, 20000)": 0.00015944768146393024,
    "(2.5, 20000)": 3.599449133671625e-05,
    "(1.5, 50000)": 2.6111563862586828e-05,
    "(1.9, 50000)": 0.00010330476228196632,
    "(2.5, 50000)": 2.2764915168644416e-05
}