{
    "(1.2, 100000)": 0.0002510132112997947,
    "(1.8, 100000)": 0.000371266317765102,
    "(2.5, 100000)": 0.00019391718411306577
}