{
    "(1.1, 10)": 2890.600732474176,
    "(1.5, 10)": 649.0212187940263,
    "(2.5, 10)": 112.0342318508287,
    "(5, 10)": 23.072925522249037,
    "(1.1, 100)": 35.67297371170661,
    "(1.5, 100)": 13.985984555498518,
    "(2.5, 100)": 4.4602024708628285,
    "(5, 100)": 1.4558031935808253,
    "(1.1, 500)": 1.6527263442224753,
    "(1.5, 500)": 0.9566864526449637,
    "(2.5, 500)": 0.46859396385465013,
    "(5, 500)": 0.21102730980509166,
    "(1.1, 1000)": 0.4401562132834523,
    "(1.5, 1000)": 0.30134173451889246,
    "(2.5, 1000)": 0.1775639116847428,
    "(5, 1000)": 0.09185497171084428,
    "(1.1, 5000)": 0.02038461223007839,
    "(1.5, 5000)": 0.020611696892618818,
    "(2.5, 5000)": 0.0186550621625304,
    "(5, 5000)": 0.013314923100741994,
    "(1.1, 10000)": 0.0054276124043334695,
    "(1.5, 10000)": 0.006492277697265799,
    "(2.5, 10000)": 0.007068946692257154,
    "(5, 10000)": 0.00579565690279776
}