{
    "(1.4, 10)": 17.123953360155458,
    "(1.9, 10)": 7.9153879416618915,
    "(2.5, 10)": 4.485453092482402,
    "(1.4, 100)": 0.3306117786195483,
    "(1.9, 100)": 0.23558976311236535,
    "(2.5, 100)": 0.1785691039298604,
    "(1.4, 500)": 0.020945176714673427,
    "(1.9, 500)": 0.0201979578471466,
    "(2.5, 500)": 0.01876066865916977,
    "(1.4, 1000)": 0.006383114101228136,
    "(1.9, 1000)": 0.007011979310730696,
    "(2.5, 1000)": 0.007108964071379013,
    "(1.4, 5000)": 0.00040438805114078317,
    "(1.9, 5000)": 0.0006011622095636339,
    "(2.5, 5000)": 0.0007468756717593753,
    "(1.4, 10000)": 0.0001232386389844381,
    "(1.9, 10000)": 0.0002087011473018229,
    "(2.5, 10000)": 0.00028301295720231694,
    "(1.4, 20000)": 3.7557395911901495e-05,
    "(1.9, 20000)": 7.245327166641653e-05,
    "(2.5, 20000)": 0.0001072418569421625,
    "(1.4, 50000)": 7.807510919250334e-06,
    "(1.9, 50000)": 1.7892700090889907e-05,
    "(2.5, 50000)": 2.9733656043936754e-05,
    "(1.4, 100000)": 2.3793656039791734e-06,
    "(1.9, 100000)": 6.211679606418909e-06,
    "(2.5, 100000)": 1.126694876217924e-05,
    "(1.4, 200000)": 7.251197898987726e-07,
    "(1.9, 200000)": 2.1564639957524443e-06,
    "(2.5, 200000)": 4.269375223214724e-06,
    "(1.4, 500000)": 1.507394360002779e-07,
    "(1.9, 500000)": 5.325496371019702e-07,
    "(2.5, 500000)": 1.1837181677862555e-06
}