{
    "(1.2, 100000)": 0.0002921095042698265,
    "(1.8, 100000)": 0.000302928246502409,
    "(2.5, 100000)": 0.00010731483925923307
}