{
    "(1.1, 50000)": 0.00020051941922529334,
    "(1.5, 50000)": 0.00015366021094555542,
    "(2.5, 50000)": 0.0001077342650689655
}