{
    "(1.1, 50000)": 0.0002170538076099551,
    "(1.5, 50000)": 0.00017881491866250844,
    "(2.5, 50000)": 0.00013327485938466815
}