{
    "(1.1, 10)": 0.013853772471708747,
    "(1.5, 10)": 0.04160928623172093,
    "(2.5, 10)": 0.07198898267343251,
    "(1.1, 100)": 0.011287656385026648,
    "(1.5, 100)": 0.019326281339753955,
    "(2.5, 100)": 0.02276491516864441,
    "(1.1, 500)": 0.009777515885486603,
    "(1.5, 500)": 0.011304926872476532,
    "(2.5, 500)": 0.010180779563821,
    "(1.1, 1000)": 0.00919002576731606,
    "(1.5, 1000)": 0.008973389006280896,
    "(2.5, 1000)": 0.0071988982673432496,
    "(1.1, 5000)": 0.007944420195892523,
    "(1.5, 5000)": 0.005248285666475313,
    "(2.5, 5000)": 0.003219445177776992,
    "(1.1, 10000)": 0.007459261689208616,
    "(1.5, 10000)": 0.004165709420568227,
    "(2.5, 10000)": 0.0022764915168644413,
    "(1.1, 20000)": 0.007003731370712625,
    "(1.5, 20000)": 0.003306325975345312,
    "(2.5, 20000)": 0.001609722588888496,
    "(1.1, 50000)": 0.006443964153636668,
    "(1.5, 50000)": 0.0024361218075890055,
    "(2.5, 50000)": 0.0010180779563820999
}