{
    "(1.5, 10)": 0.045156393740077044,
    "(1.9, 10)": 0.2219719364360226,
    "(2.5, 10)": 0.050903897819104996,
    "(1.5, 100)": 0.021123936509111978,
    "(1.9, 100)": 0.07465395435099044,
    "(2.5, 100)": 0.016097225888884962,
    "(1.5, 500)": 0.012411624191954743,
    "(1.9, 500)": 0.03484673765402047,
    "(2.5, 500)": 0.0071988982673432496,
    "(1.5, 1000)": 0.009864425434080561,
    "(1.9, 1000)": 0.02509774453369883,
    "(2.5, 1000)": 0.005090389781910499,
    "(1.5, 5000)": 0.00578112999408556,
    "(1.9, 5000)": 0.01171164695638499,
    "(2.5, 5000)": 0.0022764915168644413,
    "(1.5, 10000)": 0.004591393524877902,
    "(1.9, 10000)": 0.008434176274436773,
    "(2.5, 10000)": 0.0016097225888884962,
    "(1.5, 20000)": 0.0036460268010118846,
    "(1.9, 20000)": 0.006073841253978627,
    "(2.5, 20000)": 0.0011382457584322206,
    "(1.5, 50000)": 0.002687779591053207,
    "(1.9, 50000)": 0.0039353000331004,
    "(2.5, 50000)": 0.000719889826734325,
    "(1.5, 100000)": 0.002133916638017871,
    "(1.9, 100000)": 0.002833942270314306,
    "(2.5, 100000)": 0.0005090389781910499,
    "(1.5, 200000)": 0.0016940833698124564,
    "(1.9, 200000)": 0.002040809057932765,
    "(2.5, 200000)": 0.0003599449133671625,
    "(1.5, 500000)": 0.001248505573325469,
    "(1.9, 500000)": 0.00132223483566653,
    "(2.5, 500000)": 0.00022764915168644413,
    "(1.5, 1000000)": 0.0009910743128880757,
    "(1.9, 1000000)": 0.0009521767144564975,
    "(2.5, 1000000)": 0.00016097225888884962
}