{
    "(1.1, 1000)": 0.004680209308504325,
    "(1.5, 1000)": 0.005614827601069268,
    "(2.5, 1000)": 0.006224483282069464,
    "(1.1, 5000)": 0.00021703459033490881,
    "(1.5, 5000)": 0.00038418160812342796,
    "(2.5, 5000)": 0.0006539538577493201,
    "(1.1, 10000)": 5.7787689134111816e-05,
    "(1.5, 10000)": 0.00012102180278572259,
    "(2.5, 10000)": 0.00024780238937044207,
    "(1.1, 20000)": 1.5386565847903084e-05,
    "(1.5, 20000)": 3.811948658056448e-05,
    "(2.5, 20000)": 9.389960157405178e-05,
    "(1.1, 50000)": 2.6757038704053683e-06,
    "(1.5, 50000)": 8.277776472786993e-06,
    "(2.5, 50000)": 2.6034422163256703e-05,
    "(1.1, 100000)": 7.124336412888144e-07,
    "(1.5, 100000)": 2.607336206097217e-06,
    "(2.5, 100000)": 9.865203440482498e-06
}