{
    "(1.1, 50000)": 0.005099058270613488,
    "(1.5, 50000)": 0.0018177814349976365,
    "(2.5, 50000)": 0.000719889826734325
}