{
    "(1.1, 10)": 11.873713048252288,
    "(1.5, 10)": 5.328978821416327,
    "(2.5, 10)": 1.9750746137842878,
    "(1.1, 100)": 0.14840170246194023,
    "(1.5, 100)": 0.11511116792466074,
    "(2.5, 100)": 0.07863681330349816,
    "(1.1, 500)": 0.006928031102115872,
    "(1.5, 500)": 0.007881261039734758,
    "(2.5, 500)": 0.008261847049217357,
    "(1.1, 1000)": 0.001850570367551018,
    "(1.5, 1000)": 0.002483158926030753,
    "(2.5, 1000)": 0.0031306698788251424,
    "(1.1, 5000)": 8.585968146062178e-05,
    "(1.5, 5000)": 0.00016992368353786514,
    "(2.5, 5000)": 0.0003289134745531926,
    "(1.1, 10000)": 2.2861022170447197e-05,
    "(1.5, 10000)": 5.3529760684776645e-05,
    "(2.5, 10000)": 0.00012463504425069453,
    "(1.1, 20000)": 6.086981989531056e-06,
    "(1.5, 20000)": 1.6860822402465943e-05,
    "(2.5, 20000)": 4.7227886938323764e-05,
    "(1.1, 50000)": 1.0585182833826197e-06,
    "(1.5, 50000)": 3.6613850687625307e-06,
    "(2.5, 50000)": 1.3094314732163261e-05
}