{
    "(1.1, 20000)": 0.0003775663463808615,
    "(1.5, 20000)": 0.0003022885200603007,
    "(2.5, 20000)": 0.00021820148300144665
}