{
    "(1.1, 10)": 36.87249966632773,
    "(1.5, 10)": 14.167309051733632,
    "(2.5, 10)": 4.485466562280649,
    "(5, 10)": 1.4612581691410462,
    "(1.1, 20)": 9.817681803750085,
    "(1.5, 20)": 4.462422723661344,
    "(2.5, 20)": 1.6996739942443062,
    "(5, 20)": 0.6360495611334004,
    "(1.1, 50)": 1.707282148620739,
    "(1.5, 50)": 0.9690303083039826,
    "(2.5, 50)": 0.4712481056621404,
    "(5, 50)": 0.21181804087526657,
    "(1.1, 100)": 0.45458140988710805,
    "(1.5, 100)": 0.30522542085457666,
    "(2.5, 100)": 0.17856964017218718,
    "(5, 100)": 0.09219915740012237,
    "(1.1, 200)": 0.12103697000632993,
    "(1.5, 200)": 0.0961399831744257,
    "(2.5, 200)": 0.06766524047119622,
    "(5, 200)": 0.040132014205052274,
    "(1.1, 500)": 0.02104817230234723,
    "(1.5, 500)": 0.02087712511902392,
    "(2.5, 500)": 0.018760724997385028,
    "(5, 500)": 0.01336481485836552,
    "(1.1, 1000)": 0.0056042920899029855,
    "(1.5, 1000)": 0.006575882349686812,
    "(2.5, 1000)": 0.007108985419570557,
    "(5, 1000)": 0.005817373551649257,
    "(1.1, 2000)": 0.00149220033824251,
    "(1.5, 2000)": 0.0020712731485006434,
    "(2.5, 2000)": 0.002693801742880992,
    "(5, 2000)": 0.002532158911146118
}