{
    "(1.2, 100000)": 5.676425567363422e-05,
    "(1.8, 100000)": 7.55669438902375e-05,
    "(2.5, 100000)": 4.231631866236444e-05
}