{
    "(1.1, 20000)": 0.0003708341363623482,
    "(1.5, 20000)": 0.0002900273037708651,
    "(2.5, 20000)": 0.00020547575845055553
}