{
    "(1.2, 100000)": 0.0002398333963989813,
    "(1.8, 100000)": 0.00033736388936045705,
    "(2.5, 100000)": 0.00017441596504084655
}