{
    "(1.1, 1000)": 0.006856301933887839,
    "(1.5, 1000)": 0.00803626000540685,
    "(2.5, 1000)": 0.00756376357687287,
    "(1.1, 5000)": 0.0022873486926979184,
    "(1.5, 5000)": 0.0025390665263743677,
    "(2.5, 5000)": 0.0023105076776392774,
    "(1.1, 10000)": 0.0014279997816587493,
    "(1.5, 10000)": 0.001546699226740584,
    "(2.5, 10000)": 0.0013864232737704923,
    "(1.1, 20000)": 0.0008920110211745215,
    "(1.5, 20000)": 0.0009423565404052407,
    "(2.5, 20000)": 0.0008319251706691722,
    "(1.1, 50000)": 0.0004791314162051857,
    "(1.5, 50000)": 0.0004895878281155981,
    "(2.5, 50000)": 0.00042351160053430447,
    "(1.1, 100000)": 0.00029948678837013974,
    "(1.5, 100000)": 0.0002983608562892054,
    "(2.5, 100000)": 0.000254128711787047
}