{
    "(1.1, 1000)": 0.003345389030676463,
    "(1.5, 1000)": 0.0032553242145762916,
    "(2.5, 1000)": 0.0027285158908901294,
    "(1.1, 5000)": 0.0010989653415558948,
    "(1.5, 5000)": 0.0010208507997724792,
    "(2.5, 5000)": 0.0008290384880746593,
    "(1.1, 10000)": 0.0006838815014460722,
    "(1.5, 10000)": 0.0006208320304564887,
    "(2.5, 10000)": 0.000496816241958245,
    "(1.1, 20000)": 0.00042631469503879037,
    "(1.5, 20000)": 0.0003778242194281336,
    "(2.5, 20000)": 0.000297835110114008,
    "(1.1, 50000)": 0.00022861739680379444,
    "(1.5, 50000)": 0.00019610623122981598,
    "(2.5, 50000)": 0.00015149112298389845,
    "(1.1, 100000)": 0.00014279632098241658,
    "(1.5, 100000)": 0.00011945547737515701,
    "(2.5, 100000)": 9.086262069081916e-05
}