{
    "(1.2, 100000)": 6.24081931654135e-05,
    "(1.8, 100000)": 9.035927518529365e-05,
    "(2.5, 100000)": 5.137561561907737e-05
}