{
    "(1.1, 20000)": 0.0009798197962025347,
    "(1.5, 20000)": 0.0011154708963631236,
    "(2.5, 20000)": 0.0010527836274271357
}