{
    "(1.1, 20000)": 0.0008917631908565882,
    "(1.5, 20000)": 0.0009423334338474744,
    "(2.5, 20000)": 0.0008319251706691722
}