{
    "(1.1, 50000)": 0.0002054822712963743,
    "(1.5, 50000)": 0.00016153425965408853,
    "(2.5, 50000)": 0.00011566009203558304
}