{
    "(1.5, 10)": 0.009630042143895142,
    "(1.9, 10)": 0.06591749352928167,
    "(2.5, 10)": 0.016097225888884962,
    "(1.5, 100)": 0.004473218318576203,
    "(1.9, 100)": 0.022149222423420795,
    "(2.5, 100)": 0.0050903897819105,
    "(1.5, 500)": 0.0026171157547608083,
    "(1.9, 500)": 0.010334426966884863,
    "(2.5, 500)": 0.0022764915168644413,
    "(1.5, 1000)": 0.0020774686836786647,
    "(1.9, 1000)": 0.007442167489575821,
    "(2.5, 1000)": 0.001609722588888496,
    "(1.5, 5000)": 0.001215153632807418,
    "(1.9, 5000)": 0.003472285088369413,
    "(2.5, 5000)": 0.000719889826734325,
    "(1.5, 10000)": 0.0009645247680416636,
    "(1.9, 10000)": 0.002500482941464687,
    "(2.5, 10000)": 0.0005090389781910499
}