{
    "(1.2, 100000)": 7.108607185293977e-05,
    "(1.8, 100000)": 0.00016508123342388826,
    "(2.5, 100000)": 0.00024628027218811496
}