{
    "(1.1, 10)": 941.844606073977,
    "(1.5, 10)": 243.79166918598122,
    "(2.5, 10)": 49.213966697213024,
    "(1.1, 100)": 11.627165791537806,
    "(1.5, 100)": 5.253698436660049,
    "(2.5, 100)": 1.9592623206895323,
    "(1.1, 500)": 0.5387984112287413,
    "(1.5, 500)": 0.3593829895846492,
    "(2.5, 500)": 0.20584271438247922,
    "(1.1, 1000)": 0.14350548046773942,
    "(1.5, 1000)": 0.11320178374413468,
    "(2.5, 1000)": 0.07799984089067935,
    "(1.1, 5000)": 0.006645952136246411,
    "(1.5, 5000)": 0.007743244751095968,
    "(2.5, 5000)": 0.008194754529829793,
    "(1.1, 10000)": 0.0017695530258884313,
    "(1.5, 10000)": 0.0024390015039022256,
    "(2.5, 10000)": 0.003105231655700262,
    "(1.1, 20000)": 0.00047116167062849934,
    "(1.5, 20000)": 0.0007682373533918965,
    "(2.5, 20000)": 0.0011766628565155607,
    "(1.1, 50000)": 8.193440421659422e-05,
    "(1.5, 50000)": 0.0001668253604618569,
    "(2.5, 50000)": 0.0003262391368070819
}