{
    "(1.1, 10)": 0.529431948516256,
    "(1.5, 10)": 0.34125481516263273,
    "(2.5, 10)": 0.18916485449829978,
    "(5, 10)": 0.09577550622230975,
    "(1.1, 100)": 0.007253271341158305,
    "(1.5, 100)": 0.007455360372246909,
    "(2.5, 100)": 0.00753153290122193,
    "(5, 100)": 0.006043025910462942,
    "(1.1, 500)": 0.0003582350429773051,
    "(1.5, 500)": 0.0005124931631991026,
    "(2.5, 500)": 0.0007912869992212891,
    "(5, 500)": 0.0008759724574597376,
    "(1.1, 1000)": 9.787568249040586e-05,
    "(1.5, 1000)": 0.0001616616713917655,
    "(2.5, 1000)": 0.0002998429689807229,
    "(5, 1000)": 0.00038128915814152325,
    "(1.1, 5000)": 4.691752807844652e-06,
    "(1.5, 5000)": 1.108338050965189e-05,
    "(2.5, 5000)": 3.1501995007016717e-05,
    "(5, 5000)": 5.5270125561008874e-05,
    "(1.1, 10000)": 1.249227380462468e-06,
    "(1.5, 10000)": 3.4930754511137867e-06,
    "(2.5, 10000)": 1.193703651310637e-05,
    "(5, 10000)": 2.405771947033894e-05,
    "(1.1, 20000)": 3.326196225614943e-07,
    "(1.5, 20000)": 1.1002498224323224e-06,
    "(2.5, 20000)": 4.523294171512294e-06,
    "(5, 20000)": 1.0471730618273301e-05,
    "(1.1, 50000)": 5.784212151419436e-08,
    "(1.5, 50000)": 2.3892300005325715e-07,
    "(2.5, 50000)": 1.254119931300544e-06,
    "(5, 50000)": 3.487309165319443e-06,
    "(1.1, 100000)": 1.540105902824907e-08,
    "(1.5, 100000)": 7.525602926778316e-08,
    "(2.5, 100000)": 4.752227153003174e-07,
    "(5, 100000)": 1.517939479128756e-06,
    "(1.1, 200000)": 4.100690171493889e-09,
    "(1.5, 200000)": 2.3704163851496173e-08,
    "(2.5, 200000)": 1.80075763029277e-07,
    "(5, 200000)": 6.607215343025972e-07,
    "(1.1, 500000)": 7.131047091118628e-10,
    "(1.5, 500000)": 5.147439995612269e-09,
    "(2.5, 500000)": 4.992743460838859e-08,
    "(5, 500000)": 2.2003433303327266e-07,
    "(1.1, 1000000)": 1.8987145406931656e-10,
    "(1.5, 1000000)": 1.6213420008856684e-09,
    "(2.5, 1000000)": 1.8918959939824794e-08,
    "(5, 1000000)": 9.577550628330584e-08
}