{
    "(1.2, 100000)": 0.00032077382934720257,
    "(1.8, 100000)": 0.0005880274925406908,
    "(2.5, 100000)": 0.0003215944852508193
}