{
    "(1.1, 50000)": 0.00025102991661540505,
    "(1.5, 50000)": 0.00023208367801330377,
    "(2.5, 50000)": 0.00019165381523015093
}