{
    "(1.1, 10)": 0.05567241212987389,
    "(1.5, 10)": 0.09157321388966844,
    "(2.5, 10)": 0.10180779563820999,
    "(5, 10)": 0.029721553188188338,
    "(1.1, 100)": 0.046376795560691075,
    "(1.5, 100)": 0.04262323683276593,
    "(2.5, 100)": 0.032194451777769924,
    "(5, 100)": 0.009398780367251426,
    "(1.1, 500)": 0.04071845932360584,
    "(1.5, 500)": 0.02495113547408944,
    "(2.5, 500)": 0.014397796534686499,
    "(5, 500)": 0.004203262361352925,
    "(1.1, 1000)": 0.038479158911189776,
    "(1.5, 1000)": 0.019809527277768593,
    "(2.5, 1000)": 0.010180779563820998,
    "(5, 1000)": 0.0029721553188188335,
    "(1.1, 5000)": 0.03353043760502414,
    "(1.5, 5000)": 0.011590099055701634,
    "(2.5, 5000)": 0.0045529830337288826,
    "(5, 5000)": 0.0013291882665132943,
    "(1.1, 10000)": 0.031482764315370844,
    "(1.5, 10000)": 0.00920013695384238,
    "(2.5, 10000)": 0.0032194451777769924,
    "(5, 10000)": 0.0009398780367251425,
    "(1.1, 20000)": 0.029560140568779023,
    "(1.5, 20000)": 0.0073021535393904494,
    "(2.5, 20000)": 0.0022764915168644413,
    "(5, 20000)": 0.0006645941332566472,
    "(1.1, 50000)": 0.027197571711304998,
    "(1.5, 50000)": 0.00538027272940456,
    "(2.5, 50000)": 0.00143977965346865,
    "(5, 50000)": 0.0004203262361352925,
    "(1.1, 100000)": 0.025536640774682665,
    "(1.5, 100000)": 0.004270325295266308,
    "(2.5, 100000)": 0.0010180779563820999,
    "(5, 100000)": 0.00029721553188188335,
    "(1.1, 200000)": 0.023977141377813652,
    "(1.5, 200000)": 0.0033893594329760745,
    "(2.5, 200000)": 0.000719889826734325,
    "(5, 200000)": 0.00021016311806764626,
    "(1.1, 500000)": 0.02206078893765291,
    "(1.5, 500000)": 0.0024973013822595556,
    "(2.5, 500000)": 0.00045529830337288826,
    "(5, 500000)": 0.00013291882665132944,
    "(1.1, 1000000)": 0.020713556647146143,
    "(1.5, 1000000)": 0.0019821094206402285,
    "(2.5, 1000000)": 0.00032194451777769925,
    "(5, 1000000)": 9.398780367251425e-05
}