{
    "(1.2, 100000)": 4.659707074396663e-09,
    "(1.8, 100000)": 5.181062786383844e-08,
    "(2.5, 100000)": 1.9916719175113172e-07
}