{
    "(1.5, 10)": 0.20724218647724166,
    "(1.9, 10)": 0.7439185400566038,
    "(2.5, 10)": 0.1609722588888496,
    "(1.5, 100)": 0.11011384267809123,
    "(1.9, 100)": 0.25785112316625347,
    "(2.5, 100)": 0.050903897819104996,
    "(1.5, 500)": 0.06870885295506327,
    "(1.9, 500)": 0.1217222289222652,
    "(2.5, 500)": 0.02276491516864441,
    "(1.5, 1000)": 0.05857028032551652,
    "(1.9, 1000)": 0.08820099000097939,
    "(2.5, 1000)": 0.01609722588888496,
    "(1.5, 5000)": 0.03855475703383894,
    "(1.9, 5000)": 0.041563012237077465,
    "(2.5, 5000)": 0.0071988982673432496,
    "(1.5, 10000)": 0.031947503357904,
    "(1.9, 10000)": 0.03003801864554357,
    "(2.5, 10000)": 0.0050903897819105,
    "(1.5, 20000)": 0.026369866514103165,
    "(1.9, 20000)": 0.021679004654298346,
    "(2.5, 20000)": 0.0035994491336716248,
    "(1.5, 50000)": 0.020276757648952475,
    "(1.9, 50000)": 0.014074661010666392,
    "(2.5, 50000)": 0.0022764915168644413
}