{
    "(1.1, 1000)": 0.0075319453894950915,
    "(1.5, 1000)": 0.009510435959829672,
    "(2.5, 1000)": 0.009571782097969574,
    "(1.1, 5000)": 0.002513087711856117,
    "(1.5, 5000)": 0.0030053718445930003,
    "(2.5, 5000)": 0.0029238983743053886,
    "(1.1, 10000)": 0.0015689721628815486,
    "(1.5, 10000)": 0.0018308260599252696,
    "(2.5, 10000)": 0.0017544891953869457,
    "(1.1, 20000)": 0.000980087415200161,
    "(1.5, 20000)": 0.0011154963598125705,
    "(2.5, 20000)": 0.0010527836274271357,
    "(1.1, 50000)": 0.0005264475827641997,
    "(1.5, 50000)": 0.0005795531938279663,
    "(2.5, 50000)": 0.0005359449320536095
}