{
    "(1.2, 100000)": 7.569209359390625e-05,
    "(1.8, 100000)": 0.0001287451511383464,
    "(2.5, 100000)": 7.544067020178582e-05
}