{
    "(1.4, 10)": 874.7127619710169,
    "(1.9, 10)": 263.83699653986275,
    "(2.5, 10)": 112.03525419212083,
    "(1.4, 100)": 16.88805942962637,
    "(1.9, 100)": 7.852716250070977,
    "(2.5, 100)": 4.460203804866707,
    "(1.4, 500)": 1.0699055871463028,
    "(1.9, 500)": 0.6732416116437439,
    "(2.5, 500)": 0.4685939722715953,
    "(1.4, 1000)": 0.3260573798602498,
    "(1.9, 1000)": 0.23372443331620443,
    "(2.5, 1000)": 0.1775639116847428,
    "(1.4, 5000)": 0.020656642872228664,
    "(1.9, 5000)": 0.0200380364138205,
    "(2.5, 5000)": 0.018655062043946877,
    "(1.4, 10000)": 0.0062951824278180725,
    "(1.9, 10000)": 0.006956460540451482,
    "(2.5, 10000)": 0.007068946647322404,
    "(1.4, 20000)": 0.0019184783338045777,
    "(1.9, 20000)": 0.00241502421951293,
    "(2.5, 20000)": 0.002678629885281176,
    "(1.4, 50000)": 0.0003988173347976425,
    "(1.9, 50000)": 0.0005964023856773551,
    "(2.5, 50000)": 0.0007426713966815634,
    "(1.4, 100000)": 0.00012154094416294096,
    "(1.9, 100000)": 0.00020704871358224154,
    "(2.5, 100000)": 0.00028141983485591534
}