{
    "(1.1, 50000)": 0.00045497237510624543,
    "(1.5, 50000)": 0.0004463713242904722,
    "(2.5, 50000)": 0.00037250758008300746
}