{
    "(1.2, 100000)": 5.597823855467885e-05,
    "(1.8, 100000)": 7.344278763091999e-05,
    "(2.5, 100000)": 4.102117566327776e-05
}