{
    "(1.1, 20000)": 0.0004259529619364874,
    "(1.5, 20000)": 0.0003777879210055995,
    "(2.5, 20000)": 0.0002978351020739524
}