{
    "(1.5, 10)": 0.009637256721626665,
    "(1.9, 10)": 0.06592387009096119,
    "(2.5, 10)": 0.016097225888884962,
    "(1.5, 100)": 0.004475770599572189,
    "(1.9, 100)": 0.022150505936460726,
    "(2.5, 100)": 0.0050903897819105,
    "(1.5, 500)": 0.002617969140238567,
    "(1.9, 500)": 0.01033474072852323,
    "(2.5, 500)": 0.0022764915168644413,
    "(1.5, 1000)": 0.002078005619663916,
    "(1.9, 1000)": 0.00744231600760294,
    "(2.5, 1000)": 0.001609722588888496,
    "(1.5, 5000)": 0.0012153388213292828,
    "(1.9, 5000)": 0.0034723181704893157,
    "(2.5, 5000)": 0.000719889826734325,
    "(1.5, 10000)": 0.0009646411569173301,
    "(1.9, 10000)": 0.0025005005156406327,
    "(2.5, 10000)": 0.0005090389781910499,
    "(1.5, 20000)": 0.0007656525819343719,
    "(1.9, 20000)": 0.0018006703658114153,
    "(2.5, 20000)": 0.0003599449133671625
}