{
    "(1.1, 10)": 2893.5448803515255,
    "(1.5, 10)": 649.171897398827,
    "(2.5, 10)": 112.0352206834584,
    "(1.1, 100)": 35.7000140537337,
    "(1.5, 100)": 13.986814348143483,
    "(2.5, 100)": 4.460203500671969,
    "(1.1, 500)": 1.6531050966865606,
    "(1.5, 500)": 0.9567003727544235,
    "(2.5, 500)": 0.4685939629460812,
    "(1.1, 1000)": 0.4401562132834523,
    "(1.5, 1000)": 0.30134173451889246,
    "(2.5, 1000)": 0.1775639099402289,
    "(1.1, 5000)": 0.02038025228405087,
    "(1.5, 5000)": 0.02061148471028565,
    "(2.5, 5000)": 0.018655062043946877,
    "(1.1, 10000)": 0.0054264515239167066,
    "(1.5, 10000)": 0.006492210864018804,
    "(2.5, 10000)": 0.007068946647322404,
    "(1.1, 20000)": 0.0014448484607063488,
    "(1.5, 20000)": 0.0020449182819833687,
    "(2.5, 20000)": 0.002678629885281176,
    "(1.1, 50000)": 0.00025125727577398835,
    "(1.5, 50000)": 0.0004440609767290118,
    "(2.5, 50000)": 0.0007426713966815634,
    "(1.1, 100000)": 6.689983068001143e-05,
    "(1.5, 100000)": 0.00013987044300443985,
    "(2.5, 100000)": 0.00028141983485591534,
    "(1.1, 200000)": 1.78127671376971e-05,
    "(1.5, 200000)": 4.405642884985373e-05,
    "(2.5, 200000)": 0.0001066381764589328
}