{
    "(1.1, 20000)": 0.00039164055973680846,
    "(1.5, 20000)": 0.00032450562892504724,
    "(2.5, 20000)": 0.00024108724355613578
}