{
    "(1.5, 10)": 4.489309746112995,
    "(2, 10)": 2.5077678281484514,
    "(2.5, 10)": 1.7050247603802096,
    "(1.5, 100)": 0.09671924651324068,
    "(2, 100)": 0.07930258179842824,
    "(2.5, 100)": 0.067878258307862,
    "(1.5, 500)": 0.006615503404733424,
    "(2, 500)": 0.007093038547700921,
    "(2.5, 500)": 0.0071313653104040226,
    "(1.5, 1000)": 0.002083752998818711,
    "(2, 1000)": 0.002507767828148451,
    "(2.5, 1000)": 0.0027022821357042363,
    "(1.5, 5000)": 0.0001425267002718173,
    "(2, 5000)": 0.0002243015734210779,
    "(2.5, 5000)": 0.0002839047665908309,
    "(1.5, 10000)": 4.489309746112999e-05,
    "(2, 10000)": 7.930258179842822e-05,
    "(2.5, 10000)": 0.00010757978950824755,
    "(1.5, 20000)": 1.4140439621564943e-05,
    "(2, 20000)": 2.8037696677634737e-05,
    "(2.5, 20000)": 4.076511729483808e-05,
    "(1.5, 50000)": 3.0706446732138e-06,
    "(2, 50000)": 7.093038547700922e-06,
    "(2.5, 50000)": 1.1302452333412676e-05
}