{
    "(1.1, 20000)": 0.0003739783344364323,
    "(1.5, 20000)": 0.0002961695481750942,
    "(2.5, 20000)": 0.0002118995704837034
}