{
    "(1.5, 10)": 648.9042139458927,
    "(1.9, 10)": 263.7892462371284,
    "(2.5, 10)": 112.02664042741961,
    "(1.5, 100)": 13.984182202122355,
    "(1.9, 100)": 7.852232308955476,
    "(2.5, 100)": 4.4601203854384845,
    "(1.5, 500)": 0.9565994431048602,
    "(1.9, 500)": 0.6732224309137272,
    "(2.5, 500)": 0.4685906799817384,
    "(1.5, 1000)": 0.3013187354720995,
    "(1.9, 1000)": 0.23371963196092332,
    "(2.5, 1000)": 0.17756300835933891,
    "(1.5, 5000)": 0.020610869163472465,
    "(1.9, 5000)": 0.02003785850958913,
    "(2.5, 5000)": 0.0186550277620409,
    "(1.5, 10000)": 0.006492104129615784,
    "(1.9, 10000)": 0.006956418273862259,
    "(2.5, 10000)": 0.007068937854987101
}