{
    "(1.1, 20000)": 0.00038316197025571065,
    "(1.5, 20000)": 0.0003112992085913842,
    "(2.5, 20000)": 0.00022745716800996832
}