{
    "(1.1, 50000)": 1.3220712574330325e-06,
    "(1.5, 50000)": 4.451099655471852e-06,
    "(2.5, 50000)": 1.543498889799833e-05
}