{
    "(1.2, 100000)": 0.0002462719121623628,
    "(1.8, 100000)": 0.00035747229583020957,
    "(2.5, 100000)": 0.00018598732167870275
}