{
    "(1.4, 10)": 0.002795969930824061,
    "(1.9, 10)": 0.03923075414917882,
    "(2.5, 10)": 0.010180779563820998,
    "(1.4, 100)": 0.0014481655460595068,
    "(1.9, 100)": 0.013180820517511438,
    "(2.5, 100)": 0.003219445177776992,
    "(1.4, 500)": 0.0009143500547939834,
    "(1.9, 500)": 0.006149664053855449,
    "(2.5, 500)": 0.0014397796534686498,
    "(1.4, 1000)": 0.0007500736777150258,
    "(1.9, 1000)": 0.004428516180295939,
    "(2.5, 1000)": 0.0010180779563820996,
    "(1.4, 5000)": 0.0004735852956759109,
    "(1.9, 5000)": 0.0020661753742645594,
    "(2.5, 5000)": 0.0004552983033728882,
    "(1.4, 10000)": 0.0003884987621282809,
    "(1.9, 10000)": 0.0014879009643661905,
    "(2.5, 10000)": 0.0003219445177776992,
    "(1.4, 20000)": 0.00031869927033902995,
    "(1.9, 20000)": 0.001071472106064493,
    "(2.5, 20000)": 0.0002276491516864441,
    "(1.4, 50000)": 0.00024529230474096075,
    "(1.9, 50000)": 0.0006941973805123303,
    "(2.5, 50000)": 0.000143977965346865,
    "(1.4, 100000)": 0.00020122195013561004,
    "(1.9, 100000)": 0.00049990768682568,
    "(2.5, 100000)": 0.00010180779563820998
}