{
    "(1.1, 50000)": 0.0002285100947782817,
    "(1.5, 50000)": 0.00019609507864949214,
    "(2.5, 50000)": 0.00015149110397035432
}