{
    "(1.1, 10)": 0.0016955197601777588,
    "(1.5, 10)": 0.00893134737235458,
    "(2.5, 10)": 0.02276491516864441,
    "(1.1, 100)": 0.0013758954498403505,
    "(1.5, 100)": 0.004145839353318007,
    "(2.5, 100)": 0.007198898267343249,
    "(1.1, 500)": 0.0011889324670642228,
    "(1.5, 500)": 0.0024245619430584087,
    "(2.5, 500)": 0.003219445177776992,
    "(1.1, 1000)": 0.00111643972127891,
    "(1.5, 1000)": 0.0019243901250011748,
    "(2.5, 1000)": 0.002276491516864441,
    "(1.1, 5000)": 0.0009645410253001685,
    "(1.5, 5000)": 0.0011254032151183184,
    "(2.5, 5000)": 0.0010180779563820996,
    "(1.1, 10000)": 0.0009056373832556633,
    "(1.5, 10000)": 0.0008932361368810676,
    "(2.5, 10000)": 0.0007198898267343249,
    "(1.1, 20000)": 0.0008503309329895246,
    "(1.5, 20000)": 0.0007089619962672511,
    "(2.5, 20000)": 0.0005090389781910498,
    "(1.1, 50000)": 0.0007823689631824621,
    "(1.5, 50000)": 0.0005223676651175042,
    "(2.5, 50000)": 0.0003219445177776992
}