{
    "(1.2, 100000)": 5.5490937319373104e-05,
    "(1.8, 100000)": 7.206237459271283e-05,
    "(2.5, 100000)": 4.01784368435193e-05
}