{
    "(1.1, 1000)": 0.003665100355648405,
    "(1.5, 1000)": 0.0038453502895124956,
    "(2.5, 1000)": 0.0034465396447092875,
    "(1.1, 5000)": 0.0012062296382507793,
    "(1.5, 5000)": 0.0012074244422614925,
    "(2.5, 5000)": 0.0010482340600303861,
    "(1.1, 10000)": 0.0007509206815213465,
    "(1.5, 10000)": 0.0007345045326756639,
    "(2.5, 10000)": 0.000628323735182663,
    "(1.1, 20000)": 0.00046822005207621925,
    "(1.5, 20000)": 0.00044708921671956484,
    "(2.5, 20000)": 0.00037673715255974395,
    "(1.1, 50000)": 0.0002511383503132322,
    "(1.5, 50000)": 0.00023209520584822752,
    "(2.5, 50000)": 0.00019165383487676764
}