{
    "(1.2, 100000)": 5.9719169960987784e-05,
    "(1.8, 100000)": 8.329056862395276e-05,
    "(2.5, 100000)": 4.7033684232128335e-05
}