{
    "(1.1, 10)": 0.0008070295269396436,
    "(1.5, 10)": 0.004145955546423293,
    "(2.5, 10)": 0.010180779563820998,
    "(1.1, 100)": 0.000654734058558685,
    "(1.5, 100)": 0.0019244049311844466,
    "(2.5, 100)": 0.003219445177776992,
    "(1.1, 500)": 0.0005656265059050162,
    "(1.5, 500)": 0.0011254025312905569,
    "(2.5, 500)": 0.0014397796534686498,
    "(1.1, 1000)": 0.0005310842102837958,
    "(1.5, 1000)": 0.0008932325810291524,
    "(2.5, 1000)": 0.0010180779563820996,
    "(1.1, 5000)": 0.00045879709765140356,
    "(1.5, 5000)": 0.0005223655822557806,
    "(2.5, 5000)": 0.0004552983033728882,
    "(1.1, 10000)": 0.00043077877670678015,
    "(1.5, 10000)": 0.00041460183739240353,
    "(2.5, 10000)": 0.0003219445177776992,
    "(1.1, 20000)": 0.00040447150910703295,
    "(1.5, 20000)": 0.0003290696964123249,
    "(2.5, 20000)": 0.0002276491516864441,
    "(1.1, 50000)": 0.0003721444709818801,
    "(1.5, 50000)": 0.00024246062536620685,
    "(2.5, 50000)": 0.000143977965346865,
    "(1.1, 100000)": 0.00034941794703673563,
    "(1.5, 100000)": 0.00019244112588359216,
    "(2.5, 100000)": 0.00010180779563820998,
    "(1.1, 200000)": 0.00032807931121274606,
    "(1.5, 200000)": 0.00015274062283477944,
    "(2.5, 200000)": 7.19889826734325e-05
}