{
    "(1.1, 50000)": 0.0004790577893271644,
    "(1.5, 50000)": 0.000489580722859614,
    "(2.5, 50000)": 0.00042351160053430447
}