{
    "(1.4, 1000)": 0.0008053044223874004,
    "(1.9, 1000)": 0.004678609799623148,
    "(2.5, 1000)": 0.0010731483925923305,
    "(1.4, 5000)": 0.0005084571613648238,
    "(1.9, 5000)": 0.0021828594409986327,
    "(2.5, 5000)": 0.00047992655115621657,
    "(1.4, 10000)": 0.0004171053864828457,
    "(1.9, 10000)": 0.001571927875916036,
    "(2.5, 10000)": 0.00033935931879403323,
    "(1.4, 20000)": 0.00034216629571310865,
    "(1.9, 20000)": 0.0011319818402743633,
    "(2.5, 20000)": 0.00023996327557810829,
    "(1.4, 50000)": 0.0002633540992762883,
    "(1.9, 50000)": 0.0007334011066254401,
    "(2.5, 50000)": 0.00015176610112429604,
    "(1.4, 100000)": 0.00021603867878588478,
    "(1.9, 100000)": 0.0005281392022221922,
    "(2.5, 100000)": 0.00010731483925923307
}