{
    "(1.5, 10)": 0.17859590231385036,
    "(1.9, 10)": 0.8856652076614953,
    "(2.5, 10)": 0.20361559127641998,
    "(5, 10)": 0.059443106376376675,
    "(1.5, 100)": 0.08383896518006544,
    "(1.9, 100)": 0.298314148431828,
    "(2.5, 100)": 0.06438890355553985,
    "(5, 100)": 0.018797560734502852,
    "(1.5, 500)": 0.04923020613420368,
    "(1.9, 500)": 0.13927786285763974,
    "(2.5, 500)": 0.028795593069372998,
    "(5, 500)": 0.00840652472270585,
    "(1.5, 1000)": 0.03921945112905579,
    "(1.9, 1000)": 0.10032948838874096,
    "(2.5, 1000)": 0.020361559127641995,
    "(5, 1000)": 0.005944310637637667,
    "(1.5, 5000)": 0.02304386250255015,
    "(1.9, 5000)": 0.046831482554924656,
    "(2.5, 5000)": 0.009105966067457765,
    "(5, 5000)": 0.0026583765330265886,
    "(1.5, 10000)": 0.01831464277793369,
    "(1.9, 10000)": 0.03372954441152007,
    "(2.5, 10000)": 0.006438890355553985,
    "(5, 10000)": 0.001879756073450285,
    "(1.5, 20000)": 0.014552192924716505,
    "(1.9, 20000)": 0.024291610901657185,
    "(2.5, 20000)": 0.0045529830337288826,
    "(5, 20000)": 0.0013291882665132943,
    "(1.5, 50000)": 0.010733451370484579,
    "(1.9, 50000)": 0.015739602242624835,
    "(2.5, 50000)": 0.0028795593069373,
    "(5, 50000)": 0.000840652472270585
}