{
    "(1.1, 20000)": 0.0007752612519021825,
    "(1.5, 20000)": 0.0007225206695718447,
    "(2.5, 20000)": 0.0005730926663129131
}