{
    "(1.2, 100000)": 0.00025804252430970594,
    "(1.8, 100000)": 0.0003915121146248664,
    "(2.5, 100000)": 0.00020558603622413988
}