{
    "(1.2, 100000)": 0.00024116939849961594,
    "(1.8, 100000)": 0.00034194047361495595,
    "(2.5, 100000)": 0.00017705895073833906
}