{
    "(1.4, 10)": 2342673.135013805,
    "(1.9, 10)": 297567.0636917114,
    "(2.5, 10)": 70645.6596267654,
    "(1.4, 100)": 45229.93701286956,
    "(1.9, 100)": 8856.64159000824,
    "(2.5, 100)": 2812.454366589701,
    "(1.4, 500)": 2865.442445770402,
    "(1.9, 500)": 759.3117423228254,
    "(2.5, 500)": 295.47958369858543,
    "(1.4, 1000)": 873.2533666827967,
    "(1.9, 1000)": 263.60477964432926,
    "(2.5, 1000)": 111.96582501938545,
    "(1.4, 5000)": 55.3230322229458,
    "(1.9, 5000)": 22.599785989101292,
    "(2.5, 5000)": 11.763254102256916,
    "(1.4, 10000)": 16.859882917941274,
    "(1.9, 10000)": 7.845804659153054,
    "(2.5, 10000)": 4.4574397797155525,
    "(1.4, 20000)": 5.138106871314801,
    "(1.9, 20000)": 2.7237714011660703,
    "(2.5, 20000)": 1.6890538295843305,
    "(1.4, 50000)": 1.0681205266777631,
    "(1.9, 50000)": 0.6726490560922094,
    "(2.5, 50000)": 0.4683035807151321,
    "(1.4, 100000)": 0.32551337658906715,
    "(1.9, 100000)": 0.23351872008027916,
    "(2.5, 100000)": 0.17745387386151631
}