{
    "(1.2, 100000)": 6.682421331209219e-05,
    "(1.8, 100000)": 0.00010239093990657949,
    "(2.5, 100000)": 5.883047116980663e-05
}