{
    "(1.4, 10)": 874.5938344678935,
    "(1.9, 10)": 263.8349395827603,
    "(2.5, 10)": 112.0352206834584,
    "(1.4, 100)": 16.885763299024546,
    "(1.9, 100)": 7.852655027798606,
    "(2.5, 100)": 4.4602024708628285,
    "(1.4, 500)": 1.0697601208794447,
    "(1.9, 500)": 0.6732363628381068,
    "(2.5, 500)": 0.4685938321196642,
    "(1.4, 1000)": 0.3260130485188682,
    "(1.9, 1000)": 0.2337226111262181,
    "(2.5, 1000)": 0.17756385857709184,
    "(1.4, 5000)": 0.020653834358318145,
    "(1.9, 5000)": 0.020037880190918247,
    "(2.5, 5000)": 0.018655056464398006,
    "(1.4, 10000)": 0.006294326523616836,
    "(1.9, 10000)": 0.0069564063056735525,
    "(2.5, 10000)": 0.007068944533068737,
    "(1.4, 20000)": 0.0019182174940775777,
    "(1.9, 20000)": 0.002415005391216345,
    "(2.5, 20000)": 0.00267862908412885,
    "(1.4, 50000)": 0.0003987631108833566,
    "(1.9, 50000)": 0.0005963977359347519,
    "(2.5, 50000)": 0.0007426711745557219,
    "(1.4, 100000)": 0.00012152441923996624,
    "(1.9, 100000)": 0.0002070470993646468,
    "(2.5, 100000)": 0.0002814197506859608,
    "(1.4, 200000)": 3.703498159319697e-05,
    "(1.9, 200000)": 7.187904777694178e-05,
    "(2.5, 200000)": 0.0001066381445644842,
    "(1.4, 500000)": 7.698910325449161e-06,
    "(1.9, 500000)": 1.7750892611350534e-05,
    "(2.5, 500000)": 2.9566271995402097e-05
}