{
    "(1.2, 100000)": 0.0002401377841120161,
    "(1.8, 100000)": 0.00033848078976292514,
    "(2.5, 100000)": 0.00017506298181548864
}