{
    "(1.2, 100000)": 5.5159799435198126e-05,
    "(1.8, 100000)": 7.103300728774916e-05,
    "(2.5, 100000)": 3.954762295771719e-05
}