{
    "(1.1, 20000)": 0.0004678546032307257,
    "(1.5, 20000)": 0.0004470517065291433,
    "(2.5, 20000)": 0.00037673714425420985
}