{
    "(1.4, 10)": 0.0027958843970052384,
    "(1.9, 10)": 0.0392307393820056,
    "(2.5, 10)": 0.010180779563820998,
    "(1.4, 100)": 0.0014481212440346258,
    "(1.9, 100)": 0.013180815556009575,
    "(2.5, 100)": 0.003219445177776992,
    "(1.4, 500)": 0.0009143220831584286,
    "(1.9, 500)": 0.006149661739009448,
    "(2.5, 500)": 0.0014397796534686498,
    "(1.4, 1000)": 0.0007500507315934147,
    "(1.9, 1000)": 0.004428514513321471,
    "(2.5, 1000)": 0.0010180779563820996,
    "(1.4, 5000)": 0.0004735708078381015,
    "(1.9, 5000)": 0.0020661745965183673,
    "(2.5, 5000)": 0.0004552983033728882,
    "(1.4, 10000)": 0.00038848687724269375,
    "(1.9, 10000)": 0.0014879004042930603,
    "(2.5, 10000)": 0.0003219445177776992,
    "(1.4, 20000)": 0.0003186895207471807,
    "(1.9, 20000)": 0.0010714717027427998,
    "(2.5, 20000)": 0.0002276491516864441,
    "(1.4, 50000)": 0.0002452848008020517,
    "(1.9, 50000)": 0.0006941971192037425,
    "(2.5, 50000)": 0.000143977965346865,
    "(1.4, 100000)": 0.00020121579438921362,
    "(1.9, 100000)": 0.0004999074986512856,
    "(2.5, 100000)": 0.00010180779563820998,
    "(1.4, 200000)": 0.00016506443032463525,
    "(1.9, 200000)": 0.00035999502201108805,
    "(2.5, 200000)": 7.19889826734325e-05,
    "(1.4, 500000)": 0.00012704464149544984,
    "(1.9, 500000)": 0.00023323761753862567,
    "(2.5, 500000)": 4.552983033728882e-05
}