{
    "(1.1, 50000)": 0.000417664241611853,
    "(1.5, 50000)": 0.0003782423596327015,
    "(2.5, 50000)": 0.00029507299308609893
}