{
    "(1.1, 10)": 2885.672660942734,
    "(1.5, 10)": 648.3019251321616,
    "(2.5, 10)": 111.9651244290198,
    "(5, 10)": 23.063356058701736,
    "(1.1, 100)": 35.59857151541867,
    "(1.5, 100)": 13.975004599949685,
    "(2.5, 100)": 4.459492846623463,
    "(5, 100)": 1.4557816826208627,
    "(1.1, 500)": 1.649328041510767,
    "(1.5, 500)": 0.9560647129044308,
    "(2.5, 500)": 0.4685192782078493,
    "(5, 500)": 0.21102419166361974,
    "(1.1, 1000)": 0.43929842552129766,
    "(1.5, 1000)": 0.30119465535355355,
    "(2.5, 1000)": 0.17755025978770644,
    "(5, 1000)": 0.0918536144609367,
    "(1.1, 5000)": 0.02035446703878946,
    "(1.5, 5000)": 0.020605973265856947,
    "(2.5, 5000)": 0.018654458577828624,
    "(5, 5000)": 0.013314892850800054,
    "(1.1, 10000)": 0.005421021831060956,
    "(1.5, 10000)": 0.006490882395657775,
    "(2.5, 10000)": 0.007068814436438495,
    "(5, 10000)": 0.005795643735745762,
    "(1.1, 20000)": 0.0014437748407740373,
    "(1.5, 20000)": 0.002044603062938827,
    "(2.5, 20000)": 0.0026785963413356387,
    "(5, 20000)": 0.002522700459408563,
    "(1.1, 50000)": 0.00025114973420651844,
    "(1.5, 50000)": 0.0004440141293355724,
    "(2.5, 50000)": 0.0007426661787537817,
    "(5, 50000)": 0.0008401143268974998
}