{
    "(1.1, 50000)": 0.00019880672195389323,
    "(1.5, 50000)": 0.0001504578862900709,
    "(2.5, 50000)": 0.00010445872193824251
}