{
    "(1.1, 10)": 0.5883352008896767,
    "(1.5, 10)": 0.3460471745438045,
    "(1.9, 10)": 0.2557065318151349,
    "(2.5, 10)": 0.18918355303047343,
    "(5, 10)": 0.0957755062735884,
    "(30, 10)": 0.016947174704297966,
    "(1.1, 100)": 0.007253271341158305,
    "(1.5, 100)": 0.007455360372246909,
    "(1.9, 100)": 0.007610725046025216,
    "(2.5, 100)": 0.00753153290122193,
    "(5, 100)": 0.006043025910462942,
    "(30, 100)": 0.001569509588252089,
    "(1.1, 500)": 0.00033584326508708575,
    "(1.5, 500)": 0.0005099394764139537,
    "(1.9, 500)": 0.0006524948352383305,
    "(2.5, 500)": 0.0007912712229936471,
    "(5, 500)": 0.0008759724573961865,
    "(30, 500)": 0.0002975054792690848,
    "(1.1, 1000)": 8.9421719232356e-05,
    "(1.5, 1000)": 0.00016062087012657763,
    "(1.9, 1000)": 0.00022652192462596738,
    "(2.5, 1000)": 0.00029983572532360357,
    "(5, 1000)": 0.00038128915810907004,
    "(30, 1000)": 0.00014535522236579706,
    "(1.1, 5000)": 4.1404327432619094e-06,
    "(1.5, 5000)": 1.0986312978029177e-05,
    "(1.9, 5000)": 1.9420539435185957e-05,
    "(2.5, 5000)": 3.150107477264062e-05,
    "(5, 5000)": 5.52701255556487e-05,
    "(30, 5000)": 2.7552539607203186e-05,
    "(1.1, 10000)": 1.1024327499091397e-06,
    "(1.5, 10000)": 3.4604717454380482e-06,
    "(1.9, 10000)": 6.742088569215993e-06,
    "(2.5, 10000)": 1.193667522394354e-05,
    "(5, 10000)": 2.4057719467958744e-05,
    "(30, 10000)": 1.346161936642899e-05,
    "(1.1, 20000)": 2.9353404424938097e-07,
    "(1.5, 20000)": 1.0899802986609627e-06,
    "(1.9, 20000)": 2.34060224881275e-06,
    "(2.5, 20000)": 4.52315409649636e-06,
    "(5, 20000)": 1.0471730617225806e-05,
    "(30, 20000)": 6.5770777775867925e-06,
    "(1.1, 50000)": 5.1045190074096145e-08,
    "(1.5, 50000)": 2.3669293795413563e-07,
    "(1.9, 50000)": 5.780235054517358e-07,
    "(2.5, 50000)": 1.254080374713011e-06,
    "(5, 50000)": 3.4873091649678968e-06,
    "(30, 50000)": 2.551692293774122e-06
}