{
    "(1.2, 100000)": 0.00024312585919077274,
    "(1.8, 100000)": 0.0003480659501511434,
    "(2.5, 100000)": 0.00018058274427278719
}