{
    "(1.1, 50000)": 0.0001993689158366775,
    "(1.5, 50000)": 0.00015160341350646655,
    "(2.5, 50000)": 0.00010564233520951979
}