{
    "(1.4, 10)": 0.00010418325033930159,
    "(1.9, 10)": 0.0034751744890707333,
    "(2.5, 10)": 0.0010180779563820999,
    "(1.4, 100)": 5.396145071324191e-05,
    "(1.9, 100)": 0.001167595479640675,
    "(2.5, 100)": 0.0003219445177776992,
    "(1.4, 500)": 3.407045247739112e-05,
    "(1.9, 500)": 0.0005447551570140057,
    "(2.5, 500)": 0.000143977965346865,
    "(1.4, 1000)": 2.794919676238195e-05,
    "(1.9, 1000)": 0.00039229086434790233,
    "(2.5, 1000)": 0.00010180779563820998,
    "(1.4, 5000)": 1.764670459165976e-05,
    "(1.9, 5000)": 0.00018302783380830495,
    "(2.5, 5000)": 4.552983033728882e-05,
    "(1.4, 10000)": 1.447621569356083e-05,
    "(1.9, 10000)": 0.0001318026019578153,
    "(2.5, 10000)": 3.219445177776992e-05,
    "(1.4, 20000)": 1.1875351554620578e-05,
    "(1.9, 20000)": 9.491412055417137e-05,
    "(2.5, 20000)": 2.276491516864441e-05,
    "(1.4, 50000)": 9.14006596043749e-06,
    "(1.9, 50000)": 6.14940262928052e-05,
    "(2.5, 50000)": 1.4397796534686499e-05,
    "(1.4, 100000)": 7.497919263588781e-06,
    "(1.9, 100000)": 4.428327922376505e-05,
    "(2.5, 100000)": 1.0180779563820998e-05
}