{
    "(1.1, 1000)": 0.12936454256400842,
    "(1.5, 1000)": 0.10345079170151529,
    "(2.5, 1000)": 0.07231501044194336,
    "(1.1, 5000)": 0.00598987798990238,
    "(1.5, 5000)": 0.007075934618970098,
    "(2.5, 5000)": 0.00759749542406052,
    "(1.1, 10000)": 0.0015948665449945212,
    "(1.5, 10000)": 0.0022287797435300715,
    "(2.5, 10000)": 0.0028789124195588685,
    "(1.1, 20000)": 0.0004246496006480784,
    "(1.5, 20000)": 0.0007020216286132085,
    "(2.5, 20000)": 0.0010909038119644777,
    "(1.1, 50000)": 7.384601549506946e-05,
    "(1.5, 50000)": 0.00015244639007506723,
    "(2.5, 50000)": 0.0003024617406565877,
    "(1.1, 100000)": 1.9662260198417285e-05,
    "(1.5, 100000)": 4.801760395901553e-05,
    "(2.5, 100000)": 0.0001146115677621904
}