{
    "(1.1, 10)": 0.006601892615651216,
    "(1.5, 10)": 0.0192934623810199,
    "(2.5, 10)": 0.032194451777769924,
    "(5, 10)": 0.009398780367251426,
    "(1.1, 20)": 0.00619872104570419,
    "(1.5, 20)": 0.015313231239869935,
    "(2.5, 20)": 0.02276491516864441,
    "(5, 20)": 0.0066459413325664725,
    "(1.1, 50)": 0.005703293587750312,
    "(1.5, 50)": 0.011282885246728965,
    "(2.5, 50)": 0.014397796534686499,
    "(5, 50)": 0.004203262361352925,
    "(1.1, 100)": 0.00535499864211747,
    "(1.5, 100)": 0.008955231954947018,
    "(2.5, 100)": 0.010180779563821,
    "(5, 100)": 0.002972155318818834,
    "(1.1, 200)": 0.0050279737516355566,
    "(1.5, 200)": 0.007107772312951067,
    "(2.5, 200)": 0.0071988982673432496,
    "(5, 200)": 0.0021016311806764626,
    "(1.1, 500)": 0.004626117266069404,
    "(1.5, 500)": 0.0052370514172151526,
    "(2.5, 500)": 0.0045529830337288826,
    "(5, 500)": 0.0013291882665132945,
    "(1.1, 1000)": 0.004343604497458389,
    "(1.5, 1000)": 0.004156650464449442,
    "(2.5, 1000)": 0.003219445177776992,
    "(5, 1000)": 0.0009398780367251425
}