{
    "(1.1, 20000)": 0.0007820622891929894,
    "(1.5, 20000)": 0.0007380001363560537,
    "(2.5, 20000)": 0.0005911623652935989
}