{
    "(1.1, 50000)": 0.00020246147087477718,
    "(1.5, 50000)": 0.00015684604842464665,
    "(2.5, 50000)": 0.00011094545179962239
}