{
    "(1.1, 10)": 36.564901415971015,
    "(1.5, 10)": 14.156498179642782,
    "(2.5, 10)": 4.485453092482402,
    "(5, 10)": 1.4612581691266753,
    "(1.1, 100)": 0.4542690310658422,
    "(1.5, 100)": 0.3051748596381152,
    "(2.5, 100)": 0.17856951789189396,
    "(5, 100)": 0.09219915739997588,
    "(1.1, 500)": 0.0211289741729329,
    "(1.5, 500)": 0.020878171788656395,
    "(2.5, 500)": 0.01876072124871061,
    "(5, 500)": 0.013364814858359653,
    "(1.1, 1000)": 0.005631459177941371,
    "(1.5, 1000)": 0.006576624553213882,
    "(2.5, 1000)": 0.00710898471831,
    "(5, 1000)": 0.0058173735516478045,
    "(1.1, 5000)": 0.00026074960504958,
    "(1.5, 5000)": 0.0004498721133101203,
    "(2.5, 5000)": 0.0007468779323345876,
    "(5, 5000)": 0.0008432628092503163,
    "(1.1, 10000)": 6.942726085826116e-05,
    "(1.5, 10000)": 0.00014170083633002805,
    "(2.5, 10000)": 0.00028301382101400037,
    "(5, 10000)": 0.0003670514567997784,
    "(1.1, 20000)": 1.8485721385328738e-05,
    "(1.5, 20000)": 4.463296661997764e-05,
    "(2.5, 20000)": 0.00010724218607537433,
    "(5, 20000)": 0.00015976842623785775,
    "(1.1, 50000)": 3.214643003961811e-06,
    "(1.5, 50000)": 9.69220086993278e-06,
    "(2.5, 50000)": 2.9733747709607782e-05,
    "(5, 50000)": 5.3206286282351854e-05
}