{
    "(1.1, 10)": 0.0008064644257510385,
    "(1.5, 10)": 0.00414484372954483,
    "(2.5, 10)": 0.010180779563820998,
    "(1.1, 100)": 0.0006542552261602303,
    "(1.5, 100)": 0.0019240798476207448,
    "(2.5, 100)": 0.003219445177776992,
    "(1.1, 500)": 0.0005652939625219633,
    "(1.5, 500)": 0.0011252529414238685,
    "(2.5, 500)": 0.0014397796534686498,
    "(1.1, 1000)": 0.0005308179279450303,
    "(1.5, 1000)": 0.0008931453700365983,
    "(2.5, 1000)": 0.0010180779563820996,
    "(1.1, 5000)": 0.00045864779522691916,
    "(1.5, 5000)": 0.0005223376434934696,
    "(2.5, 5000)": 0.0004552983033728882,
    "(1.1, 10000)": 0.00043066792277051194,
    "(1.5, 10000)": 0.000414584868426903,
    "(2.5, 10000)": 0.0003219445177776992,
    "(1.1, 20000)": 0.00040439422183999205,
    "(1.5, 20000)": 0.00032905955073240774,
    "(2.5, 20000)": 0.0002276491516864441,
    "(1.1, 50000)": 0.0003721035161548322,
    "(1.5, 50000)": 0.0002424555093446398,
    "(2.5, 50000)": 0.000143977965346865,
    "(1.1, 100000)": 0.00034939932188585593,
    "(1.5, 100000)": 0.0001924381882901032,
    "(2.5, 100000)": 0.00010180779563820998
}