{
    "(1.5, 10)": 30091.50976503108,
    "(1.9, 10)": 8856.563536312011,
    "(2.5, 10)": 2812.436768555366,
    "(1.5, 100)": 648.3379435065908,
    "(1.9, 100)": 263.6158684097766,
    "(2.5, 100)": 111.97034967716928,
    "(1.5, 500)": 44.346562622932375,
    "(1.9, 500)": 22.601044780502974,
    "(2.5, 500)": 11.7637294678359,
    "(1.5, 1000)": 13.968538295787955,
    "(1.9, 1000)": 7.846291172646123,
    "(2.5, 1000)": 4.45765668456033,
    "(1.5, 5000)": 0.9554556611416772,
    "(1.9, 5000)": 0.6726968178539927,
    "(2.5, 5000)": 0.4683284540587551,
    "(1.5, 10000)": 0.30095156329152706,
    "(1.9, 10000)": 0.23353598690360497,
    "(2.5, 10000)": 0.17746354116843155,
    "(1.5, 20000)": 0.09479428065978979,
    "(1.9, 20000)": 0.08107514473762753,
    "(2.5, 20000)": 0.06724614886929807,
    "(1.5, 50000)": 0.020585001318912874,
    "(1.9, 50000)": 0.020021946541798962,
    "(2.5, 50000)": 0.018644538769089912
}