{
    "(1.1, 50000)": 0.00044023586816480494,
    "(1.5, 50000)": 0.00042032334854046895,
    "(2.5, 50000)": 0.0003426140660633013
}