{
    "(1.1, 20000)": 0.00084693528783461,
    "(1.5, 20000)": 0.000859176423458817,
    "(2.5, 20000)": 0.0007317354040483114
}