{
    "(1.2, 100000)": 0.0002686994921677131,
    "(1.8, 100000)": 0.00042247124310994933,
    "(2.5, 100000)": 0.00022352367996053758
}