{
    "(1.1, 10)": 0.00658771988380436,
    "(1.5, 10)": 0.019290516968488096,
    "(2.5, 10)": 0.032194451777769924,
    "(5, 10)": 0.009398780367251426,
    "(1.1, 100)": 0.005354054649974476,
    "(1.5, 100)": 0.008954935244781583,
    "(2.5, 100)": 0.010180779563821,
    "(5, 100)": 0.002972155318818834,
    "(1.1, 500)": 0.004630664629934492,
    "(1.5, 500)": 0.005237103927824379,
    "(2.5, 500)": 0.0045529830337288826,
    "(5, 500)": 0.0013291882665132945,
    "(1.1, 1000)": 0.004348993769032612,
    "(1.5, 1000)": 0.004156744290379058,
    "(2.5, 1000)": 0.003219445177776992,
    "(5, 1000)": 0.0009398780367251425,
    "(1.1, 5000)": 0.0037570420665867053,
    "(1.5, 5000)": 0.0024309191428777107,
    "(2.5, 5000)": 0.00143977965346865,
    "(5, 5000)": 0.0004203262361352925,
    "(1.1, 10000)": 0.003527602928974594,
    "(1.5, 10000)": 0.0019294218023268557,
    "(2.5, 10000)": 0.0010180779563820999,
    "(5, 10000)": 0.0002972155318818834,
    "(1.1, 20000)": 0.0033121754305550184,
    "(1.5, 20000)": 0.0015313830993520152,
    "(2.5, 20000)": 0.000719889826734325,
    "(5, 20000)": 0.00021016311806764626,
    "(1.1, 50000)": 0.0030474526527822766,
    "(1.5, 50000)": 0.0011283327148996728,
    "(2.5, 50000)": 0.0004552983033728883,
    "(5, 50000)": 0.00013291882665132946
}