{
    "(1.1, 10)": 0.0008072007771916481,
    "(1.5, 10)": 0.004146018373924035,
    "(2.5, 10)": 0.010180779563820998,
    "(5, 10)": 0.0029721553188188335,
    "(1.1, 20)": 0.0007579057608153912,
    "(1.5, 20)": 0.0032906969641232483,
    "(2.5, 20)": 0.007198898267343249,
    "(5, 20)": 0.002101631180676462,
    "(1.1, 50)": 0.000697330793547008,
    "(1.5, 50)": 0.0024246062536620685,
    "(2.5, 50)": 0.004552983033728882,
    "(5, 50)": 0.0013291882665132943,
    "(1.1, 100)": 0.0006547454370175425,
    "(1.5, 100)": 0.0019244112588359212,
    "(2.5, 100)": 0.003219445177776992,
    "(5, 100)": 0.0009398780367251425,
    "(1.1, 200)": 0.0006147607294304779,
    "(1.5, 200)": 0.0015274062283477943,
    "(2.5, 200)": 0.002276491516864441,
    "(5, 200)": 0.0006645941332566472,
    "(1.1, 500)": 0.0005656265059050162,
    "(1.5, 500)": 0.0011254025312905569,
    "(2.5, 500)": 0.0014397796534686498,
    "(5, 500)": 0.00042032623613529247,
    "(1.1, 1000)": 0.0005310842102837958,
    "(1.5, 1000)": 0.0008932325810291524,
    "(2.5, 1000)": 0.0010180779563820996,
    "(5, 1000)": 0.00029721553188188335,
    "(1.1, 2000)": 0.0004986513811998176,
    "(1.5, 2000)": 0.0007089591693889732,
    "(2.5, 2000)": 0.0007198898267343249,
    "(5, 2000)": 0.00021016311806764624
}