{
    "(1.1, 10)": 0.0008068183308092435,
    "(1.5, 10)": 0.004145763065877534,
    "(2.5, 10)": 0.010180779563820998,
    "(5, 10)": 0.0029721553188188335,
    "(1.1, 100)": 0.0006546065306583612,
    "(1.5, 100)": 0.0019243820968933324,
    "(2.5, 100)": 0.003219445177776992,
    "(5, 100)": 0.0009398780367251425,
    "(1.1, 500)": 0.0005655931874191872,
    "(1.5, 500)": 0.0011253992563221044,
    "(2.5, 500)": 0.0014397796534686498,
    "(5, 500)": 0.00042032623613529247,
    "(1.1, 1000)": 0.0005310842102837958,
    "(1.5, 1000)": 0.0008932325810291524,
    "(2.5, 1000)": 0.0010180779563820996,
    "(5, 1000)": 0.00029721553188188335,
    "(1.1, 5000)": 0.0004588223274678973,
    "(1.5, 5000)": 0.0005223666577366852,
    "(2.5, 5000)": 0.0004552983033728882,
    "(5, 5000)": 0.00013291882665132944,
    "(1.1, 10000)": 0.0004308024657613565,
    "(1.5, 10000)": 0.0004146026910021633,
    "(2.5, 10000)": 0.0003219445177776992,
    "(5, 10000)": 9.398780367251425e-05
}