{
    "(1.1, 20000)": 0.00040465010258708206,
    "(1.5, 20000)": 0.0003445369105878605,
    "(2.5, 20000)": 0.00026205152612937684
}