{
    "(1.5, 10)": 14.045183638371997,
    "(1.9, 10)": 7.885821146134419,
    "(2.5, 10)": 4.478296664700095,
    "(1.5, 100)": 0.3037294872299594,
    "(1.9, 100)": 0.235180146122198,
    "(2.5, 100)": 0.17843187503303887,
    "(1.5, 500)": 0.020820978829810766,
    "(1.9, 500)": 0.020181074655789298,
    "(2.5, 500)": 0.01875463314957665,
    "(1.5, 1000)": 0.0065623427901618635,
    "(1.9, 1000)": 0.007008186469426058,
    "(2.5, 1000)": 0.007107650640844877,
    "(1.5, 5000)": 0.0004493062204038778,
    "(1.9, 5000)": 0.0006010371744591163,
    "(2.5, 5000)": 0.0007468252305411206,
    "(1.5, 10000)": 0.00014156418895104362,
    "(1.9, 10000)": 0.00020867440853909904,
    "(2.5, 10000)": 0.0002829993516227212
}