{
    "(1.1, 20000)": 0.0007897170662109225,
    "(1.5, 20000)": 0.0007533703749497835,
    "(2.5, 20000)": 0.0006088549902205246
}