{
    "(1.1, 10)": 2895.9339675864608,
    "(1.5, 10)": 649.2210864018798,
    "(2.5, 10)": 112.03525419212083,
    "(5, 10)": 23.0729257107166,
    "(1.1, 20)": 771.0721669461194,
    "(1.5, 20)": 204.49182819833666,
    "(2.5, 20)": 42.453422703050265,
    "(5, 20)": 10.043074237176981,
    "(1.1, 50)": 134.08845104580362,
    "(1.5, 50)": 44.40609767290113,
    "(2.5, 50)": 11.770548408361963,
    "(5, 50)": 3.344557467334726,
    "(1.1, 100)": 35.702427495784946,
    "(1.5, 100)": 13.987044300443971,
    "(2.5, 100)": 4.460203804866707,
    "(5, 100)": 1.455803193582252,
    "(1.1, 200)": 9.506138068940519,
    "(1.5, 200)": 4.405642884985368,
    "(2.5, 200)": 1.690101199262295,
    "(5, 200)": 0.6336751451106631,
    "(1.1, 500)": 1.6531050966865606,
    "(1.5, 500)": 0.9567003727544235,
    "(2.5, 500)": 0.4685939722715953,
    "(5, 500)": 0.211027309805092,
    "(1.1, 1000)": 0.4401562132834523,
    "(1.5, 1000)": 0.30134173451889246,
    "(2.5, 1000)": 0.1775639116847428,
    "(5, 1000)": 0.09185497171084428,
    "(1.1, 2000)": 0.11719611322979415,
    "(1.5, 2000)": 0.09491669863304628,
    "(2.5, 2000)": 0.06728414063873848,
    "(5, 2000)": 0.03998219868221252
}