{
    "(1.1, 50000)": 0.0005263680705359259,
    "(1.5, 50000)": 0.0005795453629477716,
    "(2.5, 50000)": 0.0005359449320536095
}