{
    "(1.5, 10)": 14.097873963655143,
    "(1.9, 10)": 7.901625555122525,
    "(2.5, 10)": 4.482006058443032,
    "(1.5, 100)": 0.30459697017154624,
    "(1.9, 100)": 0.23546233053664242,
    "(2.5, 100)": 0.17853611204648617,
    "(1.5, 500)": 0.020854947354994005,
    "(1.9, 500)": 0.020193756894840743,
    "(2.5, 500)": 0.018759401633052546,
    "(1.5, 1000)": 0.006570827586746134,
    "(1.9, 1000)": 0.007011080936891171,
    "(2.5, 1000)": 0.007108622314671218,
    "(1.5, 5000)": 0.0004496486944647451,
    "(1.9, 5000)": 0.0006011556709398743,
    "(2.5, 5000)": 0.0007468641341620436,
    "(1.5, 10000)": 0.00014164962207956238,
    "(1.9, 10000)": 0.0002087047567265755,
    "(2.5, 10000)": 0.00028301027277569785,
    "(1.5, 20000)": 4.4621610422456145e-05,
    "(1.9, 20000)": 7.245599079710481e-05,
    "(2.5, 20000)": 0.00010724130860958741
}