{
    "(1.5, 10)": 0.30091509765031116,
    "(1.9, 10)": 0.2335166620767961,
    "(2.5, 10)": 0.17745276350061506,
    "(5, 10)": 0.09181687423997609,
    "(1.5, 100)": 0.006859872954559441,
    "(1.9, 100)": 0.007319382174792629,
    "(2.5, 100)": 0.007407903675780706,
    "(5, 100)": 0.006033793071536113,
    "(1.5, 500)": 0.00047889995670135493,
    "(1.9, 500)": 0.0006364707981215917,
    "(2.5, 500)": 0.0007782825990713157,
    "(5, 500)": 0.0008746341026177507,
    "(1.5, 1000)": 0.0001536717666362604,
    "(1.9, 1000)": 0.00022242260869280244,
    "(2.5, 1000)": 0.0002974493051385613,
    "(5, 1000)": 0.00038070660535594145,
    "(1.5, 5000)": 1.0761254507802268e-05,
    "(1.9, 5000)": 1.9250377961383525e-05,
    "(2.5, 5000)": 3.139573892142746e-05,
    "(5, 5000)": 5.525712655693403e-05,
    "(1.5, 10000)": 3.412548151626331e-06,
    "(1.9, 10000)": 6.703772632285142e-06,
    "(2.5, 10000)": 1.191372701350749e-05,
    "(5, 10000)": 2.405206132513207e-05,
    "(1.5, 20000)": 1.080758712406952e-06,
    "(1.9, 20000)": 2.331585360164219e-06,
    "(2.5, 20000)": 4.517375310244904e-06,
    "(5, 20000)": 1.0469267767513324e-05,
    "(1.5, 50000)": 2.3593017595200163e-07,
    "(1.9, 50000)": 5.767570589918962e-07,
    "(2.5, 50000)": 1.2531982336980248e-06,
    "(5, 50000)": 3.4870834145052266e-06
}