{
    "(1.1, 50000)": 0.00021005143194973425,
    "(1.5, 50000)": 0.0001684019958273297,
    "(2.5, 50000)": 0.0001226010969942125
}