{
    "(1.1, 20000)": 0.0003718614292870772,
    "(1.5, 20000)": 0.00029222273176465643,
    "(2.5, 20000)": 0.00020779609193089088
}