{
    "(1.5, 10)": 0.006483019251321624,
    "(1.9, 10)": 0.006950276538172057,
    "(2.5, 10)": 0.007064521758412878,
    "(1.5, 100)": 0.00027453396111403323,
    "(1.9, 100)": 0.00038411137130402943,
    "(2.5, 100)": 0.0004961471828512574,
    "(1.5, 500)": 2.5968685996828603e-05,
    "(1.9, 500)": 4.101606224834656e-05,
    "(2.5, 500)": 5.2125774833417107e-05,
    "(1.5, 1000)": 1.1688882591160459e-05,
    "(1.9, 1000)": 1.594897800351263e-05,
    "(2.5, 1000)": 2.2484162472958746e-05,
    "(1.5, 5000)": 1.4446955541800581e-06,
    "(1.9, 5000)": 1.633394591514736e-06,
    "(2.5, 5000)": 2.5468036859390373e-06,
    "(1.5, 10000)": 5.643793376762184e-07,
    "(1.9, 10000)": 6.038175026761647e-07,
    "(2.5, 10000)": 9.883867722072315e-07,
    "(1.5, 20000)": 2.162350744377522e-07,
    "(1.9, 20000)": 2.1784132136145625e-07,
    "(2.5, 20000)": 3.786535009381973e-07,
    "(1.5, 50000)": 5.8127150751440134e-08,
    "(1.9, 50000)": 5.5749668330675025e-08,
    "(2.5, 50000)": 1.0602016798649154e-07
}