{
    "(1.1, 1000)": 0.0005798444682108586,
    "(1.5, 1000)": 0.0009551088687739873,
    "(2.5, 1000)": 0.0010731483925923305,
    "(1.1, 5000)": 0.0005009398867772037,
    "(1.5, 5000)": 0.0005585549167693406,
    "(2.5, 5000)": 0.00047992655115621657,
    "(1.1, 10000)": 0.0004703479440784919,
    "(1.5, 10000)": 0.00044332622337753003,
    "(2.5, 10000)": 0.00033935931879403323,
    "(1.1, 20000)": 0.00044162422346147973,
    "(1.5, 20000)": 0.0003518682580383372,
    "(2.5, 20000)": 0.00023996327557810829,
    "(1.1, 50000)": 0.00040632778653728496,
    "(1.5, 50000)": 0.0002592587491969915,
    "(2.5, 50000)": 0.00015176610112429604,
    "(1.1, 100000)": 0.00038151371864060833,
    "(1.5, 100000)": 0.00020577380560363198,
    "(2.5, 100000)": 0.00010731483925923307
}