{
    "(1.1, 50000)": 0.0004306064002633487,
    "(1.5, 50000)": 0.0004031345611672086,
    "(2.5, 50000)": 0.00032316764381841825
}