{
    "(1.1, 1000)": 0.3669947175350602,
    "(1.5, 1000)": 0.25710362699973327,
    "(2.5, 1000)": 0.15539226085102026,
    "(1.1, 5000)": 0.01699524554586639,
    "(1.5, 5000)": 0.017586243740179062,
    "(2.5, 5000)": 0.01632569051266253,
    "(1.1, 10000)": 0.004525158707867303,
    "(1.5, 10000)": 0.005539374953191398,
    "(2.5, 10000)": 0.006186280427790621,
    "(1.1, 20000)": 0.0012048699900289316,
    "(1.5, 20000)": 0.0017447938101671234,
    "(2.5, 20000)": 0.0023441620687658375,
    "(1.1, 50000)": 0.0002095253305723867,
    "(1.5, 50000)": 0.00037888792445147116,
    "(2.5, 50000)": 0.0006499375704179754,
    "(1.1, 100000)": 5.578827158452075e-05,
    "(1.5, 100000)": 0.00011934221789184673,
    "(2.5, 100000)": 0.00024628029113159906
}