{
    "(1.5, 10)": 0.09182898003395566,
    "(1.9, 10)": 0.4447889255591317,
    "(2.5, 10)": 0.10180779563820999,
    "(5, 10)": 0.029721553188188338,
    "(30, 10)": 0.022156350839284387,
    "(1.5, 100)": 0.04262323683276593,
    "(1.9, 100)": 0.14944099656300866,
    "(2.5, 100)": 0.032194451777769924,
    "(5, 100)": 0.009398780367251426,
    "(30, 100)": 0.007006453328992194,
    "(1.5, 500)": 0.02492622011181112,
    "(1.9, 500)": 0.06972342302324143,
    "(2.5, 500)": 0.014397796534686499,
    "(5, 500)": 0.004203262361352925,
    "(30, 500)": 0.0031333811849612483,
    "(1.5, 1000)": 0.019783954013539926,
    "(1.9, 1000)": 0.05020945929728683,
    "(2.5, 1000)": 0.010180779563820998,
    "(5, 1000)": 0.0029721553188188335,
    "(30, 1000)": 0.0022156350839284385,
    "(1.5, 5000)": 0.011569726493515673,
    "(1.9, 5000)": 0.023425803165578626,
    "(2.5, 5000)": 0.0045529830337288826,
    "(5, 5000)": 0.0013291882665132943,
    "(30, 5000)": 0.000990862132199488,
    "(1.5, 10000)": 0.009182898003395567,
    "(1.9, 10000)": 0.016869465949144558,
    "(2.5, 10000)": 0.0032194451777769924,
    "(5, 10000)": 0.0009398780367251425,
    "(30, 10000)": 0.0007006453328992193,
    "(1.5, 20000)": 0.007288470975353399,
    "(1.9, 20000)": 0.012148094961691723,
    "(2.5, 20000)": 0.0022764915168644413,
    "(5, 20000)": 0.0006645941332566472,
    "(30, 20000)": 0.000495431066099744,
    "(1.5, 50000)": 0.005370191330025628,
    "(1.9, 50000)": 0.007870644184659558,
    "(2.5, 50000)": 0.00143977965346865,
    "(5, 50000)": 0.0004203262361352925,
    "(30, 50000)": 0.0003133381184961249
}