{
    "(1.5, 10)": 0.002072806788177414,
    "(1.9, 10)": 0.019615205659576612,
    "(2.5, 10)": 0.005090389781910499,
    "(1.5, 100)": 0.0009621662479375679,
    "(1.9, 100)": 0.006590390648850669,
    "(2.5, 100)": 0.001609722588888496,
    "(1.5, 500)": 0.0005626893924109893,
    "(1.9, 500)": 0.0030748277973189665,
    "(2.5, 500)": 0.0007198898267343249,
    "(1.5, 1000)": 0.00044660947296400823,
    "(1.9, 1000)": 0.0022142558939517065,
    "(2.5, 1000)": 0.0005090389781910498,
    "(1.5, 5000)": 0.0002611812311029058,
    "(1.9, 5000)": 0.00103308724428973,
    "(2.5, 5000)": 0.0002276491516864441,
    "(1.5, 10000)": 0.0002073002370706096,
    "(1.9, 10000)": 0.0007439502639434874,
    "(2.5, 10000)": 0.0001609722588888496
}