{
    "(1.2, 100000)": 5.795228302100141e-05,
    "(1.8, 100000)": 7.869024578309168e-05,
    "(2.5, 100000)": 4.422136639132684e-05
}