{
    "(1.1, 1000)": 0.001347529929608847,
    "(1.5, 1000)": 0.002526699708977087,
    "(2.5, 1000)": 0.003219445177776992,
    "(1.1, 5000)": 0.0011641144826591027,
    "(1.5, 5000)": 0.0014776229536372575,
    "(2.5, 5000)": 0.0014397796534686498,
    "(1.1, 10000)": 0.0010930230713175925,
    "(1.5, 10000)": 0.0011727901155080703,
    "(2.5, 10000)": 0.0010180779563820996,
    "(1.1, 20000)": 0.0010262731477264824,
    "(1.5, 20000)": 0.0009308441315477086,
    "(2.5, 20000)": 0.0007198898267343249,
    "(1.1, 50000)": 0.0009442491474535846,
    "(1.5, 50000)": 0.0006858518201892628,
    "(2.5, 50000)": 0.0004552983033728882,
    "(1.1, 100000)": 0.000886584711910134,
    "(1.5, 100000)": 0.0005443609504313701,
    "(2.5, 100000)": 0.0003219445177776992
}