{
    "(1.1, 20000)": 0.0008015883111660553,
    "(1.5, 20000)": 0.0007759675926649178,
    "(2.5, 20000)": 0.0006348144818210592
}