{
    "(1.1, 50000)": 0.00042422702820500593,
    "(1.5, 50000)": 0.00039139241027242623,
    "(2.5, 50000)": 0.00030995233765337477
}