{
    "(1.2, 100000)": 0.014540425286277088,
    "(1.8, 100000)": 0.003952496588940939,
    "(2.5, 100000)": 0.0010731483925923307
}