{
    "(1.4, 10)": 7.880013266080457e-05,
    "(1.9, 10)": 4.412924689693078e-05,
    "(2.5, 10)": 3.376364537508544e-05,
    "(1.4, 100)": 7.880013266080456e-05,
    "(1.9, 100)": 4.412924689693078e-05,
    "(2.5, 100)": 3.376364537508544e-05,
    "(1.4, 500)": 7.880013266080456e-05,
    "(1.9, 500)": 4.412924689693078e-05,
    "(2.5, 500)": 3.376364537508544e-05,
    "(1.4, 1000)": 7.880013266080456e-05,
    "(1.9, 1000)": 4.412924689693078e-05,
    "(2.5, 1000)": 3.376364537508544e-05,
    "(1.4, 5000)": 7.880013266080456e-05,
    "(1.9, 5000)": 4.412924689693078e-05,
    "(2.5, 5000)": 3.376364537508544e-05,
    "(1.4, 10000)": 7.880013266080456e-05,
    "(1.9, 10000)": 4.412924689693078e-05,
    "(2.5, 10000)": 3.376364537508544e-05,
    "(1.4, 20000)": 7.880013266080456e-05,
    "(1.9, 20000)": 4.412924689693078e-05,
    "(2.5, 20000)": 3.376364537508544e-05,
    "(1.4, 50000)": 7.880013266080456e-05,
    "(1.9, 50000)": 4.412924689693078e-05,
    "(2.5, 50000)": 3.376364537508544e-05,
    "(1.4, 100000)": 7.880013266080456e-05,
    "(1.9, 100000)": 4.412924689693078e-05,
    "(2.5, 100000)": 3.376364537508544e-05
}