{
    "(1.4, 10)": 45236.24179294576,
    "(1.9, 10)": 8857.34412451361,
    "(2.5, 10)": 2812.612757393672,
    "(1.4, 100)": 873.3750929285392,
    "(1.9, 100)": 263.6256895402078,
    "(2.5, 100)": 111.97213067086648,
    "(1.4, 500)": 55.33074391954213,
    "(1.9, 500)": 22.601578669691342,
    "(2.5, 500)": 11.763916581014508,
    "(1.4, 1000)": 16.862233083803275,
    "(1.9, 1000)": 7.846427011140481,
    "(2.5, 1000)": 4.457690812222513,
    "(1.4, 5000)": 1.0682694162288067,
    "(1.9, 5000)": 0.6727024125667951,
    "(2.5, 5000)": 0.4683299544695058,
    "(1.4, 10000)": 0.32555875118798977,
    "(1.9, 10000)": 0.23353724346262897,
    "(2.5, 10000)": 0.1774638676456226,
    "(1.4, 20000)": 0.09921514073597926,
    "(1.9, 20000)": 0.08107543999436423,
    "(2.5, 20000)": 0.06724623103686972,
    "(1.4, 50000)": 0.020625053357483922,
    "(1.9, 50000)": 0.020021987954320464,
    "(2.5, 50000)": 0.01864455130593032,
    "(1.4, 100000)": 0.0062855554153671885,
    "(1.9, 100000)": 0.0069508891125459995,
    "(2.5, 100000)": 0.007064963822387917,
    "(1.4, 200000)": 0.0019155444688978714,
    "(1.9, 200000)": 0.002413090027081194,
    "(2.5, 200000)": 0.002677120676847498,
    "(1.4, 500000)": 0.0003982074367539004,
    "(1.9, 500000)": 0.0005959247271216663,
    "(2.5, 500000)": 0.0007422529566643433
}