{
    "(1.2, 100000)": 0.00028610927554490893,
    "(1.8, 100000)": 0.0004747951813943428,
    "(2.5, 100000)": 0.000254128711787047
}