{
    "(1.4, 10)": 0.014526914977356354,
    "(1.9, 10)": 0.131858828422029,
    "(2.5, 10)": 0.032194451777769924,
    "(1.4, 100)": 0.007524178829256189,
    "(1.9, 100)": 0.04430217029402888,
    "(2.5, 100)": 0.010180779563821,
    "(1.4, 500)": 0.004750653917661586,
    "(1.9, 500)": 0.020669689250605916,
    "(2.5, 500)": 0.0045529830337288826,
    "(1.4, 1000)": 0.0038971293728139976,
    "(1.9, 1000)": 0.01488472418759364,
    "(2.5, 1000)": 0.003219445177776992,
    "(1.4, 5000)": 0.0024605891676318745,
    "(1.9, 5000)": 0.00694463999159891,
    "(2.5, 5000)": 0.00143977965346865,
    "(1.4, 10000)": 0.0020185082908178316,
    "(1.9, 10000)": 0.005000996851176763,
    "(2.5, 10000)": 0.0010180779563820999,
    "(1.4, 20000)": 0.0016558537173524145,
    "(1.9, 20000)": 0.0036013341995747845,
    "(2.5, 20000)": 0.000719889826734325,
    "(1.4, 50000)": 0.0012744559289739898,
    "(1.9, 50000)": 0.0023332728435431667,
    "(2.5, 50000)": 0.0004552983033728883,
    "(1.4, 100000)": 0.001045481258210923,
    "(1.9, 100000)": 0.0016802440670231301,
    "(2.5, 100000)": 0.00032194451777769925,
    "(1.4, 200000)": 0.0008576452401537708,
    "(1.9, 200000)": 0.001209982849875053,
    "(2.5, 200000)": 0.00022764915168644416,
    "(1.4, 500000)": 0.0006601012213916873,
    "(1.9, 500000)": 0.000783937276662569,
    "(2.5, 500000)": 0.000143977965346865
}