{
    "(1.1, 50000)": 0.0004201131708543522,
    "(1.5, 50000)": 0.0003834054801876598,
    "(2.5, 50000)": 0.00030094547962739585
}