{
    "(1.2, 100000)": 0.00023492474462204067,
    "(1.8, 100000)": 0.00012289998969557136,
    "(2.5, 100000)": 0.00012832974634269042
}