{
    "(1.2, 100000)": 0.00014589294941827894,
    "(1.8, 100000)": 0.00021013756974723919,
    "(2.5, 100000)": 0.00011496303194184025
}