{
    "(1.5, 10)": 0.45225870981993727,
    "(1.9, 10)": 0.45225870981993704,
    "(2.5, 10)": 0.45225870981993727,
    "(1.5, 100)": 0.24986544119437137,
    "(1.9, 100)": 0.21784256781729064,
    "(2.5, 100)": 0.19653131269184715,
    "(1.5, 500)": 0.03334227594273718,
    "(1.9, 500)": 0.020354792315324416,
    "(2.5, 500)": 0.011714449467455753,
    "(1.5, 1000)": 0.013423612050413616,
    "(1.9, 1000)": 0.0077108366256537575,
    "(2.5, 1000)": 0.004339657932397675,
    "(1.5, 5000)": 0.0015719198644220393,
    "(1.9, 5000)": 0.0007190747776697516,
    "(2.5, 5000)": 0.00033949238815546344,
    "(1.5, 10000)": 0.0006242358281782525,
    "(1.9, 10000)": 0.0002586763363549586,
    "(2.5, 10000)": 0.00011142462359039126
}