{
    "(1.1, 50000)": 0.00019738040826289028,
    "(1.5, 50000)": 0.0001533113897144583,
    "(2.5, 50000)": 0.00010773113352107209
}