{
    "(1.2, 100000)": 0.000122229751250944,
    "(1.8, 100000)": 0.00015100593877259897,
    "(2.5, 100000)": 7.992909645165702e-05
}