{
    "(1.4, 10)": 2.193510633035666e-10,
    "(1.9, 10)": 1.9307108352150454e-10,
    "(2.5, 10)": 1.8241329452535657e-10,
    "(1.4, 100)": 2.0875896886326182e-09,
    "(1.9, 100)": 1.8374075574283627e-09,
    "(2.5, 100)": 1.7359434454547616e-09,
    "(1.4, 500)": 1.0374529593038639e-08,
    "(1.9, 500)": 9.129619269404466e-09,
    "(2.5, 500)": 8.624659567204904e-09,
    "(1.4, 1000)": 2.0685422568248714e-08,
    "(1.9, 1000)": 1.8199248868116374e-08,
    "(2.5, 1000)": 1.7190627539830047e-08,
    "(1.4, 5000)": 1.0128927406185939e-07,
    "(1.9, 5000)": 8.895875139657203e-08,
    "(2.5, 5000)": 8.394919322056847e-08,
    "(1.4, 10000)": 1.9748550046823241e-07,
    "(1.9, 10000)": 1.7306126300176256e-07,
    "(2.5, 10000)": 1.6312076489695224e-07,
    "(1.4, 20000)": 3.7563324270139134e-07,
    "(1.9, 20000)": 3.2770969642432817e-07,
    "(2.5, 20000)": 3.0813703306559247e-07,
    "(1.4, 50000)": 8.120512016057988e-07,
    "(1.9, 50000)": 6.988166900141577e-07,
    "(2.5, 50000)": 6.521049422912884e-07,
    "(1.4, 100000)": 1.2967439181893871e-06,
    "(1.9, 100000)": 1.090017363332791e-06,
    "(2.5, 100000)": 1.0034317561820301e-06
}