{
    "(1.2, 100000)": 0.00020813701590957067,
    "(1.8, 100000)": 0.00010266815758767658,
    "(2.5, 100000)": 9.799853485142551e-05
}