{
    "(1.1, 10)": 5.907530399263942e-06,
    "(1.5, 10)": 4.906244554248722e-06,
    "(2.5, 10)": 4.245215845930292e-06,
    "(1.1, 100)": 5.973052403358294e-05,
    "(1.5, 100)": 4.7844057801724004e-05,
    "(2.5, 100)": 4.092667385325889e-05,
    "(1.1, 500)": 0.00023275941102443888,
    "(1.5, 500)": 0.0001790263065495278,
    "(2.5, 500)": 0.00014772153834883282,
    "(1.1, 1000)": 0.0003564327177859337,
    "(1.5, 1000)": 0.0002622343266750224,
    "(2.5, 1000)": 0.00020693509682747307,
    "(1.1, 5000)": 0.0005907025207822192,
    "(1.5, 5000)": 0.000359884211775508,
    "(2.5, 5000)": 0.00022923276626022864,
    "(1.1, 10000)": 0.0006410514702079661,
    "(1.5, 10000)": 0.00035365878545770573,
    "(2.5, 10000)": 0.00020305676955915318,
    "(1.1, 20000)": 0.0006624396587351381,
    "(1.5, 20000)": 0.00032774938561040424,
    "(2.5, 20000)": 0.0001680489682143583,
    "(1.1, 50000)": 0.0006602111277866627,
    "(1.5, 50000)": 0.0002812157950423213,
    "(2.5, 50000)": 0.00012489255833193338
}