{
    "(1.5, 10)": 0.47796316262893107,
    "(2, 10)": 0.4571421340873761,
    "(2.5, 10)": 0.44400478647592007,
    "(1.5, 100)": 0.1058393537595512,
    "(2, 100)": 0.0962700752986652,
    "(2.5, 100)": 0.0889418420088732,
    "(1.5, 500)": 0.006604600172285108,
    "(2, 500)": 0.007096624192751963,
    "(2.5, 500)": 0.007074861456252714,
    "(1.5, 1000)": 0.002080003862908828,
    "(2, 1000)": 0.002506768346194509,
    "(2.5, 1000)": 0.0027374543512406805,
    "(1.5, 5000)": 0.00014065253013343252,
    "(2, 5000)": 0.00022412493522650122,
    "(2.5, 5000)": 0.0002837312521403351,
    "(1.5, 10000)": 4.3141112543198386e-05,
    "(2, 10000)": 7.913737876732851e-05,
    "(2.5, 10000)": 0.000107563057944876,
    "(1.5, 20000)": 1.2586560229730165e-05,
    "(2, 20000)": 2.7876802783938743e-05,
    "(2.5, 20000)": 4.0750584351111405e-05,
    "(1.5, 50000)": 1.966020668968639e-06,
    "(2, 50000)": 6.938143886475599e-06,
    "(2.5, 50000)": 1.1288431635845558e-05
}