{
    "(1.1, 1000)": 0.003490680913894432,
    "(1.5, 1000)": 0.0018996867503370664,
    "(2.5, 1000)": 0.0010466893572546874,
    "(1.1, 5000)": 0.003523598112180342,
    "(1.5, 5000)": 0.0014623126349640834,
    "(2.5, 5000)": 0.0006258223146651941,
    "(1.1, 10000)": 0.0034159885928856577,
    "(1.5, 10000)": 0.0012593319003300757,
    "(2.5, 10000)": 0.0004848644857645165,
    "(1.1, 20000)": 0.0032563331815235407,
    "(1.5, 20000)": 0.0010691280357962422,
    "(2.5, 20000)": 0.0003707445083684513,
    "(1.1, 50000)": 0.002957823868438349,
    "(1.5, 50000)": 0.00084676423200837,
    "(2.5, 50000)": 0.0002559910289142214
}