{
    "(1.1, 20000)": 0.0003685993766598516,
    "(1.5, 20000)": 0.0002918546766542439,
    "(2.5, 20000)": 0.00020776364510908385
}