{
    "(1.1, 20000)": 0.0003675738864563412,
    "(1.5, 20000)": 0.00028966042785279986,
    "(2.5, 20000)": 0.0002054476260122135
}