{
    "(1.4, 10)": 0.5692764706782172,
    "(1.9, 10)": 0.5447248192955664,
    "(2.5, 10)": 0.5273033262682345,
    "(1.4, 100)": 0.5688073063881175,
    "(1.9, 100)": 0.5442660119024322,
    "(2.5, 100)": 0.5268498158852113,
    "(1.4, 500)": 0.5667270950484543,
    "(1.9, 500)": 0.5422317827214186,
    "(2.5, 500)": 0.5248391111707134,
    "(1.4, 1000)": 0.5641381889831008,
    "(1.9, 1000)": 0.5397002431754725,
    "(2.5, 1000)": 0.5223369363820445,
    "(1.4, 5000)": 0.5438739952567164,
    "(1.9, 5000)": 0.5198905643691356,
    "(2.5, 5000)": 0.5027605504046471,
    "(1.4, 10000)": 0.5196270096963268,
    "(1.9, 10000)": 0.4962008229472573,
    "(2.5, 10000)": 0.47935839951050874,
    "(1.4, 20000)": 0.47452548147616724,
    "(1.9, 20000)": 0.45217838994426995,
    "(2.5, 20000)": 0.43589797622319715,
    "(1.4, 50000)": 0.3626884515405109,
    "(1.9, 50000)": 0.343312437002083,
    "(2.5, 50000)": 0.32861720397892336,
    "(1.4, 100000)": 0.2350220024566111,
    "(1.9, 100000)": 0.21981316021013547,
    "(2.5, 100000)": 0.2074519421003693,
    "(1.4, 200000)": 0.10577416615926251,
    "(1.9, 200000)": 0.0965965170709318,
    "(2.5, 200000)": 0.08793382690636846
}