{
    "(1.1, 10)": 2.605973419742046e-06,
    "(1.5, 10)": 2.1050460968934903e-06,
    "(2.5, 10)": 1.815070985492995e-06,
    "(1.1, 100)": 2.3837640705255844e-05,
    "(1.5, 100)": 1.9123498837826182e-05,
    "(2.5, 100)": 1.640528078024899e-05,
    "(1.1, 500)": 9.965402615940597e-05,
    "(1.5, 500)": 7.794612807575766e-05,
    "(2.5, 500)": 6.531721513475095e-05,
    "(1.1, 1000)": 0.00016317380414442956,
    "(1.5, 1000)": 0.00012365062445373094,
    "(2.5, 1000)": 0.00010045045673561815,
    "(1.1, 5000)": 0.0002912789247290913,
    "(1.5, 5000)": 0.0001817699416201301,
    "(2.5, 5000)": 0.00011708634848876356,
    "(1.1, 10000)": 0.00031069018153154665,
    "(1.5, 10000)": 0.00017341810683366312,
    "(2.5, 10000)": 9.721077196955409e-05,
    "(1.1, 20000)": 0.0003165182737030547,
    "(1.5, 20000)": 0.0001585292853455753,
    "(2.5, 20000)": 7.96068158576389e-05,
    "(1.1, 50000)": 0.00030801792536434353,
    "(1.5, 50000)": 0.00013452487755897329,
    "(2.5, 50000)": 5.853193134113276e-05,
    "(1.1, 100000)": 0.0002902294284994978,
    "(1.5, 100000)": 0.00011598770323815887,
    "(2.5, 100000)": 4.5439449512786934e-05,
    "(1.1, 200000)": 0.00026143066710748226,
    "(1.5, 200000)": 9.842030715571938e-05,
    "(2.5, 200000)": 3.479971179110575e-05
}