{
    "(1.1, 50000)": 0.00019623107056707432,
    "(1.5, 50000)": 0.00015125480854000846,
    "(2.5, 50000)": 0.0001056386513236577
}