{
    "(1.5, 10)": 0.013974646006846555,
    "(1.9, 10)": 0.012289399158298608,
    "(2.5, 10)": 0.011293808928203693,
    "(5, 10)": 0.010665668957489938,
    "(30, 10)": 0.010643010082025554,
    "(1.5, 100)": 0.01832052421101503,
    "(1.9, 100)": 0.013170657049789203,
    "(2.5, 100)": 0.009992655364942362,
    "(5, 100)": 0.007273840422589242,
    "(30, 100)": 0.007127386368993144,
    "(1.5, 500)": 0.014050058895739036,
    "(1.9, 500)": 0.008811596591301455,
    "(2.5, 500)": 0.005972970732389549,
    "(5, 500)": 0.0035233879803394756,
    "(30, 500)": 0.0031533476277218163,
    "(1.5, 1000)": 0.012050267353369235,
    "(1.9, 1000)": 0.007144307217561263,
    "(2.5, 1000)": 0.004627517580074834,
    "(5, 1000)": 0.002613175427660072,
    "(30, 1000)": 0.0022250965916280163,
    "(1.5, 5000)": 0.007799197415370483,
    "(1.9, 5000)": 0.004165108610329306,
    "(2.5, 5000)": 0.0024417512978506368,
    "(5, 5000)": 0.0012272935066338496,
    "(30, 5000)": 0.0009926049590020948,
    "(1.5, 10000)": 0.006154458997369615,
    "(1.9, 10000)": 0.003242185821915386,
    "(2.5, 10000)": 0.001827147162830155,
    "(5, 10000)": 0.0008826581606493872,
    "(30, 10000)": 0.000701494838289176,
    "(1.5, 20000)": 0.004631585019494326,
    "(1.9, 20000)": 0.0024960029268693007,
    "(2.5, 20000)": 0.0013581872011678919,
    "(5, 20000)": 0.000631515072095769,
    "(30, 20000)": 0.0004958458639268106,
    "(1.5, 50000)": 0.002971149648881043,
    "(1.9, 50000)": 0.0017259705392998008,
    "(2.5, 50000)": 0.0009098760613690777,
    "(5, 50000)": 0.0004045651308788546,
    "(30, 50000)": 0.00031349855976880347
}