{
    "(1.4, 10)": 0.5197583225922625,
    "(1.9, 10)": 0.49616352063261593,
    "(2.5, 10)": 0.47925505558379594,
    "(1.4, 100)": 0.23557717569586173,
    "(1.9, 100)": 0.21968470702150514,
    "(2.5, 100)": 0.20705856795582459,
    "(1.4, 500)": 0.020787444269171066,
    "(1.9, 500)": 0.019284783657929908,
    "(2.5, 500)": 0.016585869652061422,
    "(1.4, 1000)": 0.0063569165639892735,
    "(1.9, 1000)": 0.007003659104041056,
    "(2.5, 1000)": 0.007044040481776125,
    "(1.4, 5000)": 0.00040103153092108145,
    "(1.9, 5000)": 0.0006006272103490993,
    "(2.5, 5000)": 0.000747380932024228,
    "(1.4, 10000)": 0.00012024190527180237,
    "(1.9, 10000)": 0.0002083820353497297,
    "(2.5, 10000)": 0.00028279313250367805,
    "(1.4, 20000)": 3.4864230710355704e-05,
    "(1.9, 20000)": 7.21796931070509e-05,
    "(2.5, 20000)": 0.00010721604922782816,
    "(1.4, 50000)": 5.774006102494107e-06,
    "(1.9, 50000)": 1.7634812334652755e-05,
    "(2.5, 50000)": 2.9718293009620262e-05,
    "(1.4, 100000)": 1.0599158820678285e-06,
    "(1.9, 100000)": 5.966231518271115e-06,
    "(2.5, 100000)": 1.1252739806892845e-05,
    "(1.4, 200000)": 9.612689175743109e-08,
    "(1.9, 200000)": 1.9326607877877376e-06,
    "(2.5, 200000)": 4.2554498276304555e-06,
    "(1.4, 500000)": 3.2035647230375287e-10,
    "(1.9, 500000)": 3.6089118941423296e-07,
    "(2.5, 500000)": 1.1700708993727362e-06
}