{
    "(1.1, 1000)": 0.00018919613196493893,
    "(1.5, 1000)": 0.0001423834324349693,
    "(2.5, 1000)": 0.00011500366238237921,
    "(1.1, 5000)": 0.000325384661828119,
    "(1.5, 5000)": 0.00019941842257225045,
    "(2.5, 5000)": 0.00012606389494592408,
    "(1.1, 10000)": 0.00034587435421179973,
    "(1.5, 10000)": 0.00018911119511028988,
    "(2.5, 10000)": 0.00010445929340745702,
    "(1.1, 20000)": 0.0003530859368137794,
    "(1.5, 20000)": 0.00017213849491874136,
    "(2.5, 20000)": 8.526239501698266e-05,
    "(1.1, 50000)": 0.00034879246725465587,
    "(1.5, 50000)": 0.0001455875771771281,
    "(2.5, 50000)": 6.246677120254998e-05,
    "(1.1, 100000)": 0.000338186507940588,
    "(1.5, 100000)": 0.00012539130382042515,
    "(2.5, 100000)": 4.840359530652632e-05
}