{
    "(1.1, 1000)": 0.004670122903794088,
    "(1.5, 1000)": 0.005617552824600483,
    "(2.5, 1000)": 0.006280267644862936,
    "(1.1, 5000)": 0.0002168336347840621,
    "(1.5, 5000)": 0.00038405142760182515,
    "(2.5, 5000)": 0.0006550950396759436,
    "(1.1, 10000)": 5.766145946523172e-05,
    "(1.5, 10000)": 0.00012099827464148853,
    "(2.5, 10000)": 0.00024768350998904677,
    "(1.1, 20000)": 1.527399041941333e-05,
    "(1.5, 20000)": 3.8110486498688874e-05,
    "(2.5, 20000)": 9.389154835977636e-05,
    "(1.1, 50000)": 2.575533502970736e-06,
    "(1.5, 50000)": 8.271291919688337e-06,
    "(2.5, 50000)": 2.60336235672212e-05,
    "(1.1, 100000)": 6.28053212590278e-07,
    "(1.5, 100000)": 2.6011167350718087e-06,
    "(2.5, 100000)": 9.864997007655255e-06
}