{
    "(1.5, 10)": 0.0,
    "(1.9, 10)": 0.0,
    "(2.5, 10)": 0.0,
    "(1.5, 100)": 4.1629874055837784e-08,
    "(1.9, 100)": 4.1629874055837784e-08,
    "(2.5, 100)": 4.1629874055837784e-08,
    "(1.5, 500)": 2.2820484865688872e-07,
    "(1.9, 500)": 2.1726365979499816e-07,
    "(2.5, 500)": 2.0241109273354397e-07,
    "(1.5, 1000)": 4.655096660958106e-07,
    "(1.9, 1000)": 4.28579059750962e-07,
    "(2.5, 1000)": 4.0565227339379083e-07,
    "(1.5, 5000)": 1.940078096401416e-06,
    "(1.9, 5000)": 1.744691963722553e-06,
    "(2.5, 5000)": 1.6292876097726512e-06,
    "(1.5, 10000)": 3.0836200858923555e-06,
    "(1.9, 10000)": 2.7237292127798378e-06,
    "(2.5, 10000)": 2.5082510809458904e-06,
    "(1.5, 20000)": 4.131160363653098e-06,
    "(1.9, 20000)": 3.5214276499464154e-06,
    "(2.5, 20000)": 3.1483519370570793e-06,
    "(1.5, 50000)": 4.539197515770208e-06,
    "(1.9, 50000)": 3.552507707467785e-06,
    "(2.5, 50000)": 2.9259382614199577e-06,
    "(1.5, 100000)": 4.331721952778774e-06,
    "(1.9, 100000)": 3.16589568447475e-06,
    "(2.5, 100000)": 2.429494322427958e-06,
    "(1.5, 200000)": 3.960828382228013e-06,
    "(1.9, 200000)": 2.7252270955103343e-06,
    "(2.5, 200000)": 1.9896321175022845e-06
}