{
    "(1.1, 10)": 0.35778678288628835,
    "(1.5, 10)": 0.2642896953844123,
    "(2.5, 10)": 0.19561198802766178,
    "(5, 10)": 0.17798421017266242,
    "(1.1, 100)": 0.039467714487067034,
    "(1.5, 100)": 0.015134175352292218,
    "(2.5, 100)": 0.0045831383322645315,
    "(5, 100)": 0.00038576861171696407,
    "(1.1, 500)": 0.007167101885013426,
    "(1.5, 500)": 0.0018042862801655897,
    "(2.5, 500)": 0.0003657846028246453,
    "(5, 500)": 0.00011516667855205973,
    "(1.1, 1000)": 0.0034215792060057633,
    "(1.5, 1000)": 0.0007182903280539411,
    "(2.5, 1000)": 0.00012090627218252726,
    "(5, 1000)": 2.9943059626553096e-05,
    "(1.1, 5000)": 0.0005833565571588773,
    "(1.5, 5000)": 8.430191680250191e-05,
    "(2.5, 5000)": 9.232738502296765e-06,
    "(5, 5000)": 1.5127222578119667e-06,
    "(1.1, 10000)": 0.0002529174383642006,
    "(1.5, 10000)": 3.3468862947659774e-05,
    "(2.5, 10000)": 3.046502956445793e-06,
    "(5, 10000)": 3.921470824902817e-07,
    "(1.1, 20000)": 0.00010050319396914201,
    "(1.5, 20000)": 1.324633663070029e-05,
    "(2.5, 20000)": 1.0051079019085948e-06,
    "(5, 20000)": 1.1162759147893007e-07,
    "(1.1, 50000)": 2.1929091176434017e-05,
    "(1.5, 50000)": 3.861745433769756e-06,
    "(2.5, 50000)": 2.3203002598164822e-07,
    "(5, 50000)": 2.1588297271290518e-08,
    "(1.1, 100000)": 4.193711960774457e-06,
    "(1.5, 100000)": 1.4976970761748647e-06,
    "(2.5, 100000)": 7.654345663125189e-08,
    "(5, 100000)": 6.302145960334144e-09,
    "(1.1, 200000)": 3.161269144846373e-07,
    "(1.5, 200000)": 5.620926451456976e-07,
    "(2.5, 200000)": 2.5250268656019458e-08,
    "(5, 200000)": 1.7920630043231119e-09,
    "(1.1, 500000)": 4.4813455412112567e-10,
    "(1.5, 500000)": 1.3496503596043574e-07,
    "(2.5, 500000)": 5.828610914542885e-09,
    "(5, 500000)": 3.452489252068259e-10,
    "(1.1, 1000000)": 1.8722425228825066e-14,
    "(1.5, 1000000)": 3.6033126816377425e-08,
    "(2.5, 1000000)": 1.9227245238119076e-09,
    "(5, 1000000)": 9.921870496323265e-11
}