{
    "(1.1, 20000)": 0.0003883702128921364,
    "(1.5, 20000)": 0.0003241345009068984,
    "(2.5, 20000)": 0.0002409931339583937
}