{
    "(1.1, 10)": 0.018588329480971028,
    "(1.5, 10)": 0.013974646006846529,
    "(1.9, 10)": 0.012289399158298601,
    "(2.5, 10)": 0.011293808928203707,
    "(5, 10)": 0.010665668957489953,
    "(30, 10)": 0.010643010082025553,
    "(1.1, 100)": 0.033822301526474696,
    "(1.5, 100)": 0.018320524211015026,
    "(1.9, 100)": 0.013170657049789208,
    "(2.5, 100)": 0.009992655364942373,
    "(5, 100)": 0.007273840422589239,
    "(30, 100)": 0.007127386368993131,
    "(1.1, 500)": 0.03220378206457808,
    "(1.5, 500)": 0.014050058895739025,
    "(1.9, 500)": 0.008811596591301448,
    "(2.5, 500)": 0.005972970732389549,
    "(5, 500)": 0.0035233879803394756,
    "(30, 500)": 0.003153347627721818,
    "(1.1, 1000)": 0.029196071591124088,
    "(1.5, 1000)": 0.012050267353369231,
    "(1.9, 1000)": 0.007144307217561264,
    "(2.5, 1000)": 0.004627517580074836,
    "(5, 1000)": 0.0026131754276600737,
    "(30, 1000)": 0.0022250965916280137,
    "(1.1, 5000)": 0.017126456561884443,
    "(1.5, 5000)": 0.007799197415370486,
    "(1.9, 5000)": 0.004165108610329306,
    "(2.5, 5000)": 0.0024417512978506363,
    "(5, 5000)": 0.0012272935066338494,
    "(30, 5000)": 0.0009926049590020941,
    "(1.1, 10000)": 0.012003611981175869,
    "(1.5, 10000)": 0.0061544589973696155,
    "(1.9, 10000)": 0.003242185821915393,
    "(2.5, 10000)": 0.0018271471628301572,
    "(5, 10000)": 0.0008826581606493881,
    "(30, 10000)": 0.0007014948382891765,
    "(1.1, 20000)": 0.008317966050662543,
    "(1.5, 20000)": 0.004631585019494325,
    "(1.9, 20000)": 0.0024960029268693055,
    "(2.5, 20000)": 0.0013581872011678914,
    "(5, 20000)": 0.0006315150720957694,
    "(30, 20000)": 0.0004958458639268111,
    "(1.1, 50000)": 0.005166476015441745,
    "(1.5, 50000)": 0.002971149648881039,
    "(1.9, 50000)": 0.0017259705392997976,
    "(2.5, 50000)": 0.0009098760613690789,
    "(5, 50000)": 0.0004045651308788538,
    "(30, 50000)": 0.00031349855976880444
}