{
    "(1.5, 10)": 0.0,
    "(1.9, 10)": 0.0,
    "(2.5, 10)": 0.0,
    "(1.5, 100)": 0.49502475102459687,
    "(1.9, 100)": 0.49502475102459687,
    "(2.5, 100)": 0.49502475102459687,
    "(1.5, 500)": 0.5370190767109885,
    "(1.9, 500)": 0.5110332578818731,
    "(2.5, 500)": 0.47561391872583575,
    "(1.5, 1000)": 0.5386281868196201,
    "(1.9, 1000)": 0.4949605087202954,
    "(2.5, 1000)": 0.467768687838533,
    "(1.5, 5000)": 0.3902815609168428,
    "(1.9, 5000)": 0.34629754199193674,
    "(2.5, 5000)": 0.32003827376140154,
    "(1.5, 10000)": 0.2609683998674665,
    "(1.9, 10000)": 0.22290627020101708,
    "(2.5, 10000)": 0.19965250734745016,
    "(1.5, 20000)": 0.1278271481659916,
    "(1.9, 20000)": 0.09926194943183973,
    "(2.5, 20000)": 0.08116655321705125,
    "(1.5, 50000)": 0.034413393775455284,
    "(1.9, 50000)": 0.02089084496725935,
    "(2.5, 50000)": 0.01200413427323542,
    "(1.5, 100000)": 0.013804063385172862,
    "(1.9, 100000)": 0.007840388454155479,
    "(2.5, 100000)": 0.0043848965678400485,
    "(1.5, 200000)": 0.005472471400842014,
    "(1.9, 200000)": 0.0028156509495338806,
    "(2.5, 200000)": 0.0015111372049062693
}