{
    "(1.1, 10)": 0.5863582486985698,
    "(1.5, 10)": 0.5582063727399389,
    "(2.5, 10)": 0.5223358137318844,
    "(1.1, 100)": 0.5407528731316491,
    "(1.5, 100)": 0.5139779126743172,
    "(2.5, 100)": 0.47934866582726116,
    "(1.1, 500)": 0.3794286672172935,
    "(1.5, 500)": 0.3581428596943359,
    "(2.5, 500)": 0.3285848693358096,
    "(1.1, 1000)": 0.24737957437294467,
    "(1.5, 1000)": 0.23157427128084765,
    "(2.5, 1000)": 0.20741313747266737,
    "(1.1, 5000)": 0.020623288184234072,
    "(1.5, 5000)": 0.02045315929008292,
    "(2.5, 5000)": 0.016591287707349217,
    "(1.1, 10000)": 0.005419164892550317,
    "(1.5, 10000)": 0.006489521692491081,
    "(2.5, 10000)": 0.007019047396732059,
    "(1.1, 20000)": 0.001444424640693156,
    "(1.5, 20000)": 0.002043978430581756,
    "(2.5, 20000)": 0.0027127899982643112,
    "(1.1, 50000)": 0.0002511214211185904,
    "(1.5, 50000)": 0.00044402632798756385,
    "(2.5, 50000)": 0.0007435122179607054,
    "(1.1, 100000)": 6.678199051480998e-05,
    "(1.5, 100000)": 0.0001398599932736325,
    "(2.5, 100000)": 0.00028127271650340197,
    "(1.1, 200000)": 1.770077167936175e-05,
    "(1.5, 200000)": 4.404948468030744e-05,
    "(2.5, 200000)": 0.00010663699238445838
}