{
    "(1.1, 50000)": 0.00035032000031193504,
    "(1.5, 50000)": 0.0002302444692080095,
    "(2.5, 50000)": 0.00014687628125049029
}