{
    "(1.5, 10)": 0.5835895141390508,
    "(1.9, 10)": 0.5385048266905987,
    "(2.5, 10)": 0.5106208936234268,
    "(1.5, 100)": 0.5502185690115349,
    "(1.9, 100)": 0.499907284903282,
    "(2.5, 100)": 0.4705145807502479,
    "(1.5, 500)": 0.39160373251789027,
    "(1.9, 500)": 0.34689183819675445,
    "(2.5, 500)": 0.32029418728667003,
    "(1.5, 1000)": 0.26151577865728987,
    "(1.9, 1000)": 0.22307638748946162,
    "(2.5, 1000)": 0.19968260837329302,
    "(1.5, 5000)": 0.034494823909218875,
    "(1.9, 5000)": 0.020913397616877653,
    "(2.5, 5000)": 0.012007608773786286,
    "(1.5, 10000)": 0.0138394388432695,
    "(1.9, 10000)": 0.007851432107524302,
    "(2.5, 10000)": 0.004388649395657409,
    "(1.5, 20000)": 0.0054869848572040025,
    "(1.9, 20000)": 0.00281987851163179,
    "(2.5, 20000)": 0.001512651446803573,
    "(1.5, 50000)": 0.001617579240360198,
    "(1.9, 50000)": 0.0007313093726157946,
    "(2.5, 50000)": 0.0003423133840598485
}