{
    "(1.5, 10)": 0.17722947482949025,
    "(1.9, 10)": 0.17722947482949025,
    "(2.5, 10)": 0.17722947482949025,
    "(1.5, 100)": 0.00740067664788221,
    "(1.9, 100)": 0.00502343433958213,
    "(2.5, 100)": 0.002821927483220428,
    "(1.5, 500)": 0.0009419104722322167,
    "(1.9, 500)": 0.00043232699627499227,
    "(2.5, 500)": 0.00020623921103187884,
    "(1.5, 1000)": 0.000379631209038796,
    "(1.9, 1000)": 0.00017070582169437227,
    "(2.5, 1000)": 7.9327191925437e-05,
    "(1.5, 5000)": 4.4826902779472097e-05,
    "(1.9, 5000)": 1.5796815979392066e-05,
    "(2.5, 5000)": 6.148308135233298e-06,
    "(1.5, 10000)": 1.7924096666699977e-05,
    "(1.9, 10000)": 5.5659054234232634e-06,
    "(2.5, 10000)": 1.842257731626062e-06,
    "(1.5, 20000)": 7.164523200875846e-06,
    "(1.9, 20000)": 2.03048347442729e-06,
    "(2.5, 20000)": 6.102555982803955e-07,
    "(1.5, 50000)": 2.1227588726175685e-06,
    "(1.9, 50000)": 5.284513910569687e-07,
    "(2.5, 50000)": 1.480854599026412e-07,
    "(1.5, 100000)": 8.443471809450142e-07,
    "(1.9, 100000)": 1.9043547751240168e-07,
    "(2.5, 100000)": 4.7425957934846316e-08,
    "(1.5, 200000)": 3.351426927585326e-07,
    "(1.9, 200000)": 6.852629630371162e-08,
    "(2.5, 200000)": 1.582991221887208e-08,
    "(1.5, 500000)": 9.898814351176999e-08,
    "(1.9, 500000)": 1.778590021242976e-08,
    "(2.5, 500000)": 3.635481732849967e-09,
    "(1.5, 1000000)": 3.930877400037511e-08,
    "(1.9, 1000000)": 6.405463983718808e-09,
    "(2.5, 1000000)": 1.2161291592356839e-09
}