{
    "(1.1, 50000)": 0.0003789877102654903,
    "(1.5, 50000)": 0.00025965269925387906,
    "(2.5, 50000)": 0.00017825216952045724
}