{
    "(1.1, 10)": 0.017679933397589474,
    "(1.5, 10)": 0.013919041308762958,
    "(2.5, 10)": 0.01129350533758163,
    "(5, 10)": 0.010665668955588832,
    "(1.1, 100)": 0.03382230152647469,
    "(1.5, 100)": 0.018320524211015023,
    "(2.5, 100)": 0.00999265536494237,
    "(5, 100)": 0.007273840422589242,
    "(1.1, 500)": 0.03490057574215419,
    "(1.5, 500)": 0.014109346879006052,
    "(2.5, 500)": 0.005973014702262133,
    "(5, 500)": 0.0035233879804116254,
    "(1.1, 1000)": 0.034267495803918205,
    "(1.5, 1000)": 0.012151062705046262,
    "(2.5, 1000)": 0.004627556580454914,
    "(5, 1000)": 0.0026131754277169644,
    "(1.1, 5000)": 0.03111755051127581,
    "(1.5, 5000)": 0.008171039887214807,
    "(2.5, 5000)": 0.0024417886836305253,
    "(5, 5000)": 0.001227293506652777,
    "(1.1, 10000)": 0.02887015919208622,
    "(1.5, 10000)": 0.006783323598854523,
    "(2.5, 10000)": 0.0018271996510126722,
    "(5, 10000)": 0.0008826581606611366,
    "(1.1, 20000)": 0.02602791792570874,
    "(1.5, 20000)": 0.005591244471792394,
    "(2.5, 20000)": 0.0013582763571398054,
    "(5, 20000)": 0.0006315150721026921,
    "(1.1, 50000)": 0.02094958965744288,
    "(1.5, 50000)": 0.004291003415664821,
    "(2.5, 50000)": 0.0009100815005683932,
    "(5, 50000)": 0.000404565130882305,
    "(1.1, 100000)": 0.01617854619902065,
    "(1.5, 100000)": 0.0034873833026503372,
    "(2.5, 100000)": 0.0006686758861427034,
    "(5, 100000)": 0.00028817295484211266,
    "(1.1, 200000)": 0.011500396466771477,
    "(1.5, 200000)": 0.0028112007101094958,
    "(2.5, 200000)": 0.0004894050496885872,
    "(5, 200000)": 0.00020498434604717685,
    "(1.1, 500000)": 0.007011953615566473,
    "(1.5, 500000)": 0.0020684948261439837,
    "(2.5, 500000)": 0.00032230952209580616,
    "(5, 500000)": 0.00013043750941617974,
    "(1.1, 1000000)": 0.004858071508076352,
    "(1.5, 1000000)": 0.0015910789865910262,
    "(2.5, 1000000)": 0.00023421166736143254,
    "(5, 1000000)": 9.256519503197915e-05
}