{
    "(1.1, 10)": 0.5863582486985681,
    "(1.5, 10)": 0.5582063727399408,
    "(2.5, 10)": 0.522335813731886,
    "(1.1, 100)": 0.5407370542336862,
    "(1.5, 100)": 0.5139768398936069,
    "(2.5, 100)": 0.47934866410530597,
    "(1.1, 500)": 0.37937686807925886,
    "(1.5, 500)": 0.3581383567662487,
    "(2.5, 500)": 0.3285848593639086,
    "(1.1, 1000)": 0.24731575340708123,
    "(1.5, 1000)": 0.23156878441717732,
    "(2.5, 1000)": 0.20741312418018837,
    "(1.1, 5000)": 0.020607887448865103,
    "(1.5, 5000)": 0.020451865298020948,
    "(2.5, 5000)": 0.01659128461252062,
    "(1.1, 10000)": 0.00541286392489963,
    "(1.5, 10000)": 0.006488900936657987,
    "(2.5, 10000)": 0.007019045550467458,
    "(1.1, 20000)": 0.0014403838381283932,
    "(1.5, 20000)": 0.0020435462050981453,
    "(2.5, 20000)": 0.002712788465255916,
    "(1.1, 50000)": 0.00024793055517360055,
    "(1.5, 50000)": 0.0004436658668726226,
    "(2.5, 50000)": 0.0007435108973177509,
    "(1.1, 100000)": 6.39769513949519e-05,
    "(1.5, 100000)": 0.00013951651063884114,
    "(2.5, 100000)": 0.0002812714413995427,
    "(1.1, 200000)": 1.540559337511743e-05,
    "(1.5, 200000)": 4.371758354886006e-05,
    "(2.5, 200000)": 0.00010663573482147327
}