{
    "(1.1, 50000)": 0.00021390088940414186,
    "(1.5, 50000)": 0.00017846486013377134,
    "(2.5, 50000)": 0.0001332831031535401
}