{
    "(1.5, 10)": 0.5140579787219635,
    "(2, 10)": 0.45714213408737614,
    "(2.5, 10)": 0.4353374831336886,
    "(1.5, 100)": 0.13023501574600552,
    "(2, 100)": 0.09627007529866534,
    "(2.5, 100)": 0.0821734095616306,
    "(1.5, 500)": 0.014022292065437631,
    "(2, 500)": 0.007096624192751929,
    "(2.5, 500)": 0.0044263636816138045,
    "(1.5, 1000)": 0.00554551975489125,
    "(2, 1000)": 0.0025067683461944996,
    "(2.5, 1000)": 0.0015282726163780899,
    "(1.5, 5000)": 0.000628311437632553,
    "(2, 5000)": 0.00022412493522650033,
    "(2.5, 5000)": 0.00011388301392205083,
    "(1.5, 10000)": 0.0002364830107308758,
    "(2, 10000)": 7.913737876732878e-05,
    "(2.5, 10000)": 3.7595253349668584e-05,
    "(1.5, 20000)": 8.274852050151842e-05,
    "(2, 20000)": 2.787680278393878e-05,
    "(2.5, 20000)": 1.2401043623782369e-05,
    "(1.5, 50000)": 1.560172119737609e-05,
    "(2, 50000)": 6.9381438864757495e-06,
    "(2.5, 50000)": 2.86165487026439e-06
}