{
    "(1.2, 100000)": 0.00013013887337929306,
    "(1.8, 100000)": 0.00016969301951977095,
    "(2.5, 100000)": 9.08590206463372e-05
}