{
    "(1.2, 100000)": 0.00011420170661842325,
    "(1.8, 100000)": 0.0001327227503133789,
    "(2.5, 100000)": 6.935969154209801e-05
}