{
    "(1.2, 100000)": 0.00020044426784856248,
    "(1.8, 100000)": 9.649954293545817e-05,
    "(2.5, 100000)": 8.98108737409966e-05
}