{
    "(1.1, 20000)": 0.0003798947055291574,
    "(1.5, 20000)": 0.0003109290004147441,
    "(2.5, 20000)": 0.00022738914183767568
}