{
    "(1.4, 10)": 0.5641432511093143,
    "(1.9, 10)": 0.5397001215731392,
    "(2.5, 10)": 0.5223358288919281,
    "(1.4, 100)": 0.5196461165297058,
    "(1.9, 100)": 0.49619772098120196,
    "(2.5, 100)": 0.47934866862652564,
    "(1.4, 500)": 0.36274621041217575,
    "(1.9, 500)": 0.34330193081487625,
    "(2.5, 500)": 0.32858487157786165,
    "(1.4, 1000)": 0.23509458080231593,
    "(1.9, 1000)": 0.219801384190494,
    "(2.5, 1000)": 0.20741313880816195,
    "(1.4, 5000)": 0.020623910078168713,
    "(1.9, 5000)": 0.0192413752548653,
    "(2.5, 5000)": 0.016591287707349245,
    "(1.4, 10000)": 0.00629028640564873,
    "(1.9, 10000)": 0.006964530183090636,
    "(2.5, 10000)": 0.0070190473967320435,
    "(1.4, 20000)": 0.0019177963786926996,
    "(1.9, 20000)": 0.0024135135512465045,
    "(2.5, 20000)": 0.0027127899982643112,
    "(1.4, 50000)": 0.00039877890958268366,
    "(1.9, 50000)": 0.000596409170988052,
    "(2.5, 50000)": 0.0007435122179607051,
    "(1.4, 100000)": 0.00012152409899310362,
    "(1.9, 100000)": 0.0002070441421166334,
    "(2.5, 100000)": 0.00028127271650340115
}