{
    "(1.1, 10)": 0.0002520741256359578,
    "(1.5, 10)": 0.0002021469186840281,
    "(2.5, 10)": 0.0001735068276498435,
    "(5, 10)": 0.00016723047708375372,
    "(1.1, 20)": 0.00046865563328981247,
    "(1.5, 20)": 0.00037331496119090115,
    "(2.5, 20)": 0.00031853534569683964,
    "(5, 20)": 0.00030643329574259166,
    "(1.1, 50)": 0.0010136901702195726,
    "(1.5, 50)": 0.0007914097408390033,
    "(2.5, 50)": 0.0006631150856544611,
    "(5, 50)": 0.0006340998631539123,
    "(1.1, 100)": 0.0016545192138422836,
    "(1.5, 100)": 0.0012496031906802868,
    "(2.5, 100)": 0.0010143984589372015,
    "(5, 100)": 0.0009592002205412095,
    "(1.1, 200)": 0.0023518216345329215,
    "(1.5, 200)": 0.0016685560341266968,
    "(2.5, 200)": 0.0012684561737357043,
    "(5, 200)": 0.0011680179985173037,
    "(1.1, 500)": 0.002956060692785073,
    "(1.5, 500)": 0.0018287757967667092,
    "(2.5, 500)": 0.001174915958760305,
    "(5, 500)": 0.0009829847991257104,
    "(1.1, 1000)": 0.00316032588779655,
    "(1.5, 1000)": 0.0017433162004668204,
    "(2.5, 1000)": 0.0009744977451543803,
    "(5, 1000)": 0.0007156059916793018
}