{
    "(1.5, 10)": 0.5385864444968641,
    "(1.9, 10)": 0.49486798394699344,
    "(2.5, 10)": 0.46763929258328607,
    "(1.5, 100)": 0.2611908828172881,
    "(1.9, 100)": 0.22271316674247377,
    "(2.5, 100)": 0.1992343763853747,
    "(1.5, 500)": 0.034619941838901484,
    "(1.9, 500)": 0.02093994291615444,
    "(2.5, 500)": 0.011987530478235163,
    "(1.5, 1000)": 0.013923637773918928,
    "(1.9, 1000)": 0.007887133615976835,
    "(2.5, 1000)": 0.004403080353597692,
    "(1.5, 5000)": 0.0016304603477214383,
    "(1.9, 5000)": 0.0007360133686849196,
    "(2.5, 5000)": 0.00034419058897575003,
    "(1.5, 10000)": 0.0006472549251323862,
    "(1.9, 10000)": 0.0002650684232962587,
    "(2.5, 10000)": 0.0001134027906102041,
    "(1.5, 20000)": 0.000256910833156793,
    "(1.9, 20000)": 9.545378932460718e-05,
    "(2.5, 20000)": 3.7441523556322404e-05
}