{
    "(1.2, 100000)": 6.935088140962478e-05,
    "(1.8, 100000)": 0.00016501546547496718,
    "(2.5, 100000)": 0.0002461869478914278
}