{
    "(1.1, 10)": 0.0,
    "(1.5, 10)": 0.0,
    "(2.5, 10)": 0.0,
    "(1.1, 100)": 0.4524035448626491,
    "(1.5, 100)": 0.45240354486264905,
    "(2.5, 100)": 0.4524035448626491,
    "(1.1, 500)": 0.369842040848058,
    "(1.5, 500)": 0.34026729363382346,
    "(2.5, 500)": 0.30321471387564264,
    "(1.1, 1000)": 0.24467614168402932,
    "(1.5, 1000)": 0.2272238665330507,
    "(2.5, 1000)": 0.20240673942338672,
    "(1.1, 5000)": 0.02047204485765211,
    "(1.5, 5000)": 0.020167288886365424,
    "(2.5, 5000)": 0.01591897206825512,
    "(1.1, 10000)": 0.005379684346439511,
    "(1.5, 10000)": 0.0064006142774021575,
    "(2.5, 10000)": 0.006828274675685319,
    "(1.1, 20000)": 0.0014344352402400143,
    "(1.5, 20000)": 0.002016771070370793,
    "(2.5, 20000)": 0.0026378560651805017,
    "(1.1, 50000)": 0.0002495648283571883,
    "(1.5, 50000)": 0.0004379045916575813,
    "(2.5, 50000)": 0.0007239517987608044,
    "(1.1, 100000)": 6.646523930245064e-05,
    "(1.5, 100000)": 0.0001379533511919453,
    "(2.5, 100000)": 0.00027212853036634124
}