{
    "(1.5, 10)": 0.26675797772246407,
    "(1.9, 10)": 0.22222970634339193,
    "(2.5, 10)": 0.1956272833605123,
    "(5, 10)": 0.17798421026790912,
    "(30, 10)": 0.1772294748363455,
    "(1.5, 100)": 0.015134175352292249,
    "(1.9, 100)": 0.00836465280151274,
    "(2.5, 100)": 0.004583138332264535,
    "(5, 100)": 0.00038576861171696477,
    "(30, 100)": 1.5949429471613213e-05,
    "(1.5, 500)": 0.0017758559255804279,
    "(1.9, 500)": 0.0007935451437354132,
    "(2.5, 500)": 0.00036577526099099123,
    "(5, 500)": 0.00011516667854209739,
    "(30, 500)": 4.336974918364627e-19,
    "(1.5, 1000)": 0.0006922309303215192,
    "(1.9, 1000)": 0.0002860883073300628,
    "(2.5, 1000)": 0.00012090173377445954,
    "(5, 1000)": 2.9943059621280187e-05,
    "(30, 1000)": 4.3368083048626743e-19,
    "(1.5, 5000)": 6.462721568969243e-05,
    "(1.9, 5000)": 2.6363237172625484e-05,
    "(2.5, 5000)": 9.231210935262277e-06,
    "(5, 5000)": 1.5127222576133043e-06,
    "(30, 5000)": 4.3368067228941176e-19,
    "(1.5, 10000)": 1.8124781151537956e-05,
    "(1.9, 10000)": 9.2417692294528e-06,
    "(2.5, 10000)": 3.045180239212462e-06,
    "(5, 10000)": 3.9214708242257455e-07,
    "(30, 10000)": 4.33680480779182e-19,
    "(1.5, 20000)": 3.3310915863157776e-06,
    "(1.9, 20000)": 3.1019765123639845e-06,
    "(2.5, 20000)": 1.003861508875547e-06,
    "(5, 20000)": 1.1162759146394545e-07,
    "(30, 20000)": 4.336800875444246e-19,
    "(1.5, 50000)": 8.024165129861993e-08,
    "(1.9, 50000)": 6.101235661272845e-07,
    "(2.5, 50000)": 2.308314784519152e-07,
    "(5, 50000)": 2.1588297267857093e-08,
    "(30, 50000)": 4.3367891974207107e-19
}