{
    "(1.1, 1000)": 0.000378670202019379,
    "(1.5, 1000)": 0.0002785904199604383,
    "(2.5, 1000)": 0.0002195020321784598,
    "(1.1, 5000)": 0.0006424451997284051,
    "(1.5, 5000)": 0.00039842035984648364,
    "(2.5, 5000)": 0.0002591116132791221,
    "(1.1, 10000)": 0.0007130934284940378,
    "(1.5, 10000)": 0.00040725586217428886,
    "(2.5, 10000)": 0.0002438057368606621,
    "(1.1, 20000)": 0.0007495785630471675,
    "(1.5, 20000)": 0.00039115344831720035,
    "(2.5, 20000)": 0.00021260255116595264,
    "(1.1, 50000)": 0.0007465658459237544,
    "(1.5, 50000)": 0.00034456208958215357,
    "(2.5, 50000)": 0.00016230079931365835,
    "(1.1, 100000)": 0.0007105215101530479,
    "(1.5, 100000)": 0.00030265116441939013,
    "(2.5, 100000)": 0.00012851189425936222
}