{
    "(1.2, 100000)": 0.00456156856604796,
    "(1.8, 100000)": 0.0016877664260149163,
    "(2.5, 100000)": 0.000708633833342457
}