{
    "(1.4, 1000)": 0.21625409405972573,
    "(1.9, 1000)": 0.2016950370692828,
    "(2.5, 1000)": 0.18972597708446412,
    "(1.4, 5000)": 0.01736734727621008,
    "(1.9, 5000)": 0.016513500102371192,
    "(2.5, 5000)": 0.014399537836591486,
    "(1.4, 10000)": 0.0053486561623480675,
    "(1.9, 10000)": 0.006054170436279652,
    "(2.5, 10000)": 0.006247825107239488,
    "(1.4, 20000)": 0.0016256871545359804,
    "(1.9, 20000)": 0.002084773042786676,
    "(2.5, 20000)": 0.002356991552050569,
    "(1.4, 50000)": 0.0003356014631595169,
    "(1.9, 50000)": 0.0005154033303615881,
    "(2.5, 50000)": 0.000651179903539963,
    "(1.4, 100000)": 0.00010029127296290036,
    "(1.9, 100000)": 0.0001787614624792774,
    "(2.5, 100000)": 0.0002461741172830263
}