{
    "(1.1, 10)": 0.5064091554487844,
    "(1.5, 10)": 0.4816118458351233,
    "(2.5, 10)": 0.44821605960517785,
    "(1.1, 100)": 0.13319506049419683,
    "(1.5, 100)": 0.12211607101062545,
    "(2.5, 100)": 0.10393288843171763,
    "(1.1, 500)": 0.006882137066356355,
    "(1.5, 500)": 0.007823158752262794,
    "(2.5, 500)": 0.007990707981496188,
    "(1.1, 1000)": 0.0018467870949094348,
    "(1.5, 1000)": 0.002479317718536152,
    "(2.5, 1000)": 0.003194177136256335,
    "(1.1, 5000)": 8.571108802414946e-05,
    "(1.5, 5000)": 0.00016985432254531182,
    "(2.5, 5000)": 0.00032870433826295267,
    "(1.1, 10000)": 2.2744099269600333e-05,
    "(1.5, 10000)": 5.351568362490852e-05,
    "(2.5, 10000)": 0.0001246273589264852,
    "(1.1, 20000)": 5.980067890273902e-06,
    "(1.5, 20000)": 1.6853326652091436e-05,
    "(2.5, 20000)": 4.722467133469669e-05,
    "(1.1, 50000)": 9.685877378730036e-07,
    "(1.5, 50000)": 3.6550719269362056e-06,
    "(2.5, 50000)": 1.3093746949578048e-05
}