{
    "(1.1, 20000)": 0.0006375498155534543,
    "(1.5, 20000)": 0.00041539790225078376,
    "(2.5, 20000)": 0.0002646589105292324
}