{
    "(1.1, 1000)": 0.0033400184899889146,
    "(1.5, 1000)": 0.0032543772910517787,
    "(2.5, 1000)": 0.002763308734373346,
    "(1.1, 5000)": 0.0010984111454686843,
    "(1.5, 5000)": 0.001020563245304947,
    "(2.5, 5000)": 0.0008287922880338165,
    "(1.1, 10000)": 0.0006836340965180095,
    "(1.5, 10000)": 0.00062073930188612,
    "(2.5, 10000)": 0.0004974698686355045,
    "(1.1, 20000)": 0.0004261562315891888,
    "(1.5, 20000)": 0.0003777897473669314,
    "(2.5, 20000)": 0.0002976680935750159,
    "(1.1, 50000)": 0.00022849149345289136,
    "(1.5, 50000)": 0.00019609423055939992,
    "(2.5, 50000)": 0.0001515066272976936,
    "(1.1, 100000)": 0.00014267698448620661,
    "(1.5, 100000)": 0.00011944744090604733,
    "(2.5, 100000)": 9.085890728415169e-05
}