{
    "(1.5, 10)": 0.0,
    "(1.9, 10)": 0.0,
    "(2.5, 10)": 0.0,
    "(5, 10)": 0.0,
    "(1.5, 100)": 0.00712738636883041,
    "(1.9, 100)": 0.00712738636883041,
    "(2.5, 100)": 0.00712738636883041,
    "(5, 100)": 0.00712738636883041,
    "(1.5, 500)": 0.005070857604336933,
    "(1.9, 500)": 0.00482512388124841,
    "(2.5, 500)": 0.0031533476276901615,
    "(5, 500)": 0.0031533476276901615,
    "(1.5, 1000)": 0.005391642513807155,
    "(1.9, 1000)": 0.004204344789490777,
    "(2.5, 1000)": 0.00317873406744589,
    "(5, 1000)": 0.0022250965916122854,
    "(1.5, 5000)": 0.0042776225444609815,
    "(1.9, 5000)": 0.002704706563643315,
    "(2.5, 5000)": 0.0018488560630443515,
    "(5, 5000)": 0.0011713567165466557,
    "(1.5, 10000)": 0.0037015218430904496,
    "(1.9, 10000)": 0.0022515081880390693,
    "(2.5, 10000)": 0.0014770792243947427,
    "(5, 10000)": 0.0008271308817194662,
    "(1.5, 20000)": 0.0031640817487604746,
    "(1.9, 20000)": 0.0017972161995811853,
    "(2.5, 20000)": 0.0011245332172229387,
    "(5, 20000)": 0.0005843093385847624,
    "(1.5, 50000)": 0.0024962188212662773,
    "(1.9, 50000)": 0.0013102721987988091,
    "(2.5, 50000)": 0.0007784810158878539,
    "(5, 50000)": 0.0003896952583894904
}