{
    "(1.1, 50000)": 0.0003464798271885975,
    "(1.5, 50000)": 0.00022589710312593013,
    "(2.5, 50000)": 0.00014223602126345032
}