{
    "(1.2, 100000)": 1.850511577052801e-14,
    "(1.8, 100000)": 1.0079444309238606e-07,
    "(2.5, 100000)": 4.1710314249713614e-07
}