{
    "(1.2, 100000)": 0.0001173909859894872,
    "(1.8, 100000)": 0.00013995080657579345,
    "(2.5, 100000)": 7.352475204295801e-05
}