{
    "(1.1, 1000)": 0.004578888871676517,
    "(1.5, 1000)": 0.003052432810179127,
    "(2.5, 1000)": 0.002199179105451249,
    "(1.1, 5000)": 0.001685451782326565,
    "(1.5, 5000)": 0.0011361891919225698,
    "(2.5, 5000)": 0.0008013699412117586,
    "(1.1, 10000)": 0.00108743595018458,
    "(1.5, 10000)": 0.0007330631772136516,
    "(2.5, 10000)": 0.0005125579321069119,
    "(1.1, 20000)": 0.0006989625240634207,
    "(1.5, 20000)": 0.00047040343626049956,
    "(2.5, 20000)": 0.00032630319141679876,
    "(1.1, 50000)": 0.00038772003489707463,
    "(1.5, 50000)": 0.00025987033106949836,
    "(2.5, 50000)": 0.0001782521872264699,
    "(1.1, 100000)": 0.00024742210173747957,
    "(1.5, 100000)": 0.0001651163862159571,
    "(2.5, 100000)": 0.00011221600595358865
}