{
    "(1.2, 100000)": 0.00019902632419255872,
    "(1.8, 100000)": 9.511804274957422e-05,
    "(2.5, 100000)": 8.794663114820025e-05
}