{
    "(1.5, 10)": 0.0,
    "(1.9, 10)": 0.0,
    "(2.5, 10)": 0.0,
    "(1.5, 100)": 0.49502475102459687,
    "(1.9, 100)": 0.49502475102459664,
    "(2.5, 100)": 0.49502475102459687,
    "(1.5, 500)": 0.5370190767109888,
    "(1.9, 500)": 0.5110332578818736,
    "(2.5, 500)": 0.47561391872583575,
    "(1.5, 1000)": 0.5386281868196208,
    "(1.9, 1000)": 0.4949605087202949,
    "(2.5, 1000)": 0.46776868783853287,
    "(1.5, 5000)": 0.3902815609168434,
    "(1.9, 5000)": 0.34629754199193696,
    "(2.5, 5000)": 0.3200382737614014,
    "(1.5, 10000)": 0.26096839986746706,
    "(1.9, 10000)": 0.22290627020101714,
    "(2.5, 10000)": 0.19965250734745046,
    "(1.5, 20000)": 0.12782714816599106,
    "(1.9, 20000)": 0.0992619494318395,
    "(2.5, 20000)": 0.08116655321705112,
    "(1.5, 50000)": 0.034413393775455235,
    "(1.9, 50000)": 0.020890844967259486,
    "(2.5, 50000)": 0.012004134273235404
}