{
    "(1.1, 1000)": 0.0036592894112997586,
    "(1.5, 1000)": 0.0038479241915759734,
    "(2.5, 1000)": 0.0035317294784119905,
    "(1.1, 5000)": 0.0012056353639234563,
    "(1.5, 5000)": 0.0012070098639035095,
    "(2.5, 5000)": 0.0010436959903352275,
    "(1.1, 10000)": 0.0007506634798444227,
    "(1.5, 10000)": 0.0007344125467194067,
    "(2.5, 10000)": 0.000629528546650344,
    "(1.1, 20000)": 0.00046805863375588873,
    "(1.5, 20000)": 0.0004470490585481153,
    "(2.5, 20000)": 0.00037671333321779617,
    "(1.1, 50000)": 0.00025101170659954557,
    "(1.5, 50000)": 0.00023208237280973167,
    "(2.5, 50000)": 0.00019165075025386793
}