{
    "(1.1, 20000)": 0.0006695731628145122,
    "(1.5, 20000)": 0.0004512323489614906,
    "(2.5, 20000)": 0.0003043085822786233
}