{
    "(1.1, 10)": 0.6890517139506029,
    "(1.5, 10)": 0.5508150733030861,
    "(2.5, 10)": 0.4704898370611082,
    "(5, 10)": 0.4527604458263482,
    "(1.1, 100)": 0.36905082706539294,
    "(1.5, 100)": 0.2619620336278877,
    "(2.5, 100)": 0.19932792437487068,
    "(5, 100)": 0.18382672250939625,
    "(1.1, 500)": 0.07651523294574004,
    "(1.5, 500)": 0.034715544338989594,
    "(2.5, 500)": 0.011993757746355303,
    "(5, 500)": 0.0037417217892796446,
    "(1.1, 1000)": 0.03597058421985759,
    "(1.5, 1000)": 0.013958446593476384,
    "(2.5, 1000)": 0.004405435885788001,
    "(5, 1000)": 0.0003882378014514166,
    "(1.1, 5000)": 0.00620999374462381,
    "(1.5, 5000)": 0.0016340052421213965,
    "(2.5, 5000)": 0.0003443412230542939,
    "(5, 5000)": 0.00011028330182177864,
    "(1.1, 10000)": 0.0029078186566585344,
    "(1.5, 10000)": 0.0006485846435870057,
    "(2.5, 10000)": 0.00011345541790302978,
    "(5, 10000)": 2.7784254461204115e-05,
    "(1.1, 20000)": 0.0013572759455888015,
    "(1.5, 20000)": 0.0002574115226188065,
    "(2.5, 20000)": 3.745822256338004e-05,
    "(5, 20000)": 5.141524580738612e-06,
    "(1.1, 50000)": 0.000490232321417105,
    "(1.5, 50000)": 7.586262572182898e-05,
    "(2.5, 50000)": 8.647074600912296e-06,
    "(5, 50000)": 1.4364775482081935e-06
}