{
    "(1.5, 10)": 5.155568504944024e-07,
    "(1.9, 10)": 4.758314880876674e-07,
    "(2.5, 10)": 4.5127117344264116e-07,
    "(1.5, 100)": 4.7763814271108616e-06,
    "(1.9, 100)": 4.349550141791975e-06,
    "(2.5, 100)": 4.100742570356169e-06,
    "(1.5, 500)": 1.9483979680137747e-05,
    "(1.9, 500)": 1.749817503940653e-05,
    "(2.5, 500)": 1.63290735061345e-05,
    "(1.5, 1000)": 3.0910853610770766e-05,
    "(1.9, 1000)": 2.7279517193085634e-05,
    "(2.5, 1000)": 2.511239816195864e-05,
    "(1.5, 5000)": 4.5444113272205696e-05,
    "(1.9, 5000)": 3.5547907288143246e-05,
    "(2.5, 5000)": 2.9271497830575542e-05,
    "(1.5, 10000)": 4.335919468019337e-05,
    "(1.9, 10000)": 3.167545678989699e-05,
    "(2.5, 10000)": 2.430263711820012e-05,
    "(1.5, 20000)": 3.964244110080907e-05,
    "(1.9, 20000)": 2.7264515131267122e-05,
    "(2.5, 20000)": 1.990167080734909e-05,
    "(1.5, 50000)": 3.365696063201214e-05,
    "(1.9, 50000)": 2.1376792620744534e-05,
    "(2.5, 50000)": 1.463296523668603e-05
}