{
    "(1.4, 10)": 5.248410112819277e-06,
    "(1.9, 10)": 4.590319760799282e-06,
    "(2.5, 10)": 4.32261353128314e-06,
    "(1.4, 100)": 3.1337028503826966e-05,
    "(1.9, 100)": 2.5678987472305856e-05,
    "(2.5, 100)": 2.329189613690046e-05,
    "(1.4, 500)": 4.9103302485265996e-05,
    "(1.9, 500)": 3.57424586708038e-05,
    "(2.5, 500)": 2.995455811221382e-05,
    "(1.4, 1000)": 5.4442713665326953e-05,
    "(1.9, 1000)": 3.809983125287937e-05,
    "(2.5, 1000)": 3.126924693786536e-05,
    "(1.4, 5000)": 6.341760158482894e-05,
    "(1.9, 5000)": 4.131587700460002e-05,
    "(2.5, 5000)": 3.2813884390466106e-05,
    "(1.4, 10000)": 6.61749412442203e-05,
    "(1.9, 10000)": 4.210329455058665e-05,
    "(2.5, 10000)": 3.313701339373176e-05,
    "(1.4, 20000)": 6.843038308723544e-05,
    "(1.9, 20000)": 4.2670311477731794e-05,
    "(2.5, 20000)": 3.3350223230902456e-05,
    "(1.4, 50000)": 7.078150124334612e-05,
    "(1.9, 50000)": 4.3183992691045166e-05,
    "(2.5, 50000)": 3.352506855072572e-05,
    "(1.4, 100000)": 7.215997612416766e-05,
    "(1.9, 100000)": 4.344850283557406e-05,
    "(2.5, 100000)": 3.360624355246529e-05
}