{
    "(1.1, 10)": 0.0,
    "(1.5, 10)": 0.0,
    "(2.5, 10)": 0.0,
    "(5, 10)": 0.0,
    "(1.1, 100)": 1.5792368471431895e-05,
    "(1.5, 100)": 1.5792368471431895e-05,
    "(2.5, 100)": 1.5792368471431895e-05,
    "(5, 100)": 1.5792368471431895e-05,
    "(1.1, 500)": 8.871351776421921e-05,
    "(1.5, 500)": 7.176848013863513e-05,
    "(2.5, 500)": 6.237626712074536e-05,
    "(5, 500)": 6.237626712074536e-05,
    "(1.1, 1000)": 0.0001530456338468573,
    "(1.5, 1000)": 0.00011971267590954883,
    "(2.5, 1000)": 9.95310460330332e-05,
    "(5, 1000)": 9.483636393392375e-05,
    "(1.1, 5000)": 0.0002831164267406293,
    "(1.5, 5000)": 0.0001795567754054823,
    "(2.5, 5000)": 0.00011661514192169977,
    "(5, 5000)": 9.801474834513392e-05,
    "(1.1, 10000)": 0.0003041191064724169,
    "(1.5, 10000)": 0.00017168633175416905,
    "(2.5, 10000)": 9.698842101812451e-05,
    "(5, 10000)": 7.141695039889176e-05,
    "(1.1, 20000)": 0.000312890335642481,
    "(1.5, 20000)": 0.0001572103588024327,
    "(2.5, 20000)": 7.945388458920053e-05,
    "(5, 20000)": 5.1815501547735375e-05,
    "(1.1, 50000)": 0.0003118526248487987,
    "(1.5, 50000)": 0.00013359452834131163,
    "(2.5, 50000)": 5.844965609517306e-05,
    "(5, 50000)": 3.4934933013833695e-05
}