{
    "(1.5, 10)": 4.1763726171491835e-05,
    "(1.9, 10)": 4.1763726171491835e-05,
    "(2.5, 10)": 4.1763726171491835e-05,
    "(1.5, 100)": 0.0003022065105167166,
    "(1.9, 100)": 0.0002712239477081218,
    "(2.5, 100)": 0.00025123894106294776,
    "(1.5, 500)": 0.00045116057025601747,
    "(1.9, 500)": 0.0003543619596126358,
    "(2.5, 500)": 0.00029250024493734055,
    "(1.5, 1000)": 0.0004311233946499346,
    "(1.9, 1000)": 0.00031623368078398476,
    "(2.5, 1000)": 0.00024304868941158158,
    "(1.5, 5000)": 0.0003353076798106584,
    "(1.9, 5000)": 0.00021358171948059724,
    "(2.5, 5000)": 0.00014638541224683868,
    "(1.5, 10000)": 0.00028954602087483664,
    "(1.9, 10000)": 0.0001736084551159394,
    "(2.5, 10000)": 0.00011360855542011822
}