{
    "(1.4, 10)": 2.1935106330356616e-10,
    "(1.9, 10)": 1.930710835215042e-10,
    "(2.5, 10)": 1.824132945253563e-10,
    "(1.4, 100)": 2.0875896886326224e-09,
    "(1.9, 100)": 1.8374075574283598e-09,
    "(2.5, 100)": 1.7359434454547585e-09,
    "(1.4, 500)": 1.0374529593038627e-08,
    "(1.9, 500)": 9.129619269404486e-09,
    "(2.5, 500)": 8.6246595672049e-09,
    "(1.4, 1000)": 2.068542256824869e-08,
    "(1.9, 1000)": 1.8199248868116335e-08,
    "(2.5, 1000)": 1.719062753983005e-08,
    "(1.4, 5000)": 1.012892740618596e-07,
    "(1.9, 5000)": 8.895875139657211e-08,
    "(2.5, 5000)": 8.394919322056847e-08,
    "(1.4, 10000)": 1.9748550046823218e-07,
    "(1.9, 10000)": 1.7306126300176185e-07,
    "(2.5, 10000)": 1.6312076489695253e-07,
    "(1.4, 20000)": 3.7563324270139123e-07,
    "(1.9, 20000)": 3.277096964243286e-07,
    "(2.5, 20000)": 3.0813703306559237e-07,
    "(1.4, 50000)": 8.120512016057986e-07,
    "(1.9, 50000)": 6.988166900141572e-07,
    "(2.5, 50000)": 6.521049422912874e-07,
    "(1.4, 100000)": 1.296743918189387e-06,
    "(1.9, 100000)": 1.0900173633327884e-06,
    "(2.5, 100000)": 1.0034317561820318e-06,
    "(1.4, 200000)": 1.7570756875622256e-06,
    "(1.9, 200000)": 1.4089346453124456e-06,
    "(2.5, 200000)": 1.2594180898326116e-06
}