{
    "(1.1, 20000)": 0.0006488887675142268,
    "(1.5, 20000)": 0.0004290324025360555,
    "(2.5, 20000)": 0.00027982016393462034
}