{
    "(1.2, 100000)": 0.00010928107746792496,
    "(1.8, 100000)": 0.00012102601066249563,
    "(2.5, 100000)": 6.26357213662635e-05
}