{
    "(1.1, 50000)": 0.00024785239156931556,
    "(1.5, 50000)": 0.00023173145230836995,
    "(2.5, 50000)": 0.00019164977928812715
}