{
    "(1.1, 10)": 0.6908385316783132,
    "(1.5, 10)": 0.5508628914787886,
    "(2.5, 10)": 0.47048994251476967,
    "(5, 10)": 0.45276044582674535,
    "(1.1, 20)": 0.641166936973584,
    "(1.5, 20)": 0.5052854468583985,
    "(2.5, 20)": 0.42707397997695973,
    "(5, 20)": 0.4095886815407271,
    "(1.1, 50)": 0.5162760682528593,
    "(1.5, 50)": 0.3920084623532484,
    "(2.5, 50)": 0.3200014537610552,
    "(5, 50)": 0.3032614067630384,
    "(1.1, 100)": 0.36916642129274335,
    "(1.5, 100)": 0.26198346647932047,
    "(2.5, 100)": 0.19932801680238238,
    "(5, 100)": 0.18382672250964283,
    "(1.1, 200)": 0.20934815760240488,
    "(1.5, 200)": 0.12848225616972078,
    "(2.5, 200)": 0.08090989909610669,
    "(5, 200)": 0.06769920382500695,
    "(1.1, 500)": 0.07626301808380091,
    "(1.5, 500)": 0.034713983231130945,
    "(2.5, 500)": 0.011993761050532264,
    "(5, 500)": 0.0037417217892858207,
    "(1.1, 1000)": 0.03578219974949278,
    "(1.5, 1000)": 0.01395700188623259,
    "(2.5, 1000)": 0.004405436295204138,
    "(5, 1000)": 0.00038823780145148465
}