{
    "(1.1, 10)": 0.0005594832817822544,
    "(1.5, 10)": 0.0004619091645819672,
    "(2.5, 10)": 0.00039708334630885584,
    "(1.1, 100)": 0.003575128311869699,
    "(1.5, 100)": 0.00263631154519657,
    "(2.5, 100)": 0.002078770591179161,
    "(1.1, 500)": 0.005987048541240138,
    "(1.5, 500)": 0.0036277240020445795,
    "(2.5, 500)": 0.002302584536937685,
    "(1.1, 1000)": 0.006514486727790803,
    "(1.5, 1000)": 0.003565198973327984,
    "(2.5, 1000)": 0.0020386945121435747,
    "(1.1, 5000)": 0.006716985161177091,
    "(1.5, 5000)": 0.002833563788157211,
    "(2.5, 5000)": 0.0012529234831163273,
    "(1.1, 10000)": 0.006535600341939036,
    "(1.5, 10000)": 0.0024588365103662023,
    "(2.5, 10000)": 0.000979802222582063,
    "(1.1, 20000)": 0.006240801309580534,
    "(1.5, 20000)": 0.0020994387451369785,
    "(2.5, 20000)": 0.0007543207660035461,
    "(1.1, 50000)": 0.005666859993202365,
    "(1.5, 50000)": 0.0016722204055084323,
    "(2.5, 50000)": 0.0005245400873482699
}