{
    "(1.1, 20000)": 0.0006872837071427444,
    "(1.5, 20000)": 0.000470141489948986,
    "(2.5, 20000)": 0.00032630318576202654
}