{
    "(1.2, 100000)": 0.00023844811387658356,
    "(1.8, 100000)": 8.268494480389876e-05,
    "(2.5, 100000)": 4.84035912451707e-05
}