{
    "(1.1, 10)": 0.6908385316783145,
    "(1.5, 10)": 0.5508628914787862,
    "(2.5, 10)": 0.4704899425147691,
    "(5, 10)": 0.4527604458267459,
    "(1.1, 20)": 0.641166936973584,
    "(1.5, 20)": 0.5052854468584009,
    "(2.5, 20)": 0.4270739799769605,
    "(5, 20)": 0.40958868154072736,
    "(1.1, 50)": 0.5162760682528573,
    "(1.5, 50)": 0.3920084623532488,
    "(2.5, 50)": 0.3200014537610539,
    "(5, 50)": 0.30326140676303776,
    "(1.1, 100)": 0.3691664212927449,
    "(1.5, 100)": 0.2619834664793203,
    "(2.5, 100)": 0.19932801680238157,
    "(5, 100)": 0.18382672250964283,
    "(1.1, 200)": 0.20934815760240502,
    "(1.5, 200)": 0.12848225616972084,
    "(2.5, 200)": 0.08090989909610634,
    "(5, 200)": 0.06769920382500685,
    "(1.1, 500)": 0.07626301808380107,
    "(1.5, 500)": 0.03471398323113094,
    "(2.5, 500)": 0.011993761050532313,
    "(5, 500)": 0.0037417217892858116,
    "(1.1, 1000)": 0.0357821997494928,
    "(1.5, 1000)": 0.0139570018862326,
    "(2.5, 1000)": 0.004405436295204144,
    "(5, 1000)": 0.0003882378014514869,
    "(1.1, 2000)": 0.016756262799247343,
    "(1.5, 2000)": 0.005538564547300613,
    "(2.5, 2000)": 0.0015210212255433316,
    "(5, 2000)": 0.0002702205507913729
}