{
    "(1.1, 20000)": 0.0006432087881068507,
    "(1.5, 20000)": 0.00042258744829302817,
    "(2.5, 20000)": 0.0002727791936817963
}