{
    "(1.4, 1000)": 0.00014965652328992912,
    "(1.9, 1000)": 0.00012525053260352648,
    "(2.5, 1000)": 0.00011500367691890547,
    "(1.4, 5000)": 0.00021834682248144988,
    "(1.9, 5000)": 0.0001545677789068323,
    "(2.5, 5000)": 0.00012606388790964293,
    "(1.4, 10000)": 0.0002115800121399203,
    "(1.9, 10000)": 0.00013710252430747277,
    "(2.5, 10000)": 0.0001044592811510683,
    "(1.4, 20000)": 0.00019650716786950728,
    "(1.9, 20000)": 0.0001174979805637254,
    "(2.5, 20000)": 8.526237776559497e-05,
    "(1.4, 50000)": 0.00017023747599752582,
    "(1.9, 50000)": 9.177540662119586e-05,
    "(2.5, 50000)": 6.246674099975005e-05,
    "(1.4, 100000)": 0.00014853484918333828,
    "(1.9, 100000)": 7.443102227814633e-05,
    "(2.5, 100000)": 4.84035420547196e-05
}