{
    "(1.2, 100000)": 0.00011062891302291451,
    "(1.8, 100000)": 0.0001244433528412625,
    "(2.5, 100000)": 6.460259940166712e-05
}