{
    "(1.1, 10)": 0.0,
    "(1.5, 10)": 0.0,
    "(2.5, 10)": 0.0,
    "(5, 10)": 0.0,
    "(1.1, 100)": 0.4524035448626491,
    "(1.5, 100)": 0.4524035448626491,
    "(2.5, 100)": 0.4524035448626491,
    "(5, 100)": 0.4524035448626491,
    "(1.1, 500)": 0.36984204084805833,
    "(1.5, 500)": 0.3402672936338234,
    "(2.5, 500)": 0.30321471387564264,
    "(5, 500)": 0.30321471387564264,
    "(1.1, 1000)": 0.24467614168402893,
    "(1.5, 1000)": 0.2272238665330506,
    "(2.5, 1000)": 0.2024067394233867,
    "(5, 1000)": 0.18387835619068668,
    "(1.1, 5000)": 0.020472044857652135,
    "(1.5, 5000)": 0.02016728888636537,
    "(2.5, 5000)": 0.015918972068255096,
    "(5, 5000)": 0.006704896611039313,
    "(1.1, 10000)": 0.005379684346439492,
    "(1.5, 10000)": 0.0064006142774021705,
    "(2.5, 10000)": 0.006828274675685307,
    "(5, 10000)": 0.002880788728829013,
    "(1.1, 20000)": 0.0014344352402400173,
    "(1.5, 20000)": 0.0020167710703707952,
    "(2.5, 20000)": 0.0026378560651804947,
    "(5, 20000)": 0.002091288036900953,
    "(1.1, 50000)": 0.00024956482835718875,
    "(1.5, 50000)": 0.00043790459165758054,
    "(2.5, 50000)": 0.0007239517987608039,
    "(5, 50000)": 0.0010053285376554202
}