{
    "(1.1, 10)": 0.5846680688692856,
    "(1.5, 10)": 0.557649702973671,
    "(2.5, 10)": 0.522297935977149,
    "(5, 10)": 0.4991965862461015,
    "(1.1, 100)": 0.540718818876057,
    "(1.5, 100)": 0.5139742969852525,
    "(2.5, 100)": 0.4793486447811353,
    "(5, 100)": 0.45656646283775126,
    "(1.1, 500)": 0.37940835481417007,
    "(1.5, 500)": 0.35814143563964,
    "(2.5, 500)": 0.3285848695575559,
    "(5, 500)": 0.3073301963406188,
    "(1.1, 1000)": 0.24737957437294483,
    "(1.5, 1000)": 0.23157427128084687,
    "(2.5, 1000)": 0.20741313880816237,
    "(5, 1000)": 0.18793414792562296,
    "(1.1, 5000)": 0.020628014750172764,
    "(1.5, 5000)": 0.020453389791621007,
    "(2.5, 5000)": 0.016591287829148548,
    "(5, 5000)": 0.006968503423633987,
    "(1.1, 10000)": 0.005420408356020446,
    "(1.5, 10000)": 0.006489592508653583,
    "(2.5, 10000)": 0.007019047439003149,
    "(5, 10000)": 0.0031396455482759506
}