{
    "(1.1, 10)": 0.39028607721519903,
    "(1.5, 10)": 0.2667579777224635,
    "(1.9, 10)": 0.22222970634339245,
    "(2.5, 10)": 0.19562728336051272,
    "(5, 10)": 0.17798421026790912,
    "(30, 10)": 0.1772294748363458,
    "(1.1, 100)": 0.03946771448706709,
    "(1.5, 100)": 0.01513417535229227,
    "(1.9, 100)": 0.008364652801512766,
    "(2.5, 100)": 0.004583138332264521,
    "(5, 100)": 0.0003857686117169654,
    "(30, 100)": 1.5949429471613484e-05,
    "(1.1, 500)": 0.00573907900142773,
    "(1.5, 500)": 0.0017758559255804287,
    "(1.9, 500)": 0.0007935451437354129,
    "(2.5, 500)": 0.00036577526099099107,
    "(5, 500)": 0.00011516667854209716,
    "(30, 500)": 4.336974937934565e-19,
    "(1.1, 1000)": 0.00211368485668832,
    "(1.5, 1000)": 0.000692230930321519,
    "(1.9, 1000)": 0.00028608830733006227,
    "(2.5, 1000)": 0.0001209017337744602,
    "(5, 1000)": 2.994305962128009e-05,
    "(30, 1000)": 4.3368083926885677e-19,
    "(1.1, 5000)": 4.650564156696095e-05,
    "(1.5, 5000)": 6.462721568969236e-05,
    "(1.9, 5000)": 2.636323717262546e-05,
    "(2.5, 5000)": 9.231210935262275e-06,
    "(5, 5000)": 1.5127222576133028e-06,
    "(30, 5000)": 4.3368067270782384e-19,
    "(1.1, 10000)": 1.5586247836837157e-06,
    "(1.5, 10000)": 1.8124781151537905e-05,
    "(1.9, 10000)": 9.241769229452805e-06,
    "(2.5, 10000)": 3.0451802392124736e-06,
    "(5, 10000)": 3.921470824225703e-07,
    "(30, 10000)": 4.336804935136425e-19,
    "(1.1, 20000)": 3.5580322824952215e-09,
    "(1.5, 20000)": 3.3310915863158255e-06,
    "(1.9, 20000)": 3.101976512363988e-06,
    "(2.5, 20000)": 1.0038615088755423e-06,
    "(5, 20000)": 1.1162759146394883e-07,
    "(30, 20000)": 4.336800888199073e-19,
    "(1.1, 50000)": 1.373555635967856e-16,
    "(1.5, 50000)": 8.024165129862341e-08,
    "(1.9, 50000)": 6.101235661272848e-07,
    "(2.5, 50000)": 2.308314784519188e-07,
    "(5, 50000)": 2.15882972678557e-08,
    "(30, 50000)": 4.3367891753071917e-19
}