{
    "(1.1, 50000)": 0.00019566968143513536,
    "(1.5, 50000)": 0.00015010955430683944,
    "(2.5, 50000)": 0.00010445485008780486
}