{
    "(1.1, 1000)": 0.0034906809138944323,
    "(1.5, 1000)": 0.0018996867503370649,
    "(2.5, 1000)": 0.0010466893572546876,
    "(1.1, 5000)": 0.003523598112180344,
    "(1.5, 5000)": 0.0014623126349640827,
    "(2.5, 5000)": 0.0006258223146651941,
    "(1.1, 10000)": 0.00341598859288566,
    "(1.5, 10000)": 0.0012593319003300744,
    "(2.5, 10000)": 0.0004848644857645165,
    "(1.1, 20000)": 0.003256333181523543,
    "(1.5, 20000)": 0.0010691280357962415,
    "(2.5, 20000)": 0.0003707445083684518,
    "(1.1, 50000)": 0.0029578238684383486,
    "(1.5, 50000)": 0.0008467642320083703,
    "(2.5, 50000)": 0.00025599102891422145,
    "(1.1, 100000)": 0.0026425881463532884,
    "(1.5, 100000)": 0.0007026332016378396,
    "(2.5, 100000)": 0.00019162475968394723
}