{
    "(1.2, 100000)": 0.00010974538658779177,
    "(1.8, 100000)": 0.0001222589354490957,
    "(2.5, 100000)": 6.334657806737058e-05
}