{
    "(1.1, 10)": 2.6059734197420482e-06,
    "(1.5, 10)": 2.1050460968934894e-06,
    "(2.5, 10)": 1.8150709854929961e-06,
    "(1.1, 100)": 2.385747809958878e-05,
    "(1.5, 100)": 1.9123681483832073e-05,
    "(2.5, 100)": 1.640528079923745e-05,
    "(1.1, 500)": 9.976161156472904e-05,
    "(1.5, 500)": 7.794752451063292e-05,
    "(2.5, 500)": 6.531721597475949e-05,
    "(1.1, 1000)": 0.00016339327196587675,
    "(1.5, 1000)": 0.00012365375419587702,
    "(2.5, 1000)": 0.0001004504593705149,
    "(1.1, 5000)": 0.0002923503030586523,
    "(1.5, 5000)": 0.0001817831618719223,
    "(2.5, 5000)": 0.0001170863553261883,
    "(1.1, 10000)": 0.000312774246484666,
    "(1.5, 10000)": 0.0001734409228753018,
    "(2.5, 10000)": 9.721077682794373e-05,
    "(1.1, 20000)": 0.0003205897517212119,
    "(1.5, 20000)": 0.00015857151075643507,
    "(2.5, 20000)": 7.960681968535648e-05,
    "(1.1, 50000)": 0.000317806267656114,
    "(1.5, 50000)": 0.00013462571620096196,
    "(2.5, 50000)": 5.8531934707053266e-05,
    "(1.1, 100000)": 0.00030878690965776054,
    "(1.5, 100000)": 0.00011618580723818034,
    "(2.5, 100000)": 4.5439453516502296e-05,
    "(1.1, 200000)": 0.00029501684849626966,
    "(1.5, 200000)": 9.880974236756343e-05,
    "(2.5, 200000)": 3.479971791014865e-05
}