{
    "(1.5, 10)": 0.0,
    "(1.9, 10)": 0.0,
    "(2.5, 10)": 0.0,
    "(5, 10)": 0.0,
    "(1.5, 100)": 1.594942946578455e-05,
    "(1.9, 100)": 1.594942946578455e-05,
    "(2.5, 100)": 1.594942946578455e-05,
    "(5, 100)": 1.594942946578455e-05,
    "(1.5, 500)": 1.978882634069273e-09,
    "(1.9, 500)": 7.692182133263154e-08,
    "(2.5, 500)": 1.6637887315325927e-23,
    "(5, 500)": 1.6637887315325927e-23,
    "(1.5, 1000)": 5.344960164306226e-08,
    "(1.9, 1000)": 5.123735086596528e-08,
    "(2.5, 1000)": 5.415937248964882e-10,
    "(5, 1000)": 5.546667443812215e-46,
    "(1.5, 5000)": 1.6090582445338597e-08,
    "(1.9, 5000)": 2.4639262973418264e-09,
    "(2.5, 5000)": 1.5057266686857354e-10,
    "(5, 5000)": 1.327391786412074e-10,
    "(1.5, 10000)": 7.1657102597002665e-09,
    "(1.9, 10000)": 3.2449173674729736e-09,
    "(2.5, 10000)": 1.2460271634008088e-09,
    "(5, 10000)": 3.608328598570933e-17,
    "(1.5, 20000)": 3.438847575559983e-09,
    "(1.9, 20000)": 1.1565824604897097e-09,
    "(2.5, 20000)": 4.041452803177537e-10,
    "(5, 20000)": 2.666367410933882e-30,
    "(1.5, 50000)": 8.422828272928384e-10,
    "(1.9, 50000)": 2.691518407615008e-10,
    "(2.5, 50000)": 1.60894316268239e-10,
    "(5, 50000)": 1.985172551921398e-14
}