{
    "(1.1, 20000)": 0.0007109345396316407,
    "(1.5, 20000)": 0.0004977570211919853,
    "(2.5, 20000)": 0.0003651540176885532
}