{
    "(1.1, 1000)": 0.004497487994301727,
    "(1.5, 1000)": 0.0029711056733745826,
    "(2.5, 1000)": 0.0021994787660945567,
    "(1.1, 5000)": 0.0017035387345514747,
    "(1.5, 5000)": 0.0011651394868300983,
    "(2.5, 5000)": 0.0008713616741159952,
    "(1.1, 10000)": 0.0011112610493099531,
    "(1.5, 10000)": 0.0007651868066789483,
    "(2.5, 10000)": 0.0005673512677238303,
    "(1.1, 20000)": 0.000721215880555372,
    "(1.5, 20000)": 0.0004979688284883071,
    "(2.5, 20000)": 0.00036515402329560125,
    "(1.1, 50000)": 0.0004043306833931705,
    "(1.5, 50000)": 0.00027903168653948087,
    "(2.5, 50000)": 0.0002019242662772855
}