{
    "(1.2, 100000)": 0.0002216209532648437,
    "(1.8, 100000)": 0.00011281943603818834,
    "(2.5, 100000)": 0.00011221600899785923
}