{
    "(1.2, 100000)": 0.00020204535629105756,
    "(1.8, 100000)": 9.786843899721538e-05,
    "(2.5, 100000)": 9.162461326402764e-05
}