{
    "(1.1, 20000)": 0.0004645578946544821,
    "(1.5, 20000)": 0.00044667033592127,
    "(2.5, 20000)": 0.00037671314659474506
}