{
    "(1.5, 10)": 0.002660752520472158,
    "(1.9, 10)": 0.002660752520472158,
    "(2.5, 10)": 0.002660752520472158,
    "(1.5, 100)": 0.0037544388453739468,
    "(1.9, 100)": 0.0029403024960969032,
    "(2.5, 100)": 0.0023110180654268907,
    "(1.5, 500)": 0.0030758912263948155,
    "(1.9, 500)": 0.0020097715205753697,
    "(2.5, 500)": 0.0014066103513256504,
    "(1.5, 1000)": 0.002685447415176768,
    "(1.9, 1000)": 0.0016660892744191844,
    "(2.5, 1000)": 0.0011138560198924927,
    "(1.5, 5000)": 0.0018391889800112536,
    "(1.9, 5000)": 0.0009862157778268517,
    "(2.5, 5000)": 0.0005946214944737474,
    "(1.5, 10000)": 0.0015361370790166271,
    "(1.9, 10000)": 0.0007716270554059097,
    "(2.5, 10000)": 0.0004440460650589179,
    "(1.5, 20000)": 0.0012732334750902676,
    "(1.9, 20000)": 0.0006007938167888199,
    "(2.5, 20000)": 0.0003312210415633311,
    "(1.5, 50000)": 0.0009836696236469249,
    "(1.9, 50000)": 0.0004266317471600268,
    "(2.5, 50000)": 0.00022315951599627352,
    "(1.5, 100000)": 0.0008044803841489528,
    "(1.9, 100000)": 0.0003270936088812534,
    "(2.5, 100000)": 0.00016411396899463187
}