{
    "(1.1, 10)": 0.0002514951913889875,
    "(1.5, 10)": 0.00020213486947329493,
    "(2.5, 10)": 0.00017350681187591063,
    "(5, 10)": 0.00016723047708369542,
    "(1.1, 100)": 0.0016542407569979261,
    "(1.5, 100)": 0.0012495564990705644,
    "(2.5, 100)": 0.0010143982591582009,
    "(5, 100)": 0.0009592002205406768,
    "(1.1, 500)": 0.002960970908680425,
    "(1.5, 500)": 0.0018288158129695432,
    "(2.5, 500)": 0.0011749158237496136,
    "(5, 500)": 0.0009829847991253882,
    "(1.1, 1000)": 0.0031680654136326757,
    "(1.5, 1000)": 0.0017433996313838405,
    "(2.5, 1000)": 0.0009744976995646229,
    "(5, 1000)": 0.0007156059916791947,
    "(1.1, 5000)": 0.0032274642434026984,
    "(1.5, 5000)": 0.0013521119363442242,
    "(2.5, 5000)": 0.0005863778570720887,
    "(5, 5000)": 0.00034969719958483314,
    "(1.1, 10000)": 0.0031500493562047196,
    "(1.5, 10000)": 0.001166674426702294,
    "(2.5, 10000)": 0.00045513387086806536,
    "(5, 10000)": 0.0002594009399081761,
    "(1.1, 20000)": 0.0030388072336399253,
    "(1.5, 20000)": 0.0009920862442352504,
    "(2.5, 20000)": 0.0003485080752938611,
    "(5, 20000)": 0.00018818268130937617,
    "(1.1, 50000)": 0.0028560286146168466,
    "(1.5, 50000)": 0.0007872720490691085,
    "(2.5, 50000)": 0.00024099711008606012,
    "(5, 50000)": 0.00012212868927198112
}