{
    "(1.2, 100000)": 0.00010914283809019415,
    "(1.8, 100000)": 0.00012062653072243195,
    "(2.5, 100000)": 6.24046892217776e-05
}