{
    "(1.2, 100000)": 0.0002134894238779429,
    "(1.8, 100000)": 0.00010672089339783452,
    "(2.5, 100000)": 0.0001035124546848553
}