{
    "(1.2, 100000)": 0.00019890750716731044,
    "(1.8, 100000)": 9.496424767874498e-05,
    "(2.5, 100000)": 8.773018367444813e-05
}