{
    "(1.1, 10)": 0.7394412138995365,
    "(1.5, 10)": 0.5957811579157511,
    "(2.5, 10)": 0.5134585489157711,
    "(5, 10)": 0.49552037332556603,
    "(1.1, 20)": 0.7337673062698695,
    "(1.5, 20)": 0.5905843979412325,
    "(2.5, 20)": 0.5085028579440278,
    "(5, 20)": 0.49059308753191455,
    "(1.1, 50)": 0.7170545930428174,
    "(1.5, 50)": 0.575291286398622,
    "(2.5, 50)": 0.49392831681709914,
    "(5, 50)": 0.47610352033052267,
    "(1.1, 100)": 0.6902006270792057,
    "(1.5, 100)": 0.5507644650041899,
    "(2.5, 100)": 0.47058383727714376,
    "(5, 100)": 0.45289986642749785,
    "(1.1, 200)": 0.6400348034447996,
    "(1.5, 200)": 0.5051108066188273,
    "(2.5, 200)": 0.4272385841082553,
    "(5, 200)": 0.40983325516953056,
    "(1.1, 500)": 0.5141340275248542,
    "(1.5, 500)": 0.3916777972559067,
    "(2.5, 500)": 0.320300046550583,
    "(5, 500)": 0.3037062869991813,
    "(1.1, 1000)": 0.3663704770250467,
    "(1.5, 1000)": 0.26155011593663413,
    "(2.5, 1000)": 0.19968544335537775,
    "(5, 1000)": 0.18436285843540487,
    "(1.1, 2000)": 0.20678424199629786,
    "(1.5, 2000)": 0.128076781259331,
    "(2.5, 2000)": 0.08116472854712034,
    "(5, 2000)": 0.0680918218187583
}