{
    "(1.1, 20000)": 0.00042267038603028515,
    "(1.5, 20000)": 0.0003774126394511139,
    "(2.5, 20000)": 0.000297667907256958
}