{
    "(1.1, 50000)": 0.0003479111103899511,
    "(1.5, 50000)": 0.00022758948663548608,
    "(2.5, 50000)": 0.0001440755413312859
}