{
    "(1.1, 50000)": 0.00019932070021769335,
    "(1.5, 50000)": 0.00015649701823869798,
    "(2.5, 50000)": 0.0001109433860297565
}