{
    "(1.1, 20000)": 0.0006395967920269315,
    "(1.5, 20000)": 0.0004181892235238086,
    "(2.5, 20000)": 0.0002678816448270637
}