{
    "(1.5, 10)": 4.94615537654441e-05,
    "(1.9, 10)": 4.55523096910298e-05,
    "(2.5, 10)": 4.312669164491261e-05,
    "(1.5, 100)": 0.00031181401601999067,
    "(1.9, 100)": 0.0002753449661056201,
    "(2.5, 100)": 0.00025352858951048827,
    "(1.5, 500)": 0.00045672702459900597,
    "(1.9, 500)": 0.0003569187512077019,
    "(2.5, 500)": 0.0002936959055705934,
    "(1.5, 1000)": 0.0004354903504971195,
    "(1.9, 1000)": 0.00031776998787776416,
    "(2.5, 1000)": 0.00024360061338179963,
    "(1.5, 5000)": 0.0003378503793042892,
    "(1.9, 5000)": 0.00021431369961374697,
    "(2.5, 5000)": 0.0001465875085899653,
    "(1.5, 10000)": 0.00029153968033014503,
    "(1.9, 10000)": 0.0001741595707067047,
    "(2.5, 10000)": 0.00011377875726946984,
    "(1.5, 20000)": 0.0002479276620453492,
    "(1.9, 20000)": 0.0001394339300304584,
    "(2.5, 20000)": 8.712408798593138e-05
}