{
    "(1.4, 10)": 0.5692764706782198,
    "(1.9, 10)": 0.5447248192955696,
    "(2.5, 10)": 0.5273033262682355,
    "(1.4, 100)": 0.5688073063881179,
    "(1.9, 100)": 0.5442660119024324,
    "(2.5, 100)": 0.5268498158852117,
    "(1.4, 500)": 0.5667270950484543,
    "(1.9, 500)": 0.5422317827214193,
    "(2.5, 500)": 0.5248391111707139,
    "(1.4, 1000)": 0.5641381889831011,
    "(1.9, 1000)": 0.539700243175474,
    "(2.5, 1000)": 0.5223369363820448,
    "(1.4, 5000)": 0.5438739952567121,
    "(1.9, 5000)": 0.5198905643691369,
    "(2.5, 5000)": 0.5027605504046495,
    "(1.4, 10000)": 0.5196270096963277,
    "(1.9, 10000)": 0.4962008229472592,
    "(2.5, 10000)": 0.4793583995105082,
    "(1.4, 20000)": 0.4745254814761695,
    "(1.9, 20000)": 0.45217838994427106,
    "(2.5, 20000)": 0.4358979762231974,
    "(1.4, 50000)": 0.36268845154051166,
    "(1.9, 50000)": 0.34331243700208236,
    "(2.5, 50000)": 0.32861720397892275,
    "(1.4, 100000)": 0.23502200245661123,
    "(1.9, 100000)": 0.21981316021013647,
    "(2.5, 100000)": 0.2074519421003695
}