{
    "(1.4, 10)": 0.5688073190685269,
    "(1.9, 10)": 0.5442660080393525,
    "(2.5, 10)": 0.5268498055365113,
    "(1.4, 100)": 0.5641383081412086,
    "(1.9, 100)": 0.5397002069218404,
    "(2.5, 100)": 0.5223368392063791,
    "(1.4, 500)": 0.543874566820984,
    "(1.9, 500)": 0.5198903915247866,
    "(2.5, 500)": 0.5027600858499119,
    "(1.4, 1000)": 0.5196281005675426,
    "(1.9, 1000)": 0.49620049563937896,
    "(2.5, 1000)": 0.479357516705508,
    "(1.4, 5000)": 0.36269223401383155,
    "(1.9, 5000)": 0.34331138323654276,
    "(2.5, 5000)": 0.32861426284745354,
    "(1.4, 10000)": 0.2350268535232345,
    "(1.9, 10000)": 0.21981197341680628,
    "(2.5, 10000)": 0.20744841075102188,
    "(1.4, 20000)": 0.10577838796789077,
    "(1.9, 20000)": 0.09659588636755097,
    "(2.5, 20000)": 0.08793133064196922,
    "(1.4, 50000)": 0.02060098525973326,
    "(1.9, 50000)": 0.019236632685635194,
    "(2.5, 50000)": 0.016591837263283976,
    "(1.4, 100000)": 0.006279246080611277,
    "(1.9, 100000)": 0.006960296160249599,
    "(2.5, 100000)": 0.007016545065657704,
    "(1.4, 200000)": 0.001911945711890742,
    "(1.9, 200000)": 0.0024115836664751204,
    "(2.5, 200000)": 0.002711459749656337,
    "(1.4, 500000)": 0.0003950994764094108,
    "(1.9, 500000)": 0.0005956910724060844,
    "(2.5, 500000)": 0.0007431117269913643
}