{
    "(1.1, 20000)": 0.0006366440735459001,
    "(1.5, 20000)": 0.0004139032391756951,
    "(2.5, 20000)": 0.0002628348597848558
}