{
    "(1.4, 10)": 0.5641395691014078,
    "(1.9, 10)": 0.5396998253378381,
    "(2.5, 10)": 0.5223358137318858,
    "(1.4, 100)": 0.5196390927797078,
    "(1.9, 100)": 0.4961972144957036,
    "(2.5, 100)": 0.47934864478113665,
    "(1.4, 500)": 0.3627301948908649,
    "(1.9, 500)": 0.3433008631664966,
    "(2.5, 500)": 0.3285848246773723,
    "(1.4, 1000)": 0.23507551212428762,
    "(1.9, 1000)": 0.21980013437180362,
    "(2.5, 1000)": 0.20741308467289338,
    "(1.4, 5000)": 0.020617686364299646,
    "(1.9, 5000)": 0.019240944125106057,
    "(2.5, 5000)": 0.01659126813723311,
    "(1.4, 10000)": 0.006286225841781213,
    "(1.9, 10000)": 0.006964209676848688,
    "(2.5, 10000)": 0.007019031568947398,
    "(1.4, 20000)": 0.001914350254890558,
    "(1.9, 20000)": 0.002413226086121548,
    "(2.5, 20000)": 0.0027127751100783117,
    "(1.4, 50000)": 0.00039563276434368463,
    "(1.9, 50000)": 0.000596136812959736,
    "(2.5, 50000)": 0.0007434979685429776,
    "(1.4, 100000)": 0.00011856430839636927,
    "(1.9, 100000)": 0.00020677608896075336,
    "(2.5, 100000)": 0.0002812586074134691,
    "(1.4, 200000)": 3.435123888067209e-05,
    "(1.9, 200000)": 7.161385354030893e-05,
    "(2.5, 200000)": 0.0001066229435545745,
    "(1.4, 500000)": 5.6733726116996946e-06,
    "(1.9, 500000)": 1.7493893346273275e-05,
    "(2.5, 500000)": 2.9552106896412933e-05
}