{
    "(1.1, 10)": 0.0002520741256359589,
    "(1.5, 10)": 0.00020214691868402807,
    "(2.5, 10)": 0.00017350682764984322,
    "(5, 10)": 0.00016723047708375438,
    "(1.1, 20)": 0.0004686556332898126,
    "(1.5, 20)": 0.0003733149611909036,
    "(2.5, 20)": 0.00031853534569683883,
    "(5, 20)": 0.00030643329574259404,
    "(1.1, 50)": 0.0010136901702195754,
    "(1.5, 50)": 0.0007914097408390049,
    "(2.5, 50)": 0.0006631150856544589,
    "(5, 50)": 0.0006340998631539112,
    "(1.1, 100)": 0.0016545192138422856,
    "(1.5, 100)": 0.0012496031906802864,
    "(2.5, 100)": 0.0010143984589371998,
    "(5, 100)": 0.00095920022054121,
    "(1.1, 200)": 0.002351821634532917,
    "(1.5, 200)": 0.0016685560341266972,
    "(2.5, 200)": 0.0012684561737357045,
    "(5, 200)": 0.0011680179985173072,
    "(1.1, 500)": 0.002956060692785073,
    "(1.5, 500)": 0.0018287757967667068,
    "(2.5, 500)": 0.0011749159587603074,
    "(5, 500)": 0.0009829847991257104,
    "(1.1, 1000)": 0.003160325887796552,
    "(1.5, 1000)": 0.0017433162004668187,
    "(2.5, 1000)": 0.00097449774515438,
    "(5, 1000)": 0.0007156059916793007,
    "(1.1, 2000)": 0.003237701240951096,
    "(1.5, 2000)": 0.0015931231116717798,
    "(2.5, 2000)": 0.000797756971128749,
    "(5, 2000)": 0.0005192725432728417
}