{
    "(1.1, 20000)": 0.0006573266502246291,
    "(1.5, 20000)": 0.00043820467220160783,
    "(2.5, 20000)": 0.00028982754103730896
}