{
    "(1.1, 50000)": 0.00034578702954796197,
    "(1.5, 50000)": 0.00022498252881395477,
    "(2.5, 50000)": 0.00014119498626083104
}