{
    "(1.5, 10)": 0.002660752520472158,
    "(1.9, 10)": 0.002660752520472158,
    "(2.5, 10)": 0.002660752520472158,
    "(1.5, 100)": 0.0037544388453739476,
    "(1.9, 100)": 0.0029403024960969032,
    "(2.5, 100)": 0.0023110180654268907,
    "(1.5, 500)": 0.003075891226394813,
    "(1.9, 500)": 0.0020097715205753693,
    "(2.5, 500)": 0.001406610351325651,
    "(1.5, 1000)": 0.0026854474151767707,
    "(1.9, 1000)": 0.0016660892744191852,
    "(2.5, 1000)": 0.0011138560198924933,
    "(1.5, 5000)": 0.0018391889800112532,
    "(1.9, 5000)": 0.0009862157778268517,
    "(2.5, 5000)": 0.0005946214944737476,
    "(1.5, 10000)": 0.0015361370790166258,
    "(1.9, 10000)": 0.0007716270554059102,
    "(2.5, 10000)": 0.0004440460650589172,
    "(1.5, 20000)": 0.0012732334750902644,
    "(1.9, 20000)": 0.0006007938167888194,
    "(2.5, 20000)": 0.000331221041563331,
    "(1.5, 50000)": 0.0009836696236469257,
    "(1.9, 50000)": 0.0004266317471600263,
    "(2.5, 50000)": 0.0002231595159962741,
    "(1.5, 100000)": 0.0008044803841489524,
    "(1.9, 100000)": 0.00032709360888125556,
    "(2.5, 100000)": 0.00016411396899463151,
    "(1.5, 200000)": 0.0006551340518989171,
    "(1.9, 200000)": 0.0002495631383360701,
    "(2.5, 200000)": 0.00012038268663663888,
    "(1.5, 500000)": 0.0004969708018492724,
    "(1.9, 500000)": 0.00017346245013295653,
    "(2.5, 500000)": 7.942982556091426e-05,
    "(1.5, 1000000)": 0.00040188814011546815,
    "(1.9, 1000000)": 0.00013118400125733095,
    "(2.5, 1000000)": 5.781702230956724e-05
}