{
    "(1.4, 10)": 2.1838754334989487e-06,
    "(1.9, 10)": 1.9215067258702292e-06,
    "(2.5, 10)": 1.815070985492995e-06,
    "(1.4, 100)": 1.9860103881258877e-05,
    "(1.9, 100)": 1.7404600919493264e-05,
    "(2.5, 100)": 1.6405280631760183e-05,
    "(1.4, 500)": 8.133857043049899e-05,
    "(1.9, 500)": 6.999590718903355e-05,
    "(2.5, 500)": 6.531721287910208e-05,
    "(1.4, 1000)": 0.00012982360039847513,
    "(1.9, 1000)": 0.00010912059913226803,
    "(2.5, 1000)": 0.00010045045057288539,
    "(1.4, 5000)": 0.00019846870357714374,
    "(1.9, 5000)": 0.00014219201956715597,
    "(2.5, 5000)": 0.0001170863331782118,
    "(1.4, 10000)": 0.00019355313171550944,
    "(1.9, 10000)": 0.00012670101554142327,
    "(2.5, 10000)": 9.72107589551644e-05,
    "(1.4, 20000)": 0.00018057676799432257,
    "(1.9, 20000)": 0.00010905549858937393,
    "(2.5, 20000)": 7.960680158976971e-05,
    "(1.4, 50000)": 0.00015710181958938083,
    "(1.9, 50000)": 8.550000389831952e-05,
    "(2.5, 50000)": 5.853190806200954e-05,
    "(1.4, 100000)": 0.00013746830267179807,
    "(1.9, 100000)": 6.948475557241467e-05,
    "(2.5, 100000)": 4.543940840996528e-05,
    "(1.4, 200000)": 0.00011737871671872748,
    "(1.9, 200000)": 5.562179183598135e-05,
    "(2.5, 200000)": 3.479963338548711e-05,
    "(1.4, 500000)": 9.053327719268144e-05,
    "(1.9, 500000)": 4.068208870860662e-05,
    "(2.5, 500000)": 2.4068587970506573e-05
}