{
    "(1.1, 50000)": 0.0003966494328156856,
    "(1.5, 50000)": 0.00027885803854674337,
    "(2.5, 50000)": 0.00020192425005429704
}