{
    "(1.5, 10)": 0.0,
    "(1.9, 10)": 0.0,
    "(2.5, 10)": 0.0,
    "(1.5, 100)": 4.1629874055837784e-08,
    "(1.9, 100)": 4.1629874055837784e-08,
    "(2.5, 100)": 4.1629874055837784e-08,
    "(1.5, 500)": 2.2820484865688896e-07,
    "(1.9, 500)": 2.1726365979499838e-07,
    "(2.5, 500)": 2.0241109273354397e-07,
    "(1.5, 1000)": 4.655096660958099e-07,
    "(1.9, 1000)": 4.28579059750962e-07,
    "(2.5, 1000)": 4.056522733937908e-07,
    "(1.5, 5000)": 1.9400780964014157e-06,
    "(1.9, 5000)": 1.7446919637225534e-06,
    "(2.5, 5000)": 1.629287609772652e-06,
    "(1.5, 10000)": 3.0836200858923567e-06,
    "(1.9, 10000)": 2.7237292127798462e-06,
    "(2.5, 10000)": 2.5082510809458908e-06,
    "(1.5, 20000)": 4.131160363653103e-06,
    "(1.9, 20000)": 3.5214276499464163e-06,
    "(2.5, 20000)": 3.1483519370570793e-06,
    "(1.5, 50000)": 4.539197515770207e-06,
    "(1.9, 50000)": 3.5525077074677824e-06,
    "(2.5, 50000)": 2.9259382614199543e-06
}