{
    "(1.1, 50000)": 0.00036731888854564586,
    "(1.5, 50000)": 0.00024770457446575737,
    "(2.5, 50000)": 0.00016510324118435533
}