{
    "(1.1, 50000)": 1.2293477085391524e-06,
    "(1.5, 50000)": 4.444746923199737e-06,
    "(2.5, 50000)": 1.5434363417096074e-05
}