{
    "(1.1, 50000)": 0.00022534835005103395,
    "(1.5, 50000)": 0.00019574427914448167,
    "(2.5, 50000)": 0.00015150565696769023
}