{
    "(1.4, 10)": 0.00020990401507193016,
    "(1.9, 10)": 0.00018403108799428734,
    "(2.5, 10)": 0.00017350681187591052,
    "(1.4, 100)": 0.0013119823605141846,
    "(1.9, 100)": 0.0011021636157027908,
    "(2.5, 100)": 0.0010143975791873064,
    "(1.4, 500)": 0.001997150077187362,
    "(1.9, 500)": 0.0014281202045941818,
    "(2.5, 500)": 0.001174913909833953,
    "(1.4, 1000)": 0.001946054609872179,
    "(1.9, 1000)": 0.0012713684104582112,
    "(2.5, 1000)": 0.0009744963171039956,
    "(1.4, 5000)": 0.0015782484985776793,
    "(1.9, 5000)": 0.0008572894542851133,
    "(2.5, 5000)": 0.0005863770216562108,
    "(1.4, 10000)": 0.0013807423034780443,
    "(1.9, 10000)": 0.0006965632228599232,
    "(2.5, 10000)": 0.00045513302485678935,
    "(1.4, 20000)": 0.0011788137381795495,
    "(1.9, 20000)": 0.0005574923303037787,
    "(2.5, 20000)": 0.000348506960000882,
    "(1.4, 50000)": 0.0009091344524733798,
    "(1.9, 50000)": 0.00040767109692279533,
    "(2.5, 50000)": 0.00024099489353431912,
    "(1.4, 100000)": 0.0007062069161745051,
    "(1.9, 100000)": 0.0003177596835121473,
    "(2.5, 100000)": 0.0001805604538223598,
    "(1.4, 200000)": 0.000519206834464662,
    "(1.9, 200000)": 0.00024490865446325573,
    "(2.5, 200000)": 0.00013436825422934908,
    "(1.4, 500000)": 0.00033025210413949673,
    "(1.9, 500000)": 0.0001695804854223525,
    "(2.5, 500000)": 9.013389895740045e-05
}