{
    "(1.4, 10)": 0.48361243390948405,
    "(1.9, 10)": 0.4605594658074112,
    "(2.5, 10)": 0.4440050483782822,
    "(1.4, 100)": 0.108287021761478,
    "(1.9, 100)": 0.09799714221055586,
    "(2.5, 100)": 0.08894231890897326,
    "(1.4, 500)": 0.006434661015554017,
    "(1.9, 500)": 0.007047224814780977,
    "(2.5, 500)": 0.0070749027192653895,
    "(1.4, 1000)": 0.0019630302307943417,
    "(1.9, 1000)": 0.0024433767467868317,
    "(2.5, 1000)": 0.0027374814370193833,
    "(1.4, 5000)": 0.0001244362594427634,
    "(1.9, 5000)": 0.00020963826595024092,
    "(2.5, 5000)": 0.00028374655775568574,
    "(1.4, 10000)": 3.7915655504717264e-05,
    "(1.9, 10000)": 7.278089046867276e-05,
    "(2.5, 10000)": 0.00010757756080481994,
    "(1.4, 20000)": 1.1546324181569812e-05,
    "(1.9, 20000)": 2.5267099193486646e-05,
    "(2.5, 20000)": 4.076476939089232e-05,
    "(1.4, 50000)": 2.390379740807842e-06,
    "(1.9, 50000)": 6.239654193609012e-06,
    "(2.5, 50000)": 1.13024357001476e-05,
    "(1.4, 100000)": 7.201843326792061e-07,
    "(1.9, 100000)": 2.165960851639831e-06,
    "(2.5, 100000)": 4.282831394098238e-06
}