{
    "(1.2, 100000)": 0.00020450362070981311,
    "(1.8, 100000)": 9.985079037187368e-05,
    "(2.5, 100000)": 9.424526395950668e-05
}