{
    "(1.5, 10)": 5.155568504944022e-07,
    "(1.9, 10)": 4.758314880876677e-07,
    "(2.5, 10)": 4.512711734426413e-07,
    "(1.5, 100)": 4.77638142711086e-06,
    "(1.9, 100)": 4.349550141791979e-06,
    "(2.5, 100)": 4.100742570356172e-06,
    "(1.5, 500)": 1.9483979680137723e-05,
    "(1.9, 500)": 1.7498175039406517e-05,
    "(2.5, 500)": 1.6329073506134494e-05,
    "(1.5, 1000)": 3.0910853610770814e-05,
    "(1.9, 1000)": 2.7279517193085665e-05,
    "(2.5, 1000)": 2.511239816195865e-05,
    "(1.5, 5000)": 4.5444113272205764e-05,
    "(1.9, 5000)": 3.554790728814328e-05,
    "(2.5, 5000)": 2.9271497830575535e-05,
    "(1.5, 10000)": 4.33591946801934e-05,
    "(1.9, 10000)": 3.1675456789897e-05,
    "(2.5, 10000)": 2.4302637118200112e-05
}