{
    "(1.2, 100000)": 0.00011205274305643147,
    "(1.8, 100000)": 0.00012779941917259166,
    "(2.5, 100000)": 6.653017750904757e-05
}