{
    "(1.1, 20000)": 0.0003743012081684541,
    "(1.5, 20000)": 0.0003019190020086863,
    "(2.5, 20000)": 0.00021815069299102686
}