{
    "(1.5, 10)": 0.5835895141390528,
    "(1.9, 10)": 0.5385048266905986,
    "(2.5, 10)": 0.5106208936234272,
    "(1.5, 100)": 0.5502185690115357,
    "(1.9, 100)": 0.4999072849032823,
    "(2.5, 100)": 0.4705145807502489,
    "(1.5, 500)": 0.39160373251789105,
    "(1.9, 500)": 0.34689183819675423,
    "(2.5, 500)": 0.3202941872866698,
    "(1.5, 1000)": 0.26151577865729075,
    "(1.9, 1000)": 0.2230763874894612,
    "(2.5, 1000)": 0.19968260837329285,
    "(1.5, 5000)": 0.034494823909218854,
    "(1.9, 5000)": 0.02091339761687763,
    "(2.5, 5000)": 0.012007608773786257,
    "(1.5, 10000)": 0.01383943884326951,
    "(1.9, 10000)": 0.007851432107524342,
    "(2.5, 10000)": 0.004388649395657402
}