{
    "(1.1, 1000)": 0.12097859220400504,
    "(1.5, 1000)": 0.1120472322342808,
    "(2.5, 1000)": 0.09538617565410844,
    "(1.1, 5000)": 0.005974589483180416,
    "(1.5, 5000)": 0.007060364887260346,
    "(2.5, 5000)": 0.007461065822689027,
    "(1.1, 10000)": 0.0015911783879244057,
    "(1.5, 10000)": 0.002227652073365572,
    "(2.5, 10000)": 0.0029273150347593774,
    "(1.1, 20000)": 0.0004213684468830997,
    "(1.5, 20000)": 0.0007016371841491603,
    "(2.5, 20000)": 0.0010855567084076545,
    "(1.1, 50000)": 7.093257726702291e-05,
    "(1.5, 50000)": 0.00015209795097062732,
    "(2.5, 50000)": 0.00030230323471094656,
    "(1.1, 100000)": 1.7220229544097036e-05,
    "(1.5, 100000)": 4.767989896757254e-05,
    "(2.5, 100000)": 0.00011461221654777725
}