{
    "(1.1, 10)": 0.0,
    "(1.5, 10)": 0.0,
    "(2.5, 10)": 0.0,
    "(1.1, 100)": 1.5792368471431895e-05,
    "(1.5, 100)": 1.5792368471431895e-05,
    "(2.5, 100)": 1.5792368471431895e-05,
    "(1.1, 500)": 8.871351776421928e-05,
    "(1.5, 500)": 7.176848013863513e-05,
    "(2.5, 500)": 6.237626712074536e-05,
    "(1.1, 1000)": 0.0001530456338468573,
    "(1.5, 1000)": 0.00011971267590954876,
    "(2.5, 1000)": 9.95310460330332e-05,
    "(1.1, 5000)": 0.0002831164267406294,
    "(1.5, 5000)": 0.00017955677540548238,
    "(2.5, 5000)": 0.00011661514192169971,
    "(1.1, 10000)": 0.0003041191064724169,
    "(1.5, 10000)": 0.00017168633175416905,
    "(2.5, 10000)": 9.698842101812455e-05,
    "(1.1, 20000)": 0.00031289033564248106,
    "(1.5, 20000)": 0.00015721035880243264,
    "(2.5, 20000)": 7.945388458920053e-05,
    "(1.1, 50000)": 0.0003118526248487988,
    "(1.5, 50000)": 0.00013359452834131157,
    "(2.5, 50000)": 5.8449656095173066e-05,
    "(1.1, 100000)": 0.000305012700511383,
    "(1.5, 100000)": 0.00011537792622001317,
    "(2.5, 100000)": 4.537016116377799e-05
}