{
    "(1.4, 10)": 2.183875433498955e-06,
    "(1.9, 10)": 1.9215067258702292e-06,
    "(2.5, 10)": 1.8150709854929932e-06,
    "(1.4, 100)": 1.9860103881258856e-05,
    "(1.9, 100)": 1.7404600919493275e-05,
    "(2.5, 100)": 1.6405280631760163e-05,
    "(1.4, 500)": 8.133857043049898e-05,
    "(1.9, 500)": 6.999590718903361e-05,
    "(2.5, 500)": 6.531721287910199e-05,
    "(1.4, 1000)": 0.00012982360039847526,
    "(1.9, 1000)": 0.00010912059913226798,
    "(2.5, 1000)": 0.00010045045057288543,
    "(1.4, 5000)": 0.0001984687035771436,
    "(1.9, 5000)": 0.00014219201956715586,
    "(2.5, 5000)": 0.00011708633317821171,
    "(1.4, 10000)": 0.00019355313171550944,
    "(1.9, 10000)": 0.00012670101554142327,
    "(2.5, 10000)": 9.721075895516438e-05,
    "(1.4, 20000)": 0.00018057676799432265,
    "(1.9, 20000)": 0.000109055498589374,
    "(2.5, 20000)": 7.960680158976966e-05,
    "(1.4, 50000)": 0.00015710181958938078,
    "(1.9, 50000)": 8.550000389831955e-05,
    "(2.5, 50000)": 5.853190806200952e-05,
    "(1.4, 100000)": 0.00013746830267179804,
    "(1.9, 100000)": 6.94847555724147e-05,
    "(2.5, 100000)": 4.5439408409965294e-05,
    "(1.4, 200000)": 0.00011737871671872743,
    "(1.9, 200000)": 5.5621791835981375e-05,
    "(2.5, 200000)": 3.479963338548708e-05
}