{
    "(1.1, 1000)": 0.2278180575224697,
    "(1.5, 1000)": 0.21293223238530148,
    "(2.5, 1000)": 0.18972587650556946,
    "(1.1, 5000)": 0.017065726429584885,
    "(1.5, 5000)": 0.01730872253021813,
    "(2.5, 5000)": 0.014399545609212446,
    "(1.1, 10000)": 0.004523762535375142,
    "(1.5, 10000)": 0.005549436310095556,
    "(2.5, 10000)": 0.006247837224914859,
    "(1.1, 20000)": 0.0012046094302338587,
    "(1.5, 20000)": 0.0017441032243580175,
    "(2.5, 20000)": 0.002357005072464389,
    "(1.1, 50000)": 0.0002094001437795986,
    "(1.5, 50000)": 0.0003788700688130049,
    "(2.5, 50000)": 0.000651193813255402,
    "(1.1, 100000)": 5.5672201408869276e-05,
    "(1.5, 100000)": 0.00011933421710509031,
    "(2.5, 100000)": 0.00024618810526131534
}