{
    "(1.4, 10)": 2.1841154842567444e-06,
    "(1.9, 10)": 1.9215083187322e-06,
    "(2.5, 10)": 1.8150709914127214e-06,
    "(1.4, 100)": 1.986244873453715e-05,
    "(1.9, 100)": 1.740461972713859e-05,
    "(2.5, 100)": 1.6405280837935494e-05,
    "(1.4, 500)": 8.135116181004953e-05,
    "(1.9, 500)": 6.999605643869748e-05,
    "(2.5, 500)": 6.531721618125787e-05,
    "(1.4, 1000)": 0.00012984982691527548,
    "(1.9, 1000)": 0.00010912095926378906,
    "(2.5, 1000)": 0.00010045045965567355,
    "(1.4, 5000)": 0.00019859244598201365,
    "(1.9, 5000)": 0.00014219329802472896,
    "(2.5, 5000)": 0.00011708635532618813,
    "(1.4, 10000)": 0.00019378863676751835,
    "(1.9, 10000)": 0.00012670291746097104,
    "(2.5, 10000)": 9.721077682794373e-05,
    "(1.4, 20000)": 0.00018103431798690151,
    "(1.9, 20000)": 0.00010905877908021528,
    "(2.5, 20000)": 7.960681968535653e-05,
    "(1.4, 50000)": 0.0001582130405468701,
    "(1.9, 50000)": 8.550757913707012e-05,
    "(2.5, 50000)": 5.8531934707053266e-05,
    "(1.4, 100000)": 0.00013962480226126106,
    "(1.9, 100000)": 6.94995687368825e-05,
    "(2.5, 100000)": 4.543945351650232e-05
}