{
    "(1.1, 20000)": 0.0004013750749692519,
    "(1.5, 20000)": 0.0003441643233286542,
    "(2.5, 20000)": 0.0002619202096130381
}