{
    "(1.5, 10)": 0.0,
    "(1.9, 10)": 0.0,
    "(2.5, 10)": 0.0,
    "(1.5, 100)": 0.005798273234373563,
    "(1.9, 100)": 0.005798273234373563,
    "(2.5, 100)": 0.005798273234373563,
    "(1.5, 500)": 0.004137781416555578,
    "(1.9, 500)": 0.0039361844511425405,
    "(2.5, 500)": 0.0025231117566749976,
    "(1.5, 1000)": 0.004455016919881381,
    "(1.9, 1000)": 0.0034355905459555196,
    "(2.5, 1000)": 0.0025680170789651492,
    "(1.5, 5000)": 0.0035576464596225013,
    "(1.9, 5000)": 0.0022035885901599975,
    "(2.5, 5000)": 0.0014892475807980737,
    "(1.5, 10000)": 0.003079779599890155,
    "(1.9, 10000)": 0.0018352188071467455,
    "(2.5, 10000)": 0.0011901286505648714,
    "(1.5, 20000)": 0.0026332014244938233,
    "(1.9, 20000)": 0.0014624677278723024,
    "(2.5, 20000)": 0.0009044090581062603,
    "(1.5, 50000)": Infinity,
    "(1.9, 50000)": 0.0010637582625375051,
    "(2.5, 50000)": 0.0006249730827848928
}