{
    "(1.4, 10)": 0.5641395691014081,
    "(1.9, 10)": 0.5396998253378388,
    "(2.5, 10)": 0.5223358137318852,
    "(1.4, 100)": 0.5196390927797078,
    "(1.9, 100)": 0.4961972144957068,
    "(2.5, 100)": 0.47934864478113604,
    "(1.4, 500)": 0.36273019489086444,
    "(1.9, 500)": 0.3433008631664972,
    "(2.5, 500)": 0.3285848246773729,
    "(1.4, 1000)": 0.2350755121242872,
    "(1.9, 1000)": 0.21980013437180365,
    "(2.5, 1000)": 0.20741308467289393,
    "(1.4, 5000)": 0.02061768636429968,
    "(1.9, 5000)": 0.019240944125106036,
    "(2.5, 5000)": 0.016591268137233047,
    "(1.4, 10000)": 0.0062862258417812145,
    "(1.9, 10000)": 0.0069642096768487,
    "(2.5, 10000)": 0.0070190315689474024,
    "(1.4, 20000)": 0.0019143502548905622,
    "(1.9, 20000)": 0.0024132260861215483,
    "(2.5, 20000)": 0.0027127751100783064,
    "(1.4, 50000)": 0.00039563276434368517,
    "(1.9, 50000)": 0.0005961368129597358,
    "(2.5, 50000)": 0.0007434979685429779,
    "(1.4, 100000)": 0.0001185643083963691,
    "(1.9, 100000)": 0.00020677608896075306,
    "(2.5, 100000)": 0.0002812586074134691,
    "(1.4, 200000)": 3.435123888067205e-05,
    "(1.9, 200000)": 7.161385354030891e-05,
    "(2.5, 200000)": 0.00010662294355457463
}