{
    "(1.1, 10)": 0.5809747136021288,
    "(1.5, 10)": 0.554068128022674,
    "(2.5, 10)": 0.5188141564722085,
    "(1.1, 100)": 0.503794552583971,
    "(1.5, 100)": 0.47820961837908715,
    "(2.5, 100)": 0.444645378497866,
    "(1.1, 500)": 0.26935361658051576,
    "(1.5, 500)": 0.25250194798069675,
    "(2.5, 500)": 0.2273032509685093,
    "(1.1, 1000)": 0.1305429232325511,
    "(1.5, 1000)": 0.12094201980170786,
    "(2.5, 1000)": 0.10356346622077228,
    "(1.1, 5000)": 0.006627342277902946,
    "(1.5, 5000)": 0.00770889584074844,
    "(2.5, 5000)": 0.007944800604191232,
    "(1.1, 10000)": 0.0017691046764647632,
    "(1.5, 10000)": 0.002438624781530814,
    "(2.5, 10000)": 0.0031699631211447336,
    "(1.1, 20000)": 0.0004709989591500551,
    "(1.5, 20000)": 0.000768199087986367,
    "(2.5, 20000)": 0.0011694089820594156,
    "(1.1, 50000)": 8.18155278584298e-05,
    "(1.5, 50000)": 0.0001668142001929463,
    "(2.5, 50000)": 0.00032609524662857627
}