{
    "(1.1, 50000)": 0.0002069042017224504,
    "(1.5, 50000)": 0.0001680524020716246,
    "(2.5, 50000)": 0.0001226041152461847
}