{
    "(1.1, 20000)": 0.00037071480308797146,
    "(1.5, 20000)": 0.0002958006873548678,
    "(2.5, 20000)": 0.00021185998617978123
}