{
    "(1.5, 10)": 0.17722947482949025,
    "(1.9, 10)": 0.17722947482949025,
    "(2.5, 10)": 0.17722947482949025,
    "(1.5, 100)": 0.007400676647882206,
    "(1.9, 100)": 0.005023434339582137,
    "(2.5, 100)": 0.0028219274832204243,
    "(1.5, 500)": 0.0009419104722322158,
    "(1.9, 500)": 0.00043232699627499205,
    "(2.5, 500)": 0.00020623921103187886,
    "(1.5, 1000)": 0.000379631209038796,
    "(1.9, 1000)": 0.00017070582169437321,
    "(2.5, 1000)": 7.932719192543734e-05,
    "(1.5, 5000)": 4.48269027794722e-05,
    "(1.9, 5000)": 1.5796815979392137e-05,
    "(2.5, 5000)": 6.148308135233314e-06,
    "(1.5, 10000)": 1.792409666669994e-05,
    "(1.9, 10000)": 5.565905423423268e-06,
    "(2.5, 10000)": 1.8422577316260323e-06,
    "(1.5, 20000)": 7.164523200875804e-06,
    "(1.9, 20000)": 2.0304834744272683e-06,
    "(2.5, 20000)": 6.102555982803876e-07,
    "(1.5, 50000)": 2.1227588726175846e-06,
    "(1.9, 50000)": 5.284513910569632e-07,
    "(2.5, 50000)": 1.4808545990264335e-07,
    "(1.5, 100000)": 8.443471809450182e-07,
    "(1.9, 100000)": 1.904354775124061e-07,
    "(2.5, 100000)": 4.742595793484624e-08
}