{
    "(1.5, 10)": 0.0,
    "(1.9, 10)": 0.0,
    "(2.5, 10)": 0.0,
    "(1.5, 100)": 0.0,
    "(1.9, 100)": 0.0,
    "(2.5, 100)": 0.0,
    "(1.5, 500)": 1.2712167322095114e-49,
    "(1.9, 500)": 3.3637640693457804e-39,
    "(2.5, 500)": 0.0,
    "(1.5, 1000)": 1.1915185027975825e-27,
    "(1.9, 1000)": 7.403394013117103e-33,
    "(2.5, 1000)": 2.074890691191822e-52,
    "(1.5, 5000)": 8.276137297099764e-19,
    "(1.9, 5000)": 4.301299960995001e-30,
    "(2.5, 5000)": 1.5665040511090118e-43,
    "(1.5, 10000)": 2.82006514094544e-17,
    "(1.9, 10000)": 6.311845044971199e-26,
    "(2.5, 10000)": 6.606613756084017e-33,
    "(1.5, 20000)": 4.3928452946959683e-16,
    "(1.9, 20000)": 1.2932518223309622e-25,
    "(2.5, 20000)": 1.5113284916321173e-32,
    "(1.5, 50000)": Infinity,
    "(1.9, 50000)": 8.365151907083048e-26,
    "(2.5, 50000)": 1.0074017559988498e-30
}