{
    "(1.1, 1000)": 0.004670122903794096,
    "(1.5, 1000)": 0.005617552824600485,
    "(2.5, 1000)": 0.006280267644862911,
    "(1.1, 5000)": 0.00021683363478406108,
    "(1.5, 5000)": 0.0003840514276018265,
    "(2.5, 5000)": 0.000655095039675943,
    "(1.1, 10000)": 5.76614594652318e-05,
    "(1.5, 10000)": 0.00012099827464148866,
    "(2.5, 10000)": 0.00024768350998904585,
    "(1.1, 20000)": 1.5273990419413306e-05,
    "(1.5, 20000)": 3.81104864986889e-05,
    "(2.5, 20000)": 9.389154835977659e-05,
    "(1.1, 50000)": 2.5755335029707336e-06,
    "(1.5, 50000)": 8.271291919688366e-06,
    "(2.5, 50000)": 2.6033623567221292e-05
}