{
    "(1.1, 50000)": 0.004490803452345864,
    "(1.5, 50000)": 0.0012775480540842621,
    "(2.5, 50000)": 0.00038380895286310615
}