{
    "(1.1, 10)": 2.61141057175462e-06,
    "(1.5, 10)": 2.1051326646298896e-06,
    "(2.5, 10)": 1.8150709914127296e-06,
    "(5, 10)": 1.7519073128740014e-06,
    "(1.1, 20)": 5.054611517905502e-06,
    "(1.5, 20)": 4.072081824028206e-06,
    "(2.5, 20)": 3.509026384879204e-06,
    "(5, 20)": 3.386316057677676e-06,
    "(1.1, 50)": 1.2267423042496448e-05,
    "(1.5, 50)": 9.864109223566654e-06,
    "(2.5, 50)": 8.485870822623578e-06,
    "(5, 50)": 8.18477404024917e-06,
    "(1.1, 100)": 2.3858510448175862e-05,
    "(1.5, 100)": 1.9123719945338934e-05,
    "(2.5, 100)": 1.640528083793547e-05,
    "(5, 100)": 1.58090075883916e-05,
    "(1.1, 200)": 4.550190018309841e-05,
    "(1.5, 200)": 3.6240847106909824e-05,
    "(2.5, 200)": 3.091170890096354e-05,
    "(5, 200)": 2.973344784234107e-05,
    "(1.1, 500)": 9.976161156472925e-05,
    "(1.5, 500)": 7.794752451063259e-05,
    "(2.5, 500)": 6.531721618125805e-05,
    "(5, 500)": 6.245864946413715e-05,
    "(1.1, 1000)": 0.00016339327196587632,
    "(1.5, 1000)": 0.0001236537541958771,
    "(2.5, 1000)": 0.00010045045965567382,
    "(5, 1000)": 9.49996821562925e-05,
    "(1.1, 2000)": 0.00023245669448039325,
    "(1.5, 2000)": 0.00016551900715955345,
    "(2.5, 2000)": 0.00012603065368696107,
    "(5, 2000)": 0.00011609912379211632
}