{
    "(1.1, 50000)": 0.00020233888345598275,
    "(1.5, 50000)": 0.0001611849867942839,
    "(2.5, 50000)": 0.00011565990292335824
}