{
    "(1.1, 10)": 2.5246335665747986e-06,
    "(1.5, 10)": 2.097172272078059e-06,
    "(2.5, 10)": 1.8150350294679676e-06,
    "(5, 10)": 1.7519073127011584e-06,
    "(1.1, 100)": 2.3806401209244323e-05,
    "(1.5, 100)": 1.9122862213050517e-05,
    "(2.5, 100)": 1.6405280631760156e-05,
    "(5, 100)": 1.5809007588390925e-05,
    "(1.1, 500)": 9.973694732216225e-05,
    "(1.5, 500)": 7.794726528926445e-05,
    "(2.5, 500)": 6.531721599490694e-05,
    "(5, 500)": 6.245864946413697e-05,
    "(1.1, 1000)": 0.00016339327196587664,
    "(1.5, 1000)": 0.00012365375419587707,
    "(2.5, 1000)": 0.00010045045965567367,
    "(5, 1000)": 9.499968215629264e-05,
    "(1.1, 5000)": 0.00029246828531762206,
    "(1.5, 5000)": 0.0001817842517175669,
    "(2.5, 5000)": 0.00011708635575370081,
    "(5, 5000)": 9.80297509892764e-05,
    "(1.1, 10000)": 0.0003129915648557133,
    "(1.5, 10000)": 0.00017344224552982021,
    "(2.5, 10000)": 9.721077712139711e-05,
    "(5, 10000)": 7.144637157571553e-05
}