{
    "(1.1, 50000)": 0.0003540120879032544,
    "(1.5, 50000)": 0.0002341347652433442,
    "(2.5, 50000)": 0.00015091499999830312
}