{
    "(1.1, 50000)": 0.00035943479547701613,
    "(1.5, 50000)": 0.00023969851021630147,
    "(2.5, 50000)": 0.0001566779871528865
}