{
    "(1.2, 100000)": 0.00019949084781372496,
    "(1.8, 100000)": 9.561099054573605e-05,
    "(2.5, 100000)": 8.862042650260847e-05
}