{
    "(1.5, 10)": 0.00012625303828020707,
    "(2, 10)": 0.00011308287030160255,
    "(2.5, 10)": 0.00010806531156935424,
    "(1.5, 100)": 0.0007407532700941458,
    "(2, 100)": 0.0006272810866198525,
    "(2.5, 100)": 0.0005822961899113166,
    "(1.5, 500)": 0.001125600392036127,
    "(2, 500)": 0.0008588343609875584,
    "(2.5, 500)": 0.000748861701176552,
    "(1.5, 1000)": 0.0012340866182406459,
    "(2, 1000)": 0.0009111886269880076,
    "(2.5, 1000)": 0.0007817287452756941,
    "(1.5, 5000)": 0.0014052522005984546,
    "(2, 5000)": 0.000980460277994069,
    "(2.5, 5000)": 0.0008203443572194724,
    "(1.5, 10000)": 0.0014528292131605362,
    "(2, 10000)": 0.0009968649784923137,
    "(2.5, 10000)": 0.000828422387654338,
    "(1.5, 20000)": 0.0014875992751788513,
    "(2, 20000)": 0.0010084385651303253,
    "(2.5, 20000)": 0.0008337523003642414,
    "(1.5, 50000)": 0.0015152966705054202,
    "(2, 50000)": 0.001018625607143638,
    "(2.5, 50000)": 0.0008381224958662696
}