{
    "1.4": 0.002167601711035581,
    "1.9": 0.0035789080388701298,
    "2.5": 0.004861469926728765
}