{
    "1.4": 0.003358177851415575,
    "1.9": 0.00544029973882331,
    "2.5": 0.007283974795240872
}