{
    "1.4": {
        "0.0001": 0.0019126488264077169,
        "0.00011513953993264469": 0.0015016870871860297,
        "0.00013257113655901095": 0.0011790499912173978,
        "0.00015264179671752333": 0.0009256277048091851,
        "0.00017575106248547912": 0.0007266082267881255,
        "0.00020235896477251576": 0.0005703676897926978,
        "0.00023299518105153718": 0.0004477418382508473,
        "0.00026826957952797245": 0.00035152085958920957,
        "0.00030888435964774815": 0.0002760464762435379,
        "0.00035564803062231287": 0.000216879595038924,
        "0.00040949150623804275": 0.00017053642912503373,
        "0.00047148663634573947": 0.0001342833384755827,
        "0.0005428675439323859": 0.00010597640504491649,
        "0.0006250551925273976": 8.393529242978253e-05,
        "0.0007196856730011522": 6.684417614915703e-05,
        "0.0008286427728546842": 5.367402820815116e-05,
        "0.0009540954763499944": 4.362166191972557e-05,
        "0.0010985411419875584": 3.6061944229264295e-05,
        "0.0012648552168552957": 3.0510362409255076e-05,
        "0.0014563484775012444": 2.6593736731003665e-05,
        "0.0016768329368110084": 2.4027348355496012e-05,
        "0.0019306977288832496": 2.2597128082687354e-05,
        "0.0022229964825261957": 2.2145848668133062e-05,
        "0.002559547922699536": 2.2562498636624814e-05,
        "0.0029470517025518097": 2.3774202420263663e-05,
        "0.00339322177189533": 2.5740200686414482e-05,
        "0.003906939937054617": 2.844752380153705e-05,
        "0.004498432668969444": 3.1908086276687434e-05,
        "0.005179474679231213": 3.615700484242397e-05,
        "0.005963623316594642": 4.125200043531798e-05,
        "0.006866488450042998": 4.727378739849656e-05,
        "0.0079060432109077": 5.4327384808353154e-05,
        "0.009102981779915217": 6.25443100308977e-05,
        "0.010481131341546853": 7.20856409606906e-05,
        "0.012067926406393288": 8.314597083113078e-05,
        "0.013894954943731374": 9.595833839036554e-05,
        "0.015998587196060572": 0.00011080030402105804,
        "0.018420699693267165": 0.00012800146011781108,
        "0.021209508879201904": 0.0001479528062237192,
        "0.024420530945486497": 0.0001711185796965568,
        "0.028117686979742307": 0.00019805131499816425,
        "0.032374575428176434": 0.00022941113479989748,
        "0.03727593720314938": 0.0002659906060085809,
        "0.04291934260128778": 0.0003087469985179474,
        "0.04941713361323833": 0.00035884456037718127,
        "0.05689866029018293": 0.00041771060369042595,
        "0.0655128556859551": 0.00048711099499701573,
        "0.07543120063354615": 0.0005692534327329706,
        "0.08685113737513521": 0.0006669313253843087,
        "0.1": 0.0007837283218504249
    },
    "1.9": {
        "0.0001": 0.0024120899650889394,
        "0.00011513953993264469": 0.0019430290807437296,
        "0.00013257113655901095": 0.0015674904372013963,
        "0.00015264179671752333": 0.0012652658429519001,
        "0.00017575106248547912": 0.0010211395025134873,
        "0.00020235896477251576": 0.0008237935639122086,
        "0.00023299518105153718": 0.0006644719398497757,
        "0.00026826957952797245": 0.0005360474038718537,
        "0.00030888435964774815": 0.00043259929431579616,
        "0.00035564803062231287": 0.00034926608982579674,
        "0.00040949150623804275": 0.00028213122513668005,
        "0.00047148663634573947": 0.00022806381701570805,
        "0.0005428675439323859": 0.00018455147479828093,
        "0.0006250551925273976": 0.00014956773708763534,
        "0.0007196856730011522": 0.0001214774452268839,
        "0.0008286427728546842": 9.896416768981137e-05,
        "0.0009540954763499944": 8.096971699715264e-05,
        "0.0010985411419875584": 6.664416150780911e-05,
        "0.0012648552168552957": 5.530581185910412e-05,
        "0.0014563484775012444": 4.640929127265435e-05,
        "0.0016768329368110084": 3.9519844030245996e-05,
        "0.0019306977288832496": 3.429268278961478e-05,
        "0.0022229964825261957": 3.0456462260303767e-05,
        "0.002559547922699536": 2.7800095573524587e-05,
        "0.0029470517025518097": 2.6162283628141194e-05,
        "0.00339322177189533": 2.5423260083785587e-05,
        "0.003906939937054617": 2.5498354333156e-05,
        "0.004498432668969444": 2.6333057038520435e-05,
        "0.005179474679231213": 2.789934081217124e-05,
        "0.005963623316594642": 3.019304466574236e-05,
        "0.006866488450042998": 3.323217788772887e-05,
        "0.0079060432109077": 3.7056039230794203e-05,
        "0.009102981779915217": 4.172508264589553e-05,
        "0.010481131341546853": 4.732149307101434e-05,
        "0.012067926406393288": 5.3950466676812994e-05,
        "0.013894954943731374": 6.17422212449918e-05,
        "0.015998587196060572": 7.085479593903183e-05,
        "0.018420699693267165": 8.147773789115593e-05,
        "0.021209508879201904": 9.383681859712494e-05,
        "0.024420530945486497": 0.00010819997975759936,
        "0.028117686979742307": 0.00012488478089230136,
        "0.032374575428176434": 0.0001442677166777428,
        "0.03727593720314938": 0.000166795900356035,
        "0.04291934260128778": 0.00019300178508456937,
        "0.04941713361323833": 0.0002235218391441798,
        "0.05689866029018293": 0.0002591204360424812,
        "0.0655128556859551": 0.00030072071715489063,
        "0.07543120063354615": 0.00034944491210443194,
        "0.08685113737513521": 0.0004066676880377601,
        "0.1": 0.0004740877515550511
    },
    "2.5": {
        "0.0001": 0.0027118835850053315,
        "0.00011513953993264469": 0.002203157256895971,
        "0.00013257113655901095": 0.0017954118102777926,
        "0.00015264179671752333": 0.0014698771387533596,
        "0.00017575106248547912": 0.001208314485755937,
        "0.00020235896477251576": 0.0009954644849541792,
        "0.00023299518105153718": 0.0008200967003985991,
        "0.00026826957952797245": 0.0006746693290397191,
        "0.00030888435964774815": 0.0005541605746550635,
        "0.00035564803062231287": 0.00045482507719394683,
        "0.00040949150623804275": 0.0003733981677306013,
        "0.00047148663634573947": 0.0003068450933405936,
        "0.0005428675439323859": 0.0002524389226643534,
        "0.0006250551925273976": 0.00020789129599417937,
        "0.0007196856730011522": 0.00017138207587108964,
        "0.0008286427728546842": 0.00014148343201761523,
        "0.0009540954763499944": 0.00011704965190052421,
        "0.0010985411419875584": 9.71345506325962e-05,
        "0.0012648552168552957": 8.095050491120383e-05,
        "0.0014563484775012444": 6.784941871377633e-05,
        "0.0016768329368110084": 5.73051306689631e-05,
        "0.0019306977288832496": 4.8892406070682185e-05,
        "0.0022229964825261957": 4.2267366716781176e-05,
        "0.002559547922699536": 3.715281142888476e-05,
        "0.0029470517025518097": 3.332751710790082e-05,
        "0.00339322177189533": 3.061755484824353e-05,
        "0.003906939937054617": 2.8888955530775156e-05,
        "0.004498432668969444": 2.804182540992106e-05,
        "0.005179474679231213": 2.8005820614291533e-05,
        "0.005963623316594642": 2.8736701506892544e-05,
        "0.006866488450042998": 3.0213781443843706e-05,
        "0.0079060432109077": 3.2438179202079144e-05,
        "0.009102981779915217": 3.543179880694073e-05,
        "0.010481131341546853": 3.9236976349421757e-05,
        "0.012067926406393288": 4.3916763646021897e-05,
        "0.013894954943731374": 4.955584415076242e-05,
        "0.015998587196060572": 5.6262100457898216e-05,
        "0.018420699693267165": 6.416887982979519e-05,
        "0.021209508879201904": 7.343803479014107e-05,
        "0.024420530945486497": 8.426385195638776e-05,
        "0.028117686979742307": 9.687802692881754e-05,
        "0.032374575428176434": 0.0001115558998796532,
        "0.03727593720314938": 0.00012862424070515783,