{
    "1.4": {
        "0.0001": 0.0062803306465219364,
        "0.00021544346900318845": 0.00168443691861492,
        "0.00046415888336127773": 0.00045238389651534834,
        "0.001": 0.00012489076737863083,
        "0.002154434690031882": 4.407858942348087e-05,
        "0.004641588833612777": 3.7826027935522886e-05,
        "0.01": 6.946401536923319e-05,
        "0.021544346900318822": 0.00015037453245976654,
        "0.046415888336127774": 0.0003355871230298646,
        "0.1": 0.0007837283195689502
    },
    "1.9": {
        "0.0001": 0.006961070761937136,
        "0.00021544346900318845": 0.0021522225906754735,
        "0.00046415888336127773": 0.0006695982774380064,
        "0.001": 0.00021097093802467792,
        "0.002154434690031882": 7.305071283794266e-05,
        "0.004641588833612777": 3.948662381075005e-05,
        "0.01": 4.915350658251298e-05,
        "0.021544346900318822": 9.624725586767247e-05,
        "0.046415888336127774": 0.0002093791803954127,
        "0.1": 0.0004739055445325458
    },
    "2.5": {
        "0.0001": 0.007017148893276081,
        "0.00021544346900318845": 0.002430385535655393,
        "0.00046415888336127773": 0.0008254802526691115,
        "0.001": 0.0002846132441574641,
        "0.002154434690031882": 0.00010331749843605717,
        "0.004641588833612777": 4.836041338080207e-05,
        "0.01": 4.481333147049579e-05,
        "0.021544346900318822": 7.687177292349027e-05,
        "0.046415888336127774": 0.0001615561007734652,
        "0.1": 0.0003592806993816024
    }
}