{
    "(1.5, 10)": 0.00012625303828020732,
    "(2, 10)": 0.00011308287030160249,
    "(2.5, 10)": 0.00010806531156935455,
    "(1.5, 100)": 0.000740753270094146,
    "(2, 100)": 0.0006272810866198522,
    "(2.5, 100)": 0.0005822961899113148,
    "(1.5, 500)": 0.0011256003920361258,
    "(2, 500)": 0.0008588343609875601,
    "(2.5, 500)": 0.000748861701176552,
    "(1.5, 1000)": 0.0012340866182406467,
    "(2, 1000)": 0.0009111886269880088,
    "(2.5, 1000)": 0.0007817287452756943,
    "(1.5, 5000)": 0.0014052522005984498,
    "(2, 5000)": 0.000980460277994069,
    "(2.5, 5000)": 0.0008203443572194725,
    "(1.5, 10000)": 0.0014528292131605455,
    "(2, 10000)": 0.0009968649784923137,
    "(2.5, 10000)": 0.0008284223876543446,
    "(1.5, 20000)": 0.0014875992751788504,
    "(2, 20000)": 0.0010084385651303255,
    "(2.5, 20000)": 0.0008337523003642422,
    "(1.5, 50000)": 0.0015152966705054233,
    "(2, 50000)": 0.001018625607143637,
    "(2.5, 50000)": 0.0008381224958662698
}