{
    "(1.5, 10)": 0.0001262530382802072,
    "(2, 10)": 0.0001130828703016026,
    "(2.5, 10)": 0.00010806531156935434,
    "(1.5, 100)": 0.0007407532700941449,
    "(2, 100)": 0.0006272810866198533,
    "(2.5, 100)": 0.0005822961899113147,
    "(1.5, 500)": 0.0011256003920361254,
    "(2, 500)": 0.0008588343609875598,
    "(2.5, 500)": 0.0007488617011765526,
    "(1.5, 1000)": 0.001234086618240647,
    "(2, 1000)": 0.0009111886269880081,
    "(2.5, 1000)": 0.0007817287452756949,
    "(1.5, 5000)": 0.0014052522005984513,
    "(2, 5000)": 0.000980460277994069,
    "(2.5, 5000)": 0.0008203443572194725,
    "(1.5, 10000)": 0.001452829213160546,
    "(2, 10000)": 0.0009968649784923144,
    "(2.5, 10000)": 0.000828422387654338,
    "(1.5, 20000)": 0.0014875992751788444,
    "(2, 20000)": 0.0010084385651303262,
    "(2.5, 20000)": 0.0008337523003642422,
    "(1.5, 50000)": 0.0015152966705054133,
    "(2, 50000)": 0.0010186256071436383,
    "(2.5, 50000)": 0.0008381224958662693
}