{
    "(1.5, 10)": 0.0001262530382802071,
    "(2, 10)": 0.00011308287030160274,
    "(2.5, 10)": 0.00010806531156935444,
    "(1.5, 100)": 0.000740753270094145,
    "(2, 100)": 0.0006272810866198527,
    "(2.5, 100)": 0.0005822961899113149,
    "(1.5, 500)": 0.001125600392036126,
    "(2, 500)": 0.0008588343609875596,
    "(2.5, 500)": 0.0007488617011765523,
    "(1.5, 1000)": 0.001234086618240646,
    "(2, 1000)": 0.0009111886269880088,
    "(2.5, 1000)": 0.0007817287452756939,
    "(1.5, 5000)": 0.0014052522005984563,
    "(2, 5000)": 0.0009804602779940684,
    "(2.5, 5000)": 0.000820344357219473,
    "(1.5, 10000)": 0.0014528292131605464,
    "(2, 10000)": 0.0009968649784923142,
    "(2.5, 10000)": 0.0008284223876543386,
    "(1.5, 20000)": 0.0014875992751788494,
    "(2, 20000)": 0.0010084385651303257,
    "(2.5, 20000)": 0.0008337523003642426,
    "(1.5, 50000)": 0.0015152966705054228,
    "(2, 50000)": 0.0010186256071436392,
    "(2.5, 50000)": 0.0008381224958662698
}