{
    "(1.5, 10)": 0.0016526730529437986,
    "(2, 10)": 0.0010365575664438944,
    "(2.5, 10)": 0.0008440884124143034,
    "(1.5, 100)": 0.0016526730529437986,
    "(2, 100)": 0.0010365575664438944,
    "(2.5, 100)": 0.0008440884124143034,
    "(1.5, 500)": 0.0016526730529437986,
    "(2, 500)": 0.0010365575664438944,
    "(2.5, 500)": 0.0008440884124143034,
    "(1.5, 1000)": 0.0016526730529437986,
    "(2, 1000)": 0.0010365575664438944,
    "(2.5, 1000)": 0.0008440884124143034,
    "(1.5, 5000)": 0.0016526730529437986,
    "(2, 5000)": 0.0010365575664438944,
    "(2.5, 5000)": 0.0008440884124143034,
    "(1.5, 10000)": 0.0016526730529437986,
    "(2, 10000)": 0.0010365575664438944,
    "(2.5, 10000)": 0.0008440884124143034,
    "(1.5, 20000)": 0.0016526730529437986,
    "(2, 20000)": 0.0010365575664438944,
    "(2.5, 20000)": 0.0008440884124143034,
    "(1.5, 50000)": 0.0016526730529437986,
    "(2, 50000)": 0.0010365575664438944,
    "(2.5, 50000)": 0.0008440884124143034
}